id,image,centers
00348cfbe01d3ac3964d2900,frames/00348cfbe01d3ac3964d2900.png,"[[0.742703,0.634804],[0.484517,0.3706],[0.490815,0.478073],[0.725073,0.457921],[0.745224,0.578829],[0.376205,0.453444],[0.757818,0.388512],[0.604167,0.84751],[0.437918,0.887813],[0.660839,0.585545]]"
00359f990ee8476fecc92574,frames/00359f990ee8476fecc92574.png,"[[0.51205,0.727899],[0.558687,0.638611],[0.2977,0.928796],[0.182005,0.362778],[0.664516,0.761382],[0.658238,0.064621],[0.36048,0.758193],[0.660032,0.660933],[0.583798,0.270301],[0.629538,0.542947],[0.490525,0.372343],[0.613395,0.310161],[0.500391,0.643394],[0.453754,0.468008],[0.414292,0.45366],[0.40353,0.394665],[0.08335,0.888936],[0.494113,0.321322]]"
004f1f9920686f8fbae3b1f4,frames/004f1f9920686f8fbae3b1f4.png,"[[0.699494,0.208118],[0.605323,0.086943],[0.181108,0.361183],[0.363171,0.361183],[0.921016,0.365967],[0.194561,0.841103],[0.479762,0.680067],[0.894109,0.71355],[0.257341,0.807621],[0.551512,0.329294],[0.652857,0.431338],[0.031332,0.632235],[0.337162,0.294217],[0.598148,0.434526],[0.138955,0.785299],[0.775727,0.522219],[0.609342,0.535253],[0.51983,0.540075],[0.550571,0.498283],[0.44388,0.601157],[0.318202,0.397018],[0.452018,0.126975],[0.073175,0.183234],[0.799942,0.10767],[0.431332,0.361183],[0.609808,0.25914],[0.415189,0.893719]]"
006ad4343b4553296a4bcbb1,frames/006ad4343b4553296a4bcbb1.png,"[[0.695009,0.21609],[0.62057,0.102887],[0.173037,0.36756],[0.370346,0.389882],[0.888734,0.377126],[0.165862,0.849075],[0.490525,0.644989],[0.891422,0.710361],[0.271691,0.769354],[0.545234,0.332483],[0.648373,0.450471],[0.029539,0.640206],[0.316534,0.295811],[0.588283,0.416988],[0.138059,0.799649],[0.764965,0.483953],[0.602109,0.536861],[0.489993,0.540075],[0.559613,0.487032],[0.43936,0.605979],[0.310065,0.379336],[0.463772,0.115724],[0.086738,0.141442],[0.830438,0.115642],[0.427745,0.354806],[0.593664,0.270301],[0.408911,0.912851]]"
00ac3381f20c7624ababbca7,frames/00ac3381f20c7624ababbca7.png,"[[0.507188,0.863183],[0.673432,0.80273],[0.352276,0.285518],[0.337162,0.587784],[0.599125,0.187001],[0.720031,0.265367],[0.720031,0.4624],[0.568901,0.099679],[0.309454,0.498224],[0.585271,0.831837]]"
00ac851ae40a685cecf538be,frames/00ac851ae40a685cecf538be.png,"[[0.416983,0.592374],[0.361377,0.866614],[0.431332,0.914446],[0.636713,0.25914],[0.467207,0.57324],[0.2977,0.888936],[0.54344,0.892125],[0.182902,0.361183],[0.597252,0.6992],[0.799942,0.271896],[0.541646,0.896908],[0.506669,0.654556],[0.540749,0.509464],[0.539852,0.294217],[0.452857,0.479169],[0.523709,0.372343],[0.559584,0.219279],[0.636713,0.57324],[0.399045,0.531786],[0.43492,0.326106],[0.457341,0.394665]]"
00ce6c676839405f9339c414,frames/00ce6c676839405f9339c414.png,"[[0.674693,0.697496],[0.483258,0.368361],[0.493333,0.480312],[0.402653,0.267606],[0.749,0.581068],[0.289303,0.478073],[0.333384,0.245215],[0.604167,0.84751],[0.379983,0.146699],[0.66462,0.587784]]"
00d33192e1dbf38734cea466,frames/00d33192e1dbf38734cea466.png,"[[0.703978,0.292622],[0.661826,0.192174],[0.181108,0.365967],[0.355099,0.442499],[0.86093,0.431338],[0.314741,0.801243],[0.489628,0.617885],[0.815188,0.576429],[0.324606,0.667311],[0.489628,0.361183],[0.629538,0.475981],[0.029539,0.756599],[0.271691,0.265518],[0.590077,0.350022],[0.077969,0.844292],[0.654651,0.420176],[0.546051,0.517572],[0.446593,0.596335],[0.544242,0.461314],[0.423085,0.66706],[0.299215,0.385765],[0.481855,0.110901],[0.181674,0.048213],[0.907562,0.048677]]"
00d734e1bc9c3960e095298b,frames/00d734e1bc9c3960e095298b.png,"[[0.025,0.750221],[0.196355,0.603535],[0.252857,0.579618],[0.597252,0.109264],[0.235816,0.721522],[0.568552,0.680067],[0.583798,0.044444],[0.638507,0.220874],[0.72909,0.676878],[0.560517,0.234671],[0.830859,0.231456],[0.77214,0.447282],[0.793791,0.101257],[0.6654,0.366476],[0.411602,0.3277],[0.652857,0.466414],[0.596684,0.242708],[0.284247,0.082159],[0.569449,0.397854],[0.430435,0.479169],[0.381108,0.90169],[0.440301,0.338861],[0.311153,0.909662],[0.395458,0.823564],[0.531416,0.658168],[0.571884,0.514283],[0.416308,0.728512],[0.667207,0.872397],[0.399222,0.599015],[0.490049,0.75569],[0.570984,0.354411]]"
00e48d718cf1dbda2414db7a,frames/00e48d718cf1dbda2414db7a.png,"[[0.032229,0.705578],[0.269001,0.598751],[0.490525,0.955556],[0.581108,0.283056],[0.684247,0.110859],[0.728193,0.676878],[0.625616,0.258782],[0.849852,0.260389],[0.773037,0.447282],[0.755816,0.078753],[0.679866,0.334329],[0.68335,0.208118],[0.58945,0.2411],[0.119225,0.118831],[0.326399,0.735871],[0.408911,0.6705],[0.669905,0.632589],[0.481955,0.691742],[0.549402,0.274475],[0.277072,0.688039],[0.485144,0.270301],[0.549718,0.399449],[0.355099,0.955556],[0.605323,0.43931],[0.470795,0.420176],[0.555996,0.380315],[0.550615,0.637017],[0.471691,0.627451],[0.563171,0.609912],[0.399045,0.468008],[0.46362,0.332483],[0.364068,0.595562],[0.517431,0.632235],[0.432229,0.420176],[0.538059,0.420176],[0.415189,0.751815],[0.467207,0.383504]]"
00fb231aafb63342b4f5ef22,frames/00fb231aafb63342b4f5ef22.png,"[[0.66462,0.708692],[0.480739,0.3706],[0.492074,0.482551],[0.578974,0.267606],[0.721292,0.630326],[0.388799,0.782579],[0.286784,0.66615],[0.602906,0.858706],[0.374945,0.187001],[0.662099,0.601219]]"
0120de735f8c10f2d9b7993b,frames/0120de735f8c10f2d9b7993b.png,"[[0.140749,0.480764],[0.235816,0.174636],[0.66631,0.044444],[0.626848,0.858642],[0.573037,0.718333],[0.764068,0.434526],[0.11205,0.955556],[0.668104,0.126803],[0.295009,0.359589],[0.536265,0.044444],[0.76048,0.278274],[0.435816,0.635422],[0.590077,0.160286],[0.825055,0.214496],[0.170346,0.142747],[0.736265,0.225657],[0.810703,0.589185],[0.669001,0.928796]]"
012de59441c6b46f6c73a64a,frames/012de59441c6b46f6c73a64a.png,"[[0.291422,0.644989],[0.571243,0.372343],[0.508463,0.125209],[0.728193,0.676878],[0.73502,0.424343],[0.85075,0.282893],[0.764965,0.45366],[0.758528,0.061072],[0.636466,0.292538],[0.751512,0.086943],[0.361377,0.149125],[0.356893,0.786893],[0.65102,0.520678],[0.624041,0.728512],[0.37214,0.633829],[0.378417,0.769354],[0.428641,0.314944],[0.672588,0.247979],[0.494113,0.657744],[0.444785,0.857047],[0.272588,0.514247],[0.399045,0.924012],[0.573934,0.303783],[0.472588,0.761382],[0.481556,0.428149],[0.405323,0.710361],[0.396355,0.818781],[0.369449,0.534975],[0.45196,0.287839],[0.444785,0.680067],[0.399942,0.401043],[0.426702,0.737785],[0.452923,0.610801],[0.495418,0.888881],[0.467389,0.943532],[0.754007,0.929065],[0.452018,0.393803],[0.518926,0.955556],[0.427605,0.955556]]"
015207a2e02105dc21714c8d,frames/015207a2e02105dc21714c8d.png,"[[0.037913,0.424343],[0.080409,0.578653],[0.168112,0.488639],[0.093971,0.867983],[0.258528,0.255567],[0.271186,0.339151],[0.273898,0.496676],[0.216937,0.615624],[0.327245,0.458099],[0.297407,0.393803],[0.355099,0.3277],[0.313682,0.422736],[0.394152,0.483817],[0.321019,0.557296],[0.314741,0.625857],[0.486041,0.523814],[0.411602,0.694417],[0.553305,0.590779],[0.569449,0.458442],[0.610246,0.610801],[0.629234,0.472565],[0.607117,0.635422],[0.582902,0.73906],[0.687099,0.742607],[0.674382,0.517436],[0.691422,0.386693],[0.870797,0.595562],[0.937555,0.368085],[0.958687,0.522219],[0.896805,0.412204]]"
015d384ff8e348d8cc96abee,frames/015d384ff8e348d8cc96abee.png,"[[0.489628,0.885747],[0.770346,0.908068],[0.975,0.606724],[0.597252,0.458442],[0.903977,0.6705],[0.960477,0.483953],[0.808914,0.299],[0.446579,0.345239],[0.025,0.495114],[0.242991,0.743843],[0.84568,0.621074],[0.590077,0.203335],[0.025,0.761382],[0.318328,0.153908],[0.472588,0.267112],[0.690525,0.098103],[0.442991,0.491925]]"
01687eed1bd3d477f2e446db,frames/01687eed1bd3d477f2e446db.png,"[[0.358687,0.735871],[0.434023,0.295811],[0.729987,0.673689],[0.744966,0.421128],[0.801023,0.237886],[0.771243,0.464819],[0.779323,0.053035],[0.565942,0.051428],[0.852859,0.091726],[0.242991,0.232035],[0.622243,0.509488],[0.368552,0.416988],[0.379314,0.322917],[0.210705,0.461631],[0.115638,0.606724],[0.306669,0.442499],[0.405906,0.700815],[0.624712,0.369692],[0.851656,0.715282],[0.146412,0.937101],[0.354369,0.540075],[0.534297,0.435594],[0.622,0.371299],[0.573176,0.376121],[0.425798,0.712067],[0.424158,0.466414],[0.422364,0.544542],[0.444785,0.673689],[0.861828,0.955556],[0.460929,0.405826],[0.460032,0.777326],[0.474382,0.348428],[0.575727,0.565268],[0.405323,0.397854],[0.387386,0.624262],[0.571243,0.044444],[0.479762,0.501492],[0.425055,0.334078],[0.475279,0.412204]]"
01f1bef0aff22afe3dcebbfe,frames/01f1bef0aff22afe3dcebbfe.png,"[[0.595349,0.630326],[0.480739,0.372839],[0.495853,0.473594],[0.573938,0.276561],[0.648245,0.737798],[0.353535,0.778101],[0.572677,0.717647],[0.538673,0.80273],[0.36487,0.887813],[0.650766,0.670628]]"
0209ccb52fbbf573e688bf1c,frames/0209ccb52fbbf573e688bf1c.png,"[[0.66362,0.57324],[0.856445,0.716739],[0.460032,0.774138],[0.716534,0.534975],[0.551512,0.72471],[0.43761,0.283056],[0.280659,0.506275],[0.469001,0.466414],[0.459135,0.681661],[0.782902,0.276679],[0.267207,0.644989],[0.805323,0.60194],[0.058238,0.802838],[0.422364,0.542947]]"
0252fd22b37f1785d202b30f,frames/0252fd22b37f1785d202b30f.png,"[[0.17483,0.362778],[0.299494,0.678472],[0.279762,0.839508],[0.605323,0.337267],[0.672588,0.262329],[0.031332,0.554107],[0.703978,0.6992],[0.540749,0.562079],[0.788366,0.605979],[0.624712,0.416307],[0.409523,0.723318],[0.49813,0.398625],[0.468293,0.104472],[0.704875,0.173041],[0.246579,0.420176],[0.624158,0.153908],[0.375727,0.79646],[0.40353,0.158691],[0.20353,0.716739],[0.382005,0.434526],[0.478866,0.354806],[0.025,0.42496],[0.517431,0.110859]]"
02a97641307d7f39460bcf66,frames/02a97641307d7f39460bcf66.png,"[[0.578974,0.650477],[0.481998,0.366122],[0.498371,0.478073],[0.573938,0.276561],[0.660839,0.722125],[0.306935,0.737798],[0.605422,0.80273],[0.542452,0.867661],[0.3422,0.843032],[0.663359,0.652716]]"
02aa57422ad5436904101783,frames/02aa57422ad5436904101783.png,"[[0.790173,0.77154],[0.199942,0.955556],[0.042095,0.654556],[0.190973,0.609912],[0.084247,0.71355],[0.866312,0.603535],[0.14613,0.72471],[0.697045,0.475779],[0.617479,0.464528],[0.112947,0.469603],[0.565862,0.710361],[0.958687,0.657744],[0.785592,0.617885],[0.65196,0.509464],[0.481556,0.555701],[0.158687,0.565268],[0.944336,0.378721],[0.478866,0.219279],[0.493216,0.420176],[0.523709,0.522219],[0.711153,0.648178],[0.582005,0.589185],[0.590973,0.461631],[0.511153,0.295811],[0.641198,0.359589],[0.458238,0.60194],[0.454651,0.321322],[0.366759,0.495114],[0.54613,0.716739],[0.31205,0.329294],[0.677969,0.517436],[0.408911,0.667311],[0.784695,0.683256],[0.751512,0.378721],[0.025,0.195362],[0.867203,0.665717],[0.164965,0.361183],[0.142543,0.627451],[0.857344,0.428149],[0.056444,0.380315],[0.088731,0.555701],[0.046051,0.276462]]"
02d5d146c9f0caabff6851df,frames/02d5d146c9f0caabff6851df.png,"[[0.73178,0.955556],[0.567655,0.475981],[0.893219,0.680067],[0.782902,0.613101],[0.786489,0.468008],[0.503081,0.423365],[0.045682,0.750221],[0.811602,0.900097],[0.609808,0.322917],[0.428641,0.232035],[0.477969,0.292622],[0.696803,0.117237],[0.452857,0.480764],[0.903977,0.455254],[0.332677,0.058243],[0.025,0.475981]]"
03184d4b36abf046da01bfe2,frames/03184d4b36abf046da01bfe2.png,"[[0.228641,0.885747],[0.480659,0.294217],[0.744337,0.614696],[0.490525,0.394665],[0.284247,0.908068],[0.621467,0.416988],[0.453754,0.475981],[0.303978,0.802838],[0.464516,0.595562],[0.321019,0.637017],[0.169449,0.372343],[0.549718,0.365967],[0.517431,0.501492],[0.318328,0.627451],[0.594561,0.27349],[0.427745,0.329294]]"
03490689db9456b6ff5b1556,frames/03490689db9456b6ff5b1556.png,"[[0.667135,0.706453],[0.481998,0.368361],[0.492074,0.478073],[0.533636,0.207152],[0.751521,0.57659],[0.299379,0.641521],[0.295601,0.397469],[0.605422,0.843032],[0.431621,0.124308],[0.665875,0.587784]]"
034e9aabb09a9072e6cde6c1,frames/034e9aabb09a9072e6cde6c1.png,"[[0.447339,0.620027],[0.494748,0.839554],[0.695411,0.751351],[0.488132,0.282896],[0.541054,0.555344],[0.61424,0.426576],[0.692328,0.581068],[0.631875,0.110874],[0.717516,0.417619],[0.756557,0.43777]]"
036fb1ac10133f32df4bf129,frames/036fb1ac10133f32df4bf129.png,"[[0.582005,0.487142],[0.866312,0.710361],[0.661826,0.667311],[0.792767,0.456847],[0.536265,0.456847],[0.700391,0.893719],[0.580211,0.386693],[0.342543,0.421771],[0.511153,0.354806],[0.696803,0.129992],[0.458238,0.520625],[0.839406,0.412204],[0.260929,0.063026],[0.025,0.554107],[0.958687,0.528597]]"
037d3ad9edad7f74ef2fb31b,frames/037d3ad9edad7f74ef2fb31b.png,"[[0.47696,0.601219],[0.481998,0.372839],[0.492074,0.527331],[0.600385,0.258649],[0.663359,0.887813],[0.659578,0.146699],[0.693583,0.249694],[0.623057,0.388512],[0.751521,0.746755],[0.68351,0.813925]]"
0395858c5d9f0dff4c23d408,frames/0395858c5d9f0dff4c23d408.png,"[[0.693216,0.217685],[0.611602,0.091726],[0.180211,0.361183],[0.365862,0.377126],[0.900391,0.365967],[0.175727,0.852264],[0.486937,0.662528],[0.89232,0.710361],[0.26631,0.786893],[0.547027,0.332483],[0.64927,0.445687],[0.030435,0.638611],[0.329987,0.287839],[0.599045,0.42496],[0.141646,0.799649],[0.773934,0.501492],[0.60663,0.532039],[0.493609,0.540075],[0.558709,0.491854],[0.445689,0.599549],[0.311873,0.397018],[0.461059,0.118938],[0.077696,0.149479],[0.816086,0.117237],[0.427745,0.3564],[0.598148,0.263924],[0.412498,0.900097]]"
03ada22cbc492579275dd2e3,frames/03ada22cbc492579275dd2e3.png,"[[0.899492,0.204929],[0.866312,0.60194],[0.245682,0.584401],[0.660929,0.657744],[0.800839,0.61629],[0.975,0.542947],[0.334471,0.566862],[0.842094,0.114048],[0.706669,0.716739],[0.77752,0.678472],[0.089628,0.694417],[0.321019,0.495114],[0.152409,0.678472],[0.422364,0.428149],[0.595458,0.420176],[0.608911,0.750221],[0.450166,0.187392],[0.480659,0.469603],[0.518328,0.565268],[0.455634,0.503106],[0.481556,0.667311],[0.590973,0.632235],[0.730884,0.955556],[0.365862,0.624262],[0.653754,0.550918],[0.378417,0.525408],[0.73178,0.450471],[0.354202,0.3277],[0.518328,0.495114],[0.424158,0.539758],[0.383798,0.361183],[0.321916,0.380315],[0.305772,0.45366],[0.822367,0.72471],[0.858234,0.622668],[0.094113,0.576429],[0.84568,0.576429],[0.882453,0.512653],[0.924609,0.514247],[0.034023,0.528597],[0.962273,0.461631]]"
0408849e1bbbd23e52406d14,frames/0408849e1bbbd23e52406d14.png,"[[0.440301,0.605129],[0.295009,0.617885],[0.970344,0.479169],[0.755996,0.225657],[0.324606,0.091726],[0.476175,0.055054],[0.590973,0.091726],[0.031332,0.36756],[0.130884,0.955556],[0.086041,0.517436],[0.190973,0.506275],[0.181108,0.57324],[0.597252,0.780515],[0.063619,0.762976]]"
04133f73d4f2fc06e5b49e77,frames/04133f73d4f2fc06e5b49e77.png,"[[0.243888,0.806026],[0.44927,0.75341],[0.498597,0.314944],[0.39187,0.860236],[0.619673,0.399449],[0.464516,0.506275],[0.305772,0.818781],[0.416086,0.554107],[0.385592,0.745437],[0.181108,0.362778],[0.532677,0.461631],[0.632229,0.565268],[0.386489,0.750221],[0.643888,0.466414],[0.470795,0.420176],[0.498597,0.361183],[0.451063,0.354806],[0.57752,0.254357]]"
044e0e95dbda508722eb285e,frames/044e0e95dbda508722eb285e.png,"[[0.385021,0.104157],[0.398875,0.681823],[0.425323,0.80273],[0.459329,0.726604],[0.512225,0.357166],[0.635651,0.180284],[0.660839,0.822881],[0.670917,0.731081],[0.769151,0.513897],[0.781745,0.397469]]"
045aeb80cf4d8ef88e76e3dc,frames/045aeb80cf4d8ef88e76e3dc.png,"[[0.511286,0.870915],[0.64249,0.853274],[0.557594,0.898356],[0.590667,0.574945],[0.461672,0.563185],[0.473182,0.207152],[0.658323,0.466878],[0.81449,0.417619],[0.733885,0.426576],[0.765375,0.446727]]"
04664e307b2556b9ac5eadfb,frames/04664e307b2556b9ac5eadfb.png,"[[0.276175,0.629046],[0.541646,0.276679],[0.434023,0.198551],[0.728193,0.676878],[0.744966,0.424343],[0.852562,0.258782],[0.765862,0.45366],[0.775707,0.044998],[0.515309,0.13662],[0.769449,0.069404],[0.396355,0.147531],[0.458238,0.922418],[0.61325,0.450335],[0.299494,0.399449],[0.408014,0.303783],[0.255548,0.483953],[0.274382,0.727899],[0.303081,0.57324],[0.345234,0.405826],[0.474622,0.408269],[0.440264,0.443632],[0.571367,0.413092],[0.474622,0.787614],[0.571367,0.385765],[0.402289,0.464528],[0.393248,0.35844],[0.537009,0.454883],[0.536105,0.3279],[0.911328,0.802081],[0.376973,0.422736],[0.571367,0.684742],[0.444785,0.385765],[0.478239,0.487032],[0.043338,0.937101],[0.634659,0.912992],[0.559613,0.393803],[0.587642,0.35844],[0.53068,0.331114]]"
047618c00bce9d3fc7368c21,frames/047618c00bce9d3fc7368c21.png,"[[0.587792,0.637043],[0.481998,0.3706],[0.497112,0.480312],[0.573938,0.28104],[0.655802,0.722125],[0.337162,0.75795],[0.581495,0.742277],[0.543711,0.811686],[0.352276,0.867661],[0.655802,0.657194]]"
04b4ff13aac2951b154d1272,frames/04b4ff13aac2951b154d1272.png,"[[0.746484,0.641521],[0.480739,0.372839],[0.488296,0.478073],[0.759078,0.442248],[0.75026,0.578829],[0.343459,0.377318],[0.351016,0.276561],[0.605422,0.851988],[0.294341,0.307907],[0.662099,0.592263]]"
04fe468d1d339db950de34cb,frames/04fe468d1d339db950de34cb.png,"[[0.419673,0.58759],[0.348821,0.860236],[0.434023,0.909662],[0.640301,0.265518],[0.468104,0.568457],[0.298597,0.887342],[0.538955,0.874586],[0.179314,0.362778],[0.599942,0.71355],[0.805323,0.283056],[0.540749,0.868208],[0.522812,0.629046],[0.540749,0.506275],[0.538059,0.294217],[0.440301,0.464819],[0.529987,0.372343],[0.56048,0.21609],[0.641198,0.592374],[0.397252,0.520625],[0.436713,0.316539],[0.457341,0.397854]]"
0508be1bf8b9ce14758a550b,frames/0508be1bf8b9ce14758a550b.png,"[[0.327086,0.55196],[0.553786,0.867661],[0.397616,0.332537],[0.663359,0.307907],[0.718776,0.661672],[0.635651,0.124308],[0.674693,0.090723],[0.567641,0.180284],[0.652026,0.417619],[0.391318,0.500463]]"
0509f9651b5811e6af398a10,frames/0509f9651b5811e6af398a10.png,"[[0.095906,0.416988],[0.207117,0.198551],[0.664516,0.044444],[0.62057,0.868208],[0.598148,0.764571],[0.73178,0.488736],[0.104875,0.951118],[0.658238,0.125209],[0.299494,0.383504],[0.532677,0.044444],[0.745234,0.278274],[0.412498,0.662528],[0.60622,0.185797],[0.834922,0.225657],[0.159584,0.181013],[0.816086,0.605129],[0.68335,0.90169],[0.709359,0.128398],[0.895008,0.044444]]"
052a1400f725fde3b569d8ae,frames/052a1400f725fde3b569d8ae.png,"[[0.587386,0.472792],[0.855547,0.735871],[0.521916,0.794865],[0.8125,0.479169],[0.509359,0.520625],[0.541646,0.365967],[0.351512,0.517436],[0.477072,0.416988],[0.704875,0.125209],[0.453754,0.646583],[0.795458,0.359589],[0.227745,0.292622],[0.847477,0.562079],[0.053754,0.761382]]"
055a757bd7fcb4310001bebd,frames/055a757bd7fcb4310001bebd.png,"[[0.746484,0.639281],[0.481998,0.368361],[0.490815,0.473594],[0.75026,0.410903],[0.746484,0.57659],[0.347238,0.368361],[0.356054,0.287756],[0.606682,0.851988],[0.291822,0.316864],[0.663359,0.592263]]"
057b38d06d2d4658b1747d85,frames/057b38d06d2d4658b1747d85.png,"[[0.444031,0.623947],[0.550979,0.812113],[0.601693,0.876795],[0.453954,0.480862],[0.668948,0.38678],[0.468145,0.368361],[0.670917,0.583306],[0.697365,0.106396],[0.721292,0.410903],[0.756557,0.446727]]"
0588977baa40112839edb303,frames/0588977baa40112839edb303.png,"[[0.272588,0.667311],[0.390973,0.790082],[0.485144,0.877775],[0.642095,0.383504],[0.465413,0.590779],[0.303978,0.885747],[0.384695,0.405826],[0.477969,0.6705],[0.179314,0.361183],[0.541646,0.584401],[0.755996,0.412204],[0.474382,0.672094],[0.592767,0.495114],[0.486041,0.416988],[0.538059,0.316539],[0.453754,0.361183],[0.576623,0.299],[0.550615,0.181013],[0.64927,0.774138]]"
05bb0719e0452201bda345c3,frames/05bb0719e0452201bda345c3.png,"[[0.034023,0.721522],[0.250166,0.644989],[0.382005,0.788488],[0.613395,0.166664],[0.262723,0.955556],[0.648373,0.166664],[0.728193,0.676878],[0.609342,0.236278],[0.858891,0.247531],[0.773037,0.450471],[0.759432,0.085183],[0.660879,0.406663],[0.616086,0.372343],[0.61115,0.261996],[0.17214,0.128398],[0.341646,0.595562],[0.436713,0.475981],[0.668106,0.637385],[0.220265,0.594219],[0.577279,0.240903],[0.138955,0.772543],[0.486041,0.251168],[0.464516,0.900097],[0.556893,0.657744],[0.396355,0.490331],[0.552409,0.589185],[0.409808,0.649772],[0.455548,0.609912],[0.55779,0.316539],[0.485144,0.743843],[0.551512,0.370749],[0.545234,0.509464],[0.394561,0.299],[0.565862,0.431338],[0.506669,0.456847],[0.486041,0.365967],[0.465413,0.955556]]"
05c2110f1f7004deafe7a212,frames/05c2110f1f7004deafe7a212.png,"[[0.736406,0.628087],[0.47948,0.368361],[0.489555,0.471356],[0.725073,0.457921],[0.742703,0.587784],[0.391318,0.453444],[0.790562,0.4624],[0.59787,0.843032],[0.539933,0.907964],[0.662099,0.587784]]"
05d1625ac261b6dbc2e0a6ff,frames/05d1625ac261b6dbc2e0a6ff.png,"[[0.742703,0.639281],[0.47948,0.368361],[0.488296,0.478073],[0.769151,0.446727],[0.75026,0.57659],[0.347238,0.366122],[0.353535,0.287756],[0.605422,0.843032],[0.303157,0.269844],[0.665875,0.605696]]"
05d7ae074c87a09c9adeaf3f,frames/05d7ae074c87a09c9adeaf3f.png,"[[0.335903,0.549721],[0.469404,0.831837],[0.407691,0.301191],[0.686031,0.25641],[0.672177,0.64376],[0.662099,0.195957],[0.662099,0.048182],[0.570161,0.198196],[0.643208,0.448966],[0.339681,0.446727]]"
05dff96dfca424ecc9c43983,frames/05dff96dfca424ecc9c43983.png,"[[0.201736,0.480764],[0.173037,0.672094],[0.20622,0.57324],[0.629538,0.498303],[0.26631,0.79646],[0.547027,0.501492],[0.135368,0.955556],[0.587386,0.334078],[0.610705,0.432932],[0.501288,0.401043],[0.065413,0.110859],[0.304875,0.71355],[0.225055,0.908068],[0.422364,0.952712],[0.442991,0.316539]]"
05fa34b8d3d0b503baf37af5,frames/05fa34b8d3d0b503baf37af5.png,"[[0.364965,0.813997],[0.425055,0.350022],[0.730884,0.676878],[0.743157,0.424343],[0.765762,0.2411],[0.769449,0.464819],[0.783845,0.044444],[0.517117,0.05625],[0.900391,0.063026],[0.216086,0.066215],[0.712171,0.699735],[0.470795,0.727899],[0.345234,0.600346],[0.151512,0.820375],[0.214292,0.581212],[0.271691,0.399449],[0.579505,0.31504],[0.830859,0.731356],[0.286557,0.88245],[0.573176,0.305396],[0.558709,0.487032],[0.858234,0.955556],[0.395458,0.281461],[0.460032,0.343644],[0.517431,0.044444],[0.246579,0.955556],[0.398148,0.389882],[0.511153,0.791676],[0.36048,0.629046],[0.284247,0.578024],[0.522812,0.57324],[0.320011,0.596335],[0.397769,0.279678],[0.442977,0.535253],[0.59578,0.824585],[0.394152,0.66706],[0.497226,0.517572],[0.480047,0.229849],[0.555092,0.435594],[0.594875,0.353618],[0.547859,0.355225]]"
06279f73f78744c412f10d4b,frames/06279f73f78744c412f10d4b.png,"[[0.442956,0.321342],[0.481998,0.368361],[0.492074,0.518375],[0.59787,0.25641],[0.650766,0.883334],[0.675953,0.341493],[0.722552,0.413142],[0.634391,0.397469],[0.692328,0.583306],[0.654542,0.807208]]"
063c34e5579575d35740ab90,frames/063c34e5579575d35740ab90.png,"[[0.04927,0.562079],[0.076175,0.442499],[0.069,0.750221],[0.08066,0.833131],[0.176623,0.755004],[0.153305,0.855453],[0.057341,0.955556],[0.121019,0.955556],[0.126399,0.181013],[0.178417,0.044444],[0.276175,0.139558],[0.301288,0.265518],[0.187386,0.506275],[0.253754,0.65615],[0.247476,0.807621],[0.416983,0.533381],[0.52909,0.847481],[0.575727,0.447282],[0.610705,0.625857],[0.660032,0.531786],[0.709359,0.807621],[0.741646,0.57324],[0.595458,0.149125],[0.724606,0.36756],[0.763171,0.064621],[0.779314,0.361183],[0.798148,0.423365],[0.759584,0.214496],[0.855547,0.43931],[0.690525,0.128398],[0.030435,0.676878]]"
06763dad34016ba0a903f038,frames/06763dad34016ba0a903f038.png,"[[0.03068,0.421128],[0.080409,0.575439],[0.192524,0.485424],[0.085834,0.880843],[0.262145,0.260389],[0.282036,0.337544],[0.280228,0.491854],[0.206087,0.626875],[0.341711,0.466136],[0.308257,0.40184],[0.363171,0.340456],[0.301023,0.433988],[0.414948,0.483817],[0.323709,0.589185],[0.298597,0.667311],[0.516534,0.520625],[0.426848,0.691228],[0.567655,0.606724],[0.590077,0.431338],[0.626521,0.604371],[0.645508,0.453276],[0.618777,0.629046],[0.578417,0.750221],[0.70247,0.742607],[0.682453,0.528597],[0.679762,0.377126],[0.874383,0.593968],[0.946594,0.384158],[0.975,0.522219],[0.881555,0.405826]]"
0682330817d8b671dca53c64,frames/0682330817d8b671dca53c64.png,"[[0.077969,0.160286],[0.634023,0.044444],[0.385592,0.844292],[0.532677,0.735871],[0.792767,0.624262],[0.035817,0.503086],[0.824156,0.546135],[0.522812,0.329294],[0.885141,0.646583],[0.481556,0.868208],[0.91743,0.332483],[0.958687,0.295811],[0.908461,0.195362],[0.375727,0.247979],[0.201736,0.361183],[0.194561,0.955556],[0.776623,0.27349],[0.54613,0.163475],[0.21788,0.232035],[0.232229,0.048677],[0.368552,0.373938],[0.498597,0.044444]]"
06842e8f0780ebbde5a21e45,frames/06842e8f0780ebbde5a21e45.png,"[[0.736406,0.637043],[0.481998,0.377318],[0.488296,0.478073],[0.720031,0.453444],[0.740182,0.587784],[0.392578,0.466878],[0.781745,0.478073],[0.599125,0.843032],[0.527339,0.883334],[0.662099,0.590023]]"
0686513e6a89598ce167888d,frames/0686513e6a89598ce167888d.png,"[[0.536155,0.144459],[0.555047,0.502702],[0.475701,0.195957],[0.388799,0.218347],[0.36361,0.247455],[0.572677,0.265367],[0.56512,0.191479],[0.561344,0.410903],[0.526079,0.854227],[0.509706,0.247455]]"
06ca76ddd309df5123e00660,frames/06ca76ddd309df5123e00660.png,"[[0.901289,0.517436],[0.865414,0.60194],[0.025,0.75341],[0.816391,0.228242],[0.495906,0.609912],[0.938953,0.483953],[0.241198,0.487142],[0.430435,0.598751],[0.541646,0.562079],[0.678866,0.442499],[0.738955,0.637017],[0.874383,0.593968],[0.458238,0.512653],[0.303978,0.622668],[0.828641,0.265518],[0.638507,0.780515],[0.259135,0.41061],[0.490525,0.676878],[0.794561,0.562079],[0.498597,0.539758],[0.545234,0.362778],[0.665413,0.665717],[0.602633,0.600346],[0.542543,0.421771],[0.087835,0.442499],[0.742543,0.788488],[0.514741,0.321322],[0.226848,0.490331],[0.738059,0.531786],[0.21788,0.434526],[0.460929,0.479169],[0.126521,0.247531],[0.825953,0.386693],[0.870797,0.350022],[0.801736,0.817186],[0.888734,0.247979],[0.056444,0.614696],[0.963172,0.605129],[0.040301,0.450471],[0.970344,0.413799]]"
070fa2d676ff5fe25b54cca5,frames/070fa2d676ff5fe25b54cca5.png,"[[0.23492,0.334078],[0.280659,0.397854],[0.169449,0.665717],[0.061826,0.694417],[0.754202,0.554107],[0.477072,0.705578],[0.625951,0.554107],[0.178417,0.820375],[0.671691,0.911257],[0.676175,0.321322],[0.646579,0.468008],[0.046579,0.638611],[0.554202,0.528597],[0.202633,0.287839]]"
0738464bcd26cb45c5275edc,frames/0738464bcd26cb45c5275edc.png,"[[0.293216,0.576429],[0.243888,0.520625],[0.306669,0.147531],[0.681556,0.044444],[0.669001,0.852264],[0.517431,0.622668],[0.793664,0.350022],[0.264516,0.947929],[0.159584,0.817186],[0.660032,0.074187],[0.215189,0.299],[0.538955,0.044444],[0.811602,0.271896],[0.481556,0.506275],[0.539852,0.069404],[0.794561,0.225657],[0.239404,0.080565],[0.799045,0.139558],[0.955992,0.589185],[0.670795,0.955556]]"
075e058dd80ed7190c8df312,frames/075e058dd80ed7190c8df312.png,"[[0.287834,0.727899],[0.527296,0.337267],[0.399942,0.247979],[0.72909,0.676878],[0.743157,0.427558],[0.838094,0.247531],[0.769449,0.45366],[0.777516,0.051428],[0.543338,0.101257],[0.799942,0.074187],[0.394561,0.200146],[0.552998,0.434347],[0.335368,0.338861],[0.399045,0.294217],[0.223261,0.447282],[0.225951,0.683256],[0.233126,0.806026],[0.341646,0.45366],[0.540626,0.371299],[0.608438,0.292538],[0.467389,0.397018],[0.413139,0.408269],[0.620191,0.242708],[0.898672,0.787614],[0.340806,0.509535],[0.47643,0.464528],[0.431223,0.398625],[0.481855,0.422736],[0.057805,0.955556],[0.53068,0.636519],[0.571367,0.416307],[0.627425,0.393803],[0.623809,0.245922],[0.5786,0.282893],[0.382398,0.826192],[0.570346,0.742249],[0.55779,0.847481],[0.52909,0.475981],[0.959586,0.955556],[0.504875,0.922418]]"
076f5b576231271d7e9f1b1d,frames/076f5b576231271d7e9f1b1d.png,"[[0.576458,0.652716],[0.481998,0.377318],[0.495853,0.482551],[0.573938,0.276561],[0.663359,0.722125],[0.31827,0.742277],[0.59787,0.793774],[0.536155,0.827359],[0.343459,0.843032],[0.66462,0.654955]]"
0778884b2045c4e007697c43,frames/0778884b2045c4e007697c43.png,"[[0.390007,0.351498],[0.414263,0.567106],[0.459467,0.741551],[0.619333,0.43382],[0.639182,0.616106],[0.673432,0.487029],[0.702401,0.482551],[0.678474,0.155655],[0.708698,0.417619],[0.752781,0.442248]]"
078bbe165caa2e7247d068c0,frames/078bbe165caa2e7247d068c0.png,"[[0.334643,0.563156],[0.362351,0.701974],[0.498371,0.198196],[0.728849,0.218347],[0.611724,0.520614],[0.628094,0.238498],[0.55001,0.043704],[0.553786,0.231781],[0.636911,0.43777],[0.374945,0.16685]]"
079bb28892a52f08f58d5eb7,frames/079bb28892a52f08f58d5eb7.png,"[[0.560083,0.585545],[0.667135,0.603457],[0.461847,0.151177],[0.299379,0.457921],[0.373686,0.287756],[0.543711,0.218347],[0.512225,0.207152],[0.552526,0.413142],[0.590312,0.851988],[0.412729,0.207152]]"
07a6ef11fc0ff50583273cfc,frames/07a6ef11fc0ff50583273cfc.png,"[[0.453954,0.639628],[0.558693,0.816033],[0.598385,0.880716],[0.473799,0.482822],[0.672255,0.290736],[0.464366,0.381795],[0.654542,0.596741],[0.714995,0.135504],[0.722552,0.417619],[0.759078,0.453444]]"
07ba6c66f9a757c44c60bf29,frames/07ba6c66f9a757c44c60bf29.png,"[[0.742703,0.639281],[0.483258,0.377318],[0.490815,0.478073],[0.620536,0.16685],[0.749,0.57435],[0.333384,0.410903],[0.367389,0.267606],[0.604167,0.851988],[0.283006,0.399707],[0.662099,0.594502]]"
07c489478c27e2ef66bdfc31,frames/07c489478c27e2ef66bdfc31.png,"[[0.03492,0.716739],[0.242095,0.668906],[0.37483,0.777326],[0.610705,0.166664],[0.271691,0.955556],[0.639404,0.169852],[0.728193,0.676878],[0.604821,0.231456],[0.858891,0.247531],[0.773037,0.450471],[0.759432,0.085183],[0.659975,0.40184],[0.613395,0.380315],[0.607534,0.261996],[0.17752,0.133181],[0.341646,0.578024],[0.430435,0.464819],[0.654617,0.643781],[0.218466,0.594219],[0.572783,0.250494],[0.133574,0.772543],[0.485144,0.254357],[0.476175,0.893719],[0.548821,0.681661],[0.413395,0.511058],[0.56048,0.627451],[0.42057,0.680067],[0.454651,0.581212],[0.555099,0.287839],[0.486937,0.745437],[0.551512,0.370749],[0.54613,0.517436],[0.40353,0.28465],[0.564965,0.420176],[0.504875,0.464819]]"
07c6301e73913dd23c80933a,frames/07c6301e73913dd23c80933a.png,"[[0.055548,0.423365],[0.031332,0.727899],[0.138059,0.922418],[0.227745,0.428149],[0.338059,0.65615],[0.383798,0.79646],[0.405323,0.747032],[0.429538,0.71355],[0.434023,0.303783],[0.364965,0.633829],[0.569449,0.321322],[0.481556,0.536569],[0.527296,0.676878],[0.425951,0.542947],[0.552409,0.338861],[0.655548,0.262329],[0.540749,0.520625],[0.562274,0.707172],[0.622364,0.074187],[0.721019,0.464819],[0.72909,0.673689],[0.528872,0.192879],[0.793791,0.237886],[0.769449,0.447282],[0.853461,0.171982],[0.446579,0.517436],[0.032488,0.932279],[0.550571,0.39541],[0.499938,0.71046],[0.298597,0.869803],[0.433935,0.406663],[0.486376,0.755467],[0.584025,0.507928],[0.613862,0.258782],[0.508076,0.459706],[0.471005,0.81494]]"
081bf9a5d96923d3ea20419f,frames/081bf9a5d96923d3ea20419f.png,"[[0.253754,0.710361],[0.558687,0.361183],[0.461826,0.114048],[0.72909,0.676878],[0.735924,0.424343],[0.857078,0.274856],[0.764965,0.45366],[0.766666,0.04982],[0.585834,0.258782],[0.761377,0.088537],[0.368552,0.094915],[0.338955,0.829942],[0.646523,0.483908],[0.582675,0.886786],[0.35779,0.584401],[0.441198,0.310161],[0.544337,0.236818],[0.470795,0.777326],[0.264516,0.517436],[0.502184,0.249574],[0.40353,0.750221],[0.495009,0.71355],[0.296803,0.592374],[0.44927,0.488736],[0.399942,0.409015],[0.478239,0.501499],[0.512597,0.66706],[0.456539,0.720104],[0.622,0.81494],[0.460155,0.400232],[0.599396,0.684742],[0.348944,0.704029],[0.473718,0.405054],[0.483664,0.822976],[0.499938,0.3279],[0.486376,0.951568]]"
08afba82b48918fd8791c60b,frames/08afba82b48918fd8791c60b.png,"[[0.025,0.365967],[0.025,0.721522],[0.0977,0.531786],[0.351512,0.833131],[0.276175,0.955556],[0.545234,0.853858],[0.440301,0.340456],[0.615189,0.383504],[0.624158,0.673689],[0.506669,0.6705],[0.583798,0.311756],[0.60622,0.182608],[0.495009,0.705578],[0.599045,0.063026],[0.708462,0.386693],[0.729987,0.676878],[0.553284,0.225026],[0.820008,0.239493],[0.77214,0.450471],[0.841711,0.160731],[0.038817,0.940317],[0.558709,0.390588],[0.556901,0.413092],[0.295009,0.629046],[0.388727,0.445239],[0.456539,0.493461],[0.58945,0.758681],[0.633754,0.255567],[0.501747,0.552935],[0.402289,0.612408],[0.086938,0.874586],[0.636713,0.756599],[0.547924,0.598751],[0.396355,0.498303],[0.549718,0.893719],[0.537913,0.332722],[0.471909,0.335936]]"
08b5aee47d32d4d76f57bda1,frames/08b5aee47d32d4d76f57bda1.png,"[[0.636911,0.68854],[0.481998,0.368361],[0.493333,0.480312],[0.567641,0.265367],[0.670917,0.641521],[0.38754,0.874379],[0.466885,0.753471],[0.601646,0.867661],[0.300638,0.594502],[0.66462,0.59898]]"
094546bbc5e6f8b749d44a4c,frames/094546bbc5e6f8b749d44a4c.png,"[[0.367655,0.743843],[0.436713,0.334078],[0.730884,0.676878],[0.744966,0.422736],[0.77842,0.225026],[0.769449,0.464819],[0.77842,0.044444],[0.559613,0.05625],[0.873484,0.080565],[0.216086,0.150719],[0.631236,0.629392],[0.395458,0.570051],[0.349718,0.416988],[0.199942,0.638611],[0.164965,0.61629],[0.270795,0.350022],[0.471005,0.842265],[0.571367,0.331114],[0.837188,0.731356],[0.349848,0.675097],[0.568655,0.335936],[0.575888,0.376121],[0.446593,0.594726],[0.44927,0.386693],[0.438507,0.955556],[0.860031,0.955556],[0.446579,0.294217],[0.538059,0.611507],[0.393664,0.283056],[0.40622,0.794865],[0.555996,0.044444],[0.478866,0.598751],[0.41788,0.386693],[0.39187,0.72471],[0.516534,0.598751],[0.322812,0.786893],[0.322812,0.721522],[0.555996,0.785299],[0.251295,0.765111],[0.449305,0.29736]]"
094e2294e9a94dd131674db3,frames/094e2294e9a94dd131674db3.png,"[[0.73263,0.634804],[0.480739,0.368361],[0.490815,0.478073],[0.662099,0.43777],[0.75026,0.578829],[0.36361,0.352688],[0.353535,0.265367],[0.605422,0.851988],[0.329606,0.204913],[0.66462,0.603457]]"
0960cab4e627b86e10844f6f,frames/0960cab4e627b86e10844f6f.png,"[[0.295009,0.662528],[0.347027,0.834725],[0.489628,0.871397],[0.642991,0.354806],[0.468104,0.57324],[0.310256,0.898503],[0.378417,0.388288],[0.501288,0.6992],[0.182005,0.359589],[0.559584,0.632235],[0.796355,0.372343],[0.503081,0.696011],[0.584695,0.511058],[0.496803,0.43931],[0.537162,0.305378],[0.438507,0.372343],[0.57214,0.305378],[0.550615,0.187392],[0.645682,0.766165],[0.338998,0.368085],[0.443888,0.332483]]"
098b47201656061379de607b,frames/098b47201656061379de607b.png,"[[0.776611,0.417914],[0.549667,0.42595],[0.566846,0.681526],[0.737732,0.649378],[0.880586,0.432381],[0.80464,0.55615],[0.295906,0.825158],[0.044487,0.440442],[0.80464,0.641342],[0.138955,0.812403],[0.97393,0.45366],[0.373934,0.625857],[0.946133,0.955556],[0.492319,0.735871],[0.404427,0.409015],[0.869898,0.60194],[0.541646,0.533381],[0.659135,0.621074],[0.31097,0.348796],[0.312947,0.743843],[0.664516,0.528597],[0.747924,0.72471],[0.357986,0.700815],[0.329987,0.491925],[0.255548,0.531786],[0.851961,0.702389],[0.063619,0.338861],[0.326399,0.413799],[0.232229,0.455254],[0.26362,0.365967],[0.187386,0.458442],[0.056444,0.509464],[0.069897,0.450471],[0.887836,0.305378],[0.975,0.528597],[0.025054,0.420176]]"
098e4b10fddf8f6ccf546da8,frames/098e4b10fddf8f6ccf546da8.png,"[[0.584016,0.639281],[0.47948,0.366122],[0.497112,0.480312],[0.572677,0.28104],[0.673432,0.706453],[0.332124,0.771383],[0.536155,0.948266],[0.493333,0.899007],[0.314492,0.610175],[0.669656,0.632565]]"
0991c218c2b9b095b2ee26e7,frames/0991c218c2b9b095b2ee26e7.png,"[[0.78918,0.702389],[0.874383,0.791676],[0.561377,0.550918],[0.238507,0.13637],[0.096803,0.818781],[0.501288,0.786893],[0.564068,0.42496],[0.681556,0.841103],[0.413395,0.509464],[0.571243,0.137964]]"
099df1f897379a929e7ce58f,frames/099df1f897379a929e7ce58f.png,"[[0.798311,0.773147],[0.195458,0.955556],[0.042095,0.65615],[0.186489,0.613101],[0.079763,0.718333],[0.866312,0.603535],[0.144337,0.721522],[0.70247,0.483817],[0.61115,0.435594],[0.101288,0.477575],[0.565862,0.716739],[0.963172,0.673689],[0.796317,0.620261],[0.652857,0.509464],[0.470795,0.544542],[0.17483,0.565268],[0.942547,0.36756],[0.477969,0.220874],[0.501288,0.43931],[0.537162,0.523814],[0.722813,0.649772],[0.590077,0.593968],[0.582902,0.461631],[0.508463,0.294217],[0.653754,0.36756],[0.456445,0.609912],[0.442991,0.3277],[0.364068,0.495114],[0.552409,0.721522],[0.321019,0.3277],[0.670795,0.522219],[0.407117,0.667311],[0.784695,0.68485],[0.747924,0.386693],[0.025,0.195362],[0.864516,0.662528],[0.181108,0.362778],[0.148821,0.633829],[0.861828,0.428149],[0.055548,0.389882],[0.100391,0.550918],[0.060517,0.273249]]"
09cc4e4d6cbd377b02f51321,frames/09cc4e4d6cbd377b02f51321.png,"[[0.029539,0.727899],[0.245682,0.649772],[0.386489,0.729493],[0.618777,0.141153],[0.330884,0.831536],[0.269001,0.919229],[0.635816,0.174636],[0.728193,0.676878],[0.58945,0.218597],[0.852562,0.242708],[0.77214,0.447282],[0.774803,0.094828],[0.642795,0.409876],[0.619673,0.45366],[0.604821,0.263604],[0.231332,0.131586],[0.433126,0.542947],[0.465413,0.401043],[0.410013,0.848417],[0.536812,0.338424],[0.666308,0.648576],[0.467567,0.362406],[0.285912,0.648576],[0.621344,0.325635],[0.718328,0.955556],[0.108462,0.799649],[0.512947,0.321322],[0.514741,0.716739],[0.452857,0.774138],[0.425055,0.751815],[0.625055,0.842697],[0.480659,0.834725],[0.554202,0.455254],[0.566759,0.378721],[0.430435,0.898503]]"
09ece14e94bdde99244f6029,frames/09ece14e94bdde99244f6029.png,"[[0.065038,0.578653],[0.280228,0.496676],[0.038817,0.837443],[0.299215,0.295751],[0.329956,0.385765],[0.348944,0.544897],[0.125616,0.63009],[0.437552,0.466136],[0.366123,0.466136],[0.383798,0.383504],[0.292858,0.46175],[0.483664,0.551328],[0.248373,0.676878],[0.224158,0.762976],[0.599045,0.401043],[0.473485,0.716739],[0.622364,0.617885],[0.655548,0.450471],[0.718745,0.622053],[0.719649,0.503106],[0.659135,0.622668],[0.569449,0.721522],[0.763953,0.813332],[0.621467,0.554107],[0.660929,0.370749],[0.868102,0.598751],[0.975,0.523814],[0.783798,0.464819],[0.128193,0.461631],[0.051063,0.354806],[0.036714,0.506275],[0.970344,0.665717]]"
09f30f1fc57ad685f066d21b,frames/09f30f1fc57ad685f066d21b.png,"[[0.47821,0.455381],[0.494748,0.817994],[0.564208,0.518104],[0.548771,0.439701],[0.512389,0.637668],[0.612979,0.426576],[0.697365,0.518375],[0.474442,0.148938],[0.714995,0.413142],[0.761594,0.43777]]"
0a18307fe03381b74d0bffc6,frames/0a18307fe03381b74d0bffc6.png,"[[0.746774,0.432381],[0.528872,0.462921],[0.56323,0.660631],[0.703374,0.647771],[0.851656,0.451669],[0.758528,0.54329],[0.315638,0.81081],[0.05542,0.466357],[0.784788,0.662621],[0.139852,0.834725],[0.966758,0.479169],[0.393664,0.61629],[0.927297,0.955556],[0.52909,0.750221],[0.436713,0.388288],[0.872586,0.598751],[0.975,0.833131],[0.54613,0.511058],[0.654651,0.621074],[0.285653,0.342367],[0.301288,0.735871],[0.702184,0.593968],[0.764068,0.735871],[0.320011,0.683133],[0.304875,0.472792],[0.243888,0.531786],[0.865414,0.6992],[0.064516,0.343644],[0.284247,0.397854],[0.221467,0.487142],[0.233126,0.397854],[0.145234,0.472792],[0.04927,0.487142],[0.062722,0.436121],[0.916531,0.310161],[0.975,0.520625]]"
0a7b8dab68cd6710d6f9e311,frames/0a7b8dab68cd6710d6f9e311.png,"[[0.309454,0.321342],[0.672177,0.659433],[0.459329,0.236259],[0.493333,0.195957],[0.440437,0.453444],[0.670917,0.57659],[0.679729,0.442248],[0.567641,0.426576],[0.348497,0.731081],[0.653281,0.366122]]"
0a7bebf203a6df0ef65d5a09,frames/0a7bebf203a6df0ef65d5a09.png,"[[0.602906,0.657194],[0.481998,0.3706],[0.494593,0.478073],[0.575198,0.276561],[0.675953,0.663911],[0.386281,0.843032],[0.529857,0.956481],[0.516004,0.867661],[0.305676,0.596741],[0.672177,0.605696]]"
0aa06c402f626b737b91d179,frames/0aa06c402f626b737b91d179.png,"[[0.354202,0.73906],[0.429538,0.350022],[0.730884,0.676878],[0.743157,0.427558],[0.770282,0.233064],[0.769449,0.464819],[0.781132,0.044444],[0.555996,0.044998],[0.899492,0.069404],[0.241198,0.094915],[0.677099,0.643781],[0.425951,0.688039],[0.365862,0.517436],[0.167655,0.732682],[0.170346,0.600346],[0.272588,0.343644],[0.565038,0.353618],[0.831766,0.744215],[0.287461,0.769933],[0.565038,0.348796],[0.573176,0.398625],[0.510788,0.506321],[0.858234,0.955556],[0.408014,0.252762],[0.422364,0.758193],[0.442991,0.326106],[0.539852,0.044444],[0.380211,0.766165],[0.413395,0.383504],[0.269001,0.939957],[0.489628,0.71355],[0.330884,0.716739],[0.269001,0.58759],[0.614292,0.648178],[0.250391,0.689564],[0.409523,0.257174],[0.468293,0.77154],[0.538817,0.911383],[0.43936,0.514357],[0.477334,0.430772],[0.482759,0.316647]]"
0ac9cd473a00e763d9457966,frames/0ac9cd473a00e763d9457966.png,"[[0.918562,0.466136],[0.736828,0.848696],[0.163171,0.890531],[0.032229,0.581212],[0.062722,0.65615],[0.295009,0.611507],[0.140749,0.740654],[0.868102,0.593968],[0.219673,0.777326],[0.550571,0.483817],[0.564068,0.576429],[0.279762,0.43931],[0.611602,0.745437],[0.810969,0.540075],[0.660032,0.673689],[0.607117,0.617885],[0.556893,0.665717],[0.078866,0.499897],[0.864516,0.409015],[0.43492,0.192174],[0.440301,0.354806],[0.42057,0.533381],[0.549718,0.605129],[0.487834,0.517436],[0.642991,0.566862],[0.621467,0.434526],[0.476175,0.431338],[0.355099,0.702389],[0.567655,0.428149],[0.361377,0.372343],[0.419673,0.533381],[0.197252,0.394665],[0.667207,0.638611],[0.270795,0.683256],[0.85375,0.57324],[0.89232,0.350022],[0.025,0.192174],[0.919227,0.740654],[0.039404,0.431338],[0.052857,0.534975],[0.935367,0.539758],[0.025,0.300594]]"
0b772e7d5c207104e026a03b,frames/0b772e7d5c207104e026a03b.png,"[[0.387386,0.718333],[0.753305,0.227251],[0.479762,0.058243],[0.547924,0.133181],[0.038507,0.643394],[0.127296,0.554107],[0.175727,0.721522],[0.816086,0.751815],[0.084247,0.688039],[0.095009,0.871397],[0.26362,0.735871],[0.390973,0.466414],[0.446579,0.922418],[0.794561,0.044444]]"
0ba42cf79e5ca28090c10456,frames/0ba42cf79e5ca28090c10456.png,"[[0.306935,0.659433],[0.480739,0.3706],[0.495853,0.502702],[0.584016,0.25641],[0.63313,0.813925],[0.526079,0.610175],[0.726333,0.43777],[0.573938,0.451205],[0.692328,0.787056],[0.649505,0.762428]]"
0bb9514c5fa8c61517ce22b5,frames/0bb9514c5fa8c61517ce22b5.png,"[[0.843516,0.731356],[0.180211,0.61629],[0.054651,0.710361],[0.866312,0.603535],[0.12909,0.694417],[0.736828,0.509535],[0.637371,0.398625],[0.042991,0.517436],[0.562274,0.705578],[0.961375,0.72471],[0.832227,0.589185],[0.672588,0.468008],[0.424158,0.509464],[0.216983,0.579618],[0.499494,0.247979],[0.533574,0.445687],[0.556893,0.565268],[0.764068,0.598751],[0.625951,0.568457],[0.547924,0.472792],[0.479762,0.361183],[0.686938,0.338861],[0.507566,0.609912],[0.407117,0.338861],[0.355099,0.512653],[0.575727,0.694417],[0.351512,0.338861],[0.681556,0.456847],[0.439404,0.593968],[0.74613,0.688039],[0.724606,0.391476],[0.025,0.228846],[0.859133,0.637017],[0.260032,0.409015],[0.136265,0.625857],[0.831336,0.432932],[0.061826,0.420176],[0.133574,0.562079],[0.087642,0.276462]]"
0bffda432e1936bbadafa5b7,frames/0bffda432e1936bbadafa5b7.png,"[[0.484825,0.690589],[0.525619,0.849355],[0.581849,0.914036],[0.569719,0.486743],[0.481517,0.359338],[0.422805,0.554199],[0.641948,0.603457],[0.776708,0.236259],[0.728849,0.417619],[0.759078,0.43777]]"
0c1fe15c49a7d7457abd4ee9,frames/0c1fe15c49a7d7457abd4ee9.png,"[[0.438507,0.60194],[0.438507,0.490331],[0.341646,0.683256],[0.850164,0.25914],[0.839406,0.144342],[0.756893,0.249574],[0.427745,0.401043],[0.607117,0.182608],[0.616983,0.044444],[0.170346,0.082159],[0.057341,0.882558],[0.071691,0.044444]]"
0c300a817be2c9ac612e9f23,frames/0c300a817be2c9ac612e9f23.png,"[[0.594561,0.635422],[0.582005,0.511058],[0.182005,0.361183],[0.505772,0.745437],[0.563171,0.044444],[0.127296,0.955556],[0.66631,0.665717],[0.630435,0.044444],[0.813398,0.536569],[0.550615,0.472792],[0.623261,0.436121],[0.423261,0.751815],[0.482453,0.542947],[0.448373,0.401043],[0.39187,0.399449],[0.055548,0.869803],[0.474382,0.314944],[0.416086,0.314944],[0.616983,0.243196],[0.358687,0.955556]]"
0c4ece6b2a82c30e59053b33,frames/0c4ece6b2a82c30e59053b33.png,"[[0.663359,0.706453],[0.481998,0.372839],[0.494593,0.478073],[0.567641,0.278801],[0.743964,0.578829],[0.349757,0.737798],[0.283006,0.558678],[0.605422,0.851988],[0.425323,0.139981],[0.66462,0.59898]]"
0c753efe8a6269a94b75af50,frames/0c753efe8a6269a94b75af50.png,"[[0.855547,0.721522],[0.161377,0.598751],[0.027745,0.691228],[0.866312,0.603535],[0.12909,0.6992],[0.763049,0.52561],[0.642795,0.366476],[0.025,0.522219],[0.562274,0.705578],[0.964961,0.740654],[0.860031,0.570051],[0.682453,0.450471],[0.396355,0.506275],[0.232229,0.58759],[0.524606,0.287839],[0.548821,0.444093],[0.57214,0.576429],[0.811602,0.578024],[0.645682,0.578024],[0.537162,0.483953],[0.452857,0.383504],[0.716534,0.311756],[0.544337,0.600346],[0.401736,0.338861],[0.352409,0.523814],[0.607117,0.665717],[0.359584,0.340456],[0.66631,0.42496],[0.453754,0.557296],[0.729987,0.683256],[0.710256,0.383504],[0.025,0.240007],[0.851961,0.638611],[0.289628,0.442499],[0.134471,0.632235],[0.828641,0.43931],[0.077072,0.428149],[0.167655,0.539758],[0.101204,0.270033],[0.972141,0.506275]]"
0cba35545e93d3dc9e988876,frames/0cba35545e93d3dc9e988876.png,"[[0.458364,0.635707],[0.558693,0.817994],[0.596182,0.890516],[0.47821,0.486743],[0.668948,0.278976],[0.461847,0.388512],[0.644469,0.612414],[0.718776,0.144459],[0.721292,0.406424],[0.757818,0.442248]]"
0cbf7385893e5b5e0675edb0,frames/0cbf7385893e5b5e0675edb0.png,"[[0.178417,0.361183],[0.314741,0.694417],[0.975,0.528597],[0.289628,0.802838],[0.60622,0.332483],[0.674382,0.260735],[0.029539,0.555701],[0.724606,0.691228],[0.134471,0.955556],[0.582005,0.58759],[0.826344,0.554542],[0.640988,0.430772],[0.431223,0.6976],[0.48728,0.411485],[0.470102,0.122153],[0.703081,0.160286],[0.286041,0.431338],[0.642991,0.158691],[0.388283,0.818781],[0.411602,0.137964],[0.194561,0.786893],[0.416983,0.394665],[0.486041,0.350022]]"
0ce092f078fb4be187b963f7,frames/0ce092f078fb4be187b963f7.png,"[[0.053754,0.377126],[0.030435,0.72471],[0.103081,0.955556],[0.199942,0.480764],[0.355099,0.710361],[0.335368,0.845886],[0.425055,0.866614],[0.454651,0.705578],[0.442991,0.299],[0.384695,0.705578],[0.586489,0.3564],[0.523709,0.57324],[0.527296,0.654556],[0.46362,0.442499],[0.548821,0.329294],[0.68335,0.251168],[0.541646,0.42496],[0.57752,0.676878],[0.610705,0.063026],[0.729987,0.464819],[0.732677,0.673689],[0.536105,0.205738],[0.80012,0.247531],[0.769449,0.447282],[0.846234,0.163945],[0.438507,0.627451],[0.037913,0.933888],[0.545147,0.39541],[0.499034,0.604371],[0.313844,0.745437],[0.420373,0.385765],[0.461964,0.649378],[0.562326,0.572224],[0.626521,0.236278],[0.515309,0.451669],[0.448402,0.750644],[0.025,0.887342],[0.599942,0.933579]]"
0d18da31c8fe69b8ae27f931,frames/0d18da31c8fe69b8ae27f931.png,"[[0.673432,0.708692],[0.483258,0.372839],[0.493333,0.478073],[0.405172,0.260888],[0.754036,0.572111],[0.284266,0.50718],[0.328346,0.25641],[0.606682,0.851988],[0.381243,0.135504],[0.66462,0.594502]]"
0d603e9a9226cc44fcde4c6f,frames/0d603e9a9226cc44fcde4c6f.png,"[[0.0977,0.305378],[0.19187,0.294217],[0.656445,0.044444],[0.513844,0.93039],[0.505772,0.817186],[0.843891,0.751815],[0.036714,0.857047],[0.341646,0.479169],[0.489628,0.064621],[0.846578,0.345239],[0.173037,0.208118],[0.875281,0.90169],[0.512947,0.584401],[0.780211,0.080565],[0.899492,0.083754],[0.859133,0.275085],[0.442991,0.919229],[0.895008,0.332483],[0.60622,0.131586],[0.646579,0.188986]]"
0d670fe1f57e82f793fffbb5,frames/0d670fe1f57e82f793fffbb5.png,"[[0.340749,0.593968],[0.599045,0.380315],[0.56048,0.114048],[0.728193,0.676878],[0.729595,0.419521],[0.835383,0.276462],[0.764965,0.45366],[0.760337,0.057857],[0.642795,0.295751],[0.742543,0.080565],[0.556901,0.319862],[0.337162,0.204929],[0.340749,0.73906],[0.650121,0.55585],[0.6762,0.629392],[0.379314,0.638611],[0.382005,0.716739],[0.425951,0.318133],[0.647316,0.3279],[0.510256,0.644989],[0.504875,0.742249],[0.321019,0.501492],[0.428641,0.740654],[0.558687,0.394665],[0.446579,0.764571],[0.494113,0.598751],[0.46362,0.468008],[0.415189,0.638611],[0.43761,0.651367],[0.482453,0.487142],[0.479762,0.23044],[0.58918,0.745437],[0.404427,0.389882],[0.367931,0.802081],[0.48728,0.765111],[0.461059,0.31504]]"
0d8538e162293cd2f7169b5b,frames/0d8538e162293cd2f7169b5b.png,"[[0.441826,0.612187],[0.501363,0.821913],[0.688792,0.831714],[0.462774,0.425981],[0.619333,0.537705],[0.582755,0.258649],[0.694844,0.581068],[0.679729,0.095201],[0.717516,0.417619],[0.760339,0.448966]]"
0d8d600f056fc99255cc6b58,frames/0d8d600f056fc99255cc6b58.png,"[[0.660839,0.693019],[0.480739,0.372839],[0.494593,0.478073],[0.552526,0.247455],[0.694844,0.659433],[0.386281,0.876618],[0.324568,0.672867],[0.605422,0.854227],[0.286784,0.399707],[0.663359,0.596741]]"
0d9b97acec54df99510704cb,frames/0d9b97acec54df99510704cb.png,"[[0.587386,0.621074],[0.575727,0.522219],[0.182005,0.362778],[0.500391,0.750221],[0.127296,0.955556],[0.672588,0.651367],[0.623261,0.044444],[0.827742,0.528597],[0.542543,0.499897],[0.628641,0.442499],[0.392767,0.76776],[0.493216,0.554107],[0.46631,0.378721],[0.400839,0.405826],[0.057341,0.869803],[0.428641,0.326106],[0.413395,0.316539],[0.624158,0.252762],[0.352409,0.939957]]"
0da30628991998b766664a69,frames/0da30628991998b766664a69.png,"[[0.682579,0.467743],[0.479143,0.49989],[0.532488,0.549719],[0.657263,0.642949],[0.775707,0.485424],[0.707895,0.54329],[0.32909,0.696011],[0.065942,0.477387],[0.717841,0.662237],[0.14344,0.855453],[0.881555,0.539758],[0.444785,0.621074],[0.892344,0.951568],[0.590077,0.758193],[0.495906,0.391476],[0.871688,0.598751],[0.924609,0.821969],[0.57214,0.570051],[0.56048,0.632235],[0.295598,0.348796],[0.281556,0.721522],[0.738955,0.581212],[0.804427,0.73906],[0.276611,0.639733],[0.250166,0.480764],[0.218777,0.58759],[0.936266,0.761382],[0.055548,0.337267],[0.209808,0.373938],[0.136265,0.511058],[0.127296,0.428149],[0.085144,0.520625],[0.03492,0.477575],[0.027745,0.434526],[0.975,0.340456]]"
0dc305c40c6557a0f05c5c7d,frames/0dc305c40c6557a0f05c5c7d.png,"[[0.975,0.463117],[0.741349,0.822976],[0.17483,0.911257],[0.026848,0.55889],[0.067207,0.624262],[0.246579,0.617885],[0.125502,0.71355],[0.866312,0.603535],[0.188283,0.766165],[0.602109,0.475779],[0.582005,0.568457],[0.228641,0.461631],[0.598148,0.735871],[0.85618,0.548112],[0.710256,0.71355],[0.612498,0.593968],[0.518328,0.635422],[0.090525,0.528597],[0.886937,0.405826],[0.426848,0.166664],[0.468104,0.351617],[0.46362,0.554107],[0.571243,0.625857],[0.518328,0.506275],[0.621467,0.550918],[0.585592,0.365967],[0.525502,0.421771],[0.393664,0.688039],[0.545234,0.372343],[0.378417,0.420176],[0.461826,0.58759],[0.225951,0.372343],[0.669001,0.625857],[0.325502,0.710361],[0.837609,0.611507],[0.832227,0.321322],[0.025,0.155503],[0.88425,0.727899],[0.042991,0.413799],[0.069897,0.590779],[0.898594,0.542947],[0.055548,0.294217]]"
0dd6b6919627a31f2abd801e,frames/0dd6b6919627a31f2abd801e.png,"[[0.458238,0.598751],[0.309359,0.637017],[0.951508,0.43931],[0.755996,0.23044],[0.311153,0.125209],[0.485144,0.066215],[0.60353,0.05346],[0.106669,0.300594],[0.141646,0.955556],[0.092319,0.461631],[0.173037,0.491925],[0.182902,0.562079],[0.524606,0.879369]]"
0dea42df2eb5d96156b17a4b,frames/0dea42df2eb5d96156b17a4b.png,"[[0.736406,0.634804],[0.480739,0.372839],[0.488296,0.478073],[0.722552,0.451205],[0.740182,0.581068],[0.379983,0.446727],[0.783005,0.433293],[0.602906,0.84751],[0.551266,0.923637],[0.665875,0.601219]]"
0dedcd70ee6b3c5be4951a0c,frames/0dedcd70ee6b3c5be4951a0c.png,"[[0.726333,0.645999],[0.480739,0.366122],[0.488296,0.478073],[0.576458,0.581068],[0.749,0.569872],[0.356054,0.433293],[0.344719,0.240737],[0.602906,0.843032],[0.352276,0.169089],[0.66462,0.59898]]"
0df7e8b1684cc79d1a1b6706,frames/0df7e8b1684cc79d1a1b6706.png,"[[0.727589,0.632565],[0.483258,0.3706],[0.492074,0.478073],[0.628094,0.498224],[0.74774,0.578829],[0.36361,0.359405],[0.349757,0.25641],[0.606682,0.84751],[0.332124,0.187001],[0.662099,0.601219]]"
0dff4431e4e3ab9f0c43b97b,frames/0dff4431e4e3ab9f0c43b97b.png,"[[0.929984,0.275085],[0.866312,0.60194],[0.303978,0.60194],[0.029539,0.405826],[0.623261,0.651367],[0.741646,0.6992],[0.94075,0.528597],[0.344337,0.58759],[0.878867,0.204929],[0.648373,0.705578],[0.720122,0.740654],[0.20622,0.649772],[0.37483,0.503086],[0.254651,0.688039],[0.344337,0.466414],[0.622364,0.546135],[0.549718,0.710361],[0.399942,0.206524],[0.534471,0.450471],[0.469898,0.531786],[0.963172,0.61629],[0.405906,0.421128],[0.547027,0.581212],[0.642095,0.57324],[0.669898,0.879369],[0.323709,0.694417],[0.674382,0.611507],[0.32909,0.546135],[0.738059,0.45366],[0.323709,0.386693],[0.599942,0.450471],[0.400839,0.633829],[0.302184,0.447282],[0.241198,0.397854],[0.258238,0.477575],[0.866312,0.718333],[0.906672,0.718333],[0.072588,0.522219],[0.947031,0.55889],[0.971242,0.488736],[0.975,0.542947]]"
0e3803b2b4de3feda7f6a28a,frames/0e3803b2b4de3feda7f6a28a.png,"[[0.043338,0.660631],[0.51192,0.480881],[0.325436,0.429165],[0.415852,0.368085],[0.532488,0.618837],[0.025,0.594726],[0.619288,0.466136],[0.5786,0.588297],[0.342543,0.544542],[0.140667,0.446719],[0.608769,0.672186],[0.103081,0.629046],[0.150615,0.812403],[0.83582,0.461631],[0.704875,0.678472],[0.864727,0.528707],[0.897703,0.483953],[0.892344,0.671882],[0.975,0.522394],[0.860883,0.576533],[0.52909,0.694417],[0.85618,0.753858],[0.631332,0.633829],[0.625951,0.432932],[0.869898,0.584401],[0.9255,0.762976],[0.670795,0.522219],[0.353305,0.640206],[0.196141,0.385765],[0.247476,0.646583],[0.761377,0.71355],[0.881555,0.743843],[0.199758,0.544897],[0.124606,0.409015],[0.100391,0.491925],[0.947922,0.825158],[0.025,0.252762],[0.025054,0.399449]]"
0e3962dd84f9e7bbc7f8f851,frames/0e3962dd84f9e7bbc7f8f851.png,"[[0.179314,0.361183],[0.34613,0.710361],[0.929094,0.590779],[0.28335,0.790082],[0.605323,0.348428],[0.681556,0.292622],[0.025951,0.546135],[0.715637,0.654556],[0.121019,0.946335],[0.59578,0.692778],[0.867023,0.488639],[0.633754,0.433988],[0.502651,0.686349],[0.452923,0.433988],[0.463772,0.123761],[0.706669,0.144342],[0.329987,0.431338],[0.660929,0.181013],[0.399942,0.857047],[0.416983,0.102887],[0.207117,0.863425],[0.442095,0.3564],[0.486937,0.345239]]"
0e5e5992d8f91162a694207c,frames/0e5e5992d8f91162a694207c.png,"[[0.042991,0.45366],[0.029539,0.72471],[0.145234,0.900097],[0.258238,0.412204],[0.340749,0.648178],[0.376623,0.740654],[0.382902,0.676878],[0.416086,0.668906],[0.428641,0.299],[0.408911,0.584401],[0.55779,0.310161],[0.473485,0.544542],[0.525502,0.688039],[0.45196,0.598751],[0.555996,0.350022],[0.624158,0.337267],[0.566759,0.617885],[0.582902,0.745437],[0.642991,0.091726],[0.695906,0.43931],[0.728193,0.6705],[0.515309,0.181627],[0.782941,0.223419],[0.767655,0.450471],[0.854367,0.180019],[0.430435,0.436121],[0.032488,0.92585],[0.547859,0.388981],[0.551476,0.777969],[0.295009,0.90169],[0.471005,0.445239],[0.51983,0.829407],[0.550571,0.454883],[0.58493,0.350403],[0.510788,0.456492],[0.461964,0.955556]]"
0e76417d8f87da0e59d79e1f,frames/0e76417d8f87da0e59d79e1f.png,"[[0.727589,0.637043],[0.483258,0.368361],[0.489555,0.473594],[0.609203,0.563156],[0.75026,0.581068],[0.362351,0.368361],[0.3422,0.258649],[0.606682,0.851988],[0.343459,0.175806],[0.672177,0.594502]]"
0e8380a476b4ae8a6426eff5,frames/0e8380a476b4ae8a6426eff5.png,"[[0.063619,0.539758],[0.111153,0.790082],[0.285144,0.75341],[0.193664,0.660933],[0.307566,0.662528],[0.183798,0.401043],[0.428641,0.495114],[0.348821,0.495114],[0.109359,0.609912],[0.527296,0.935174],[0.587386,0.17623],[0.565862,0.25914],[0.587386,0.764571],[0.702184,0.857047],[0.540749,0.196957],[0.711153,0.589185],[0.769449,0.058243],[0.779314,0.354806],[0.811602,0.326106],[0.729987,0.311756],[0.860031,0.300594],[0.134471,0.702389],[0.454651,0.627451],[0.808016,0.200146],[0.155099,0.445687],[0.955102,0.68485],[0.595458,0.876181],[0.213395,0.909662],[0.302184,0.914446],[0.17752,0.839508]]"
0e9a72059527e67fcaa8c424,frames/0e9a72059527e67fcaa8c424.png,"[[0.199942,0.853858],[0.491703,0.336531],[0.605323,0.498303],[0.475279,0.413799],[0.272588,0.922418],[0.615189,0.434526],[0.442991,0.447282],[0.294112,0.799649],[0.471691,0.678472],[0.315638,0.491925],[0.158687,0.378721],[0.556893,0.36756],[0.52909,0.450471],[0.319225,0.487142],[0.561377,0.232035]]"
0ec00a17699a41941630c6f8,frames/0ec00a17699a41941630c6f8.png,"[[0.68351,0.337015],[0.47948,0.372839],[0.497112,0.471356],[0.580234,0.278801],[0.635651,0.746755],[0.367389,0.782579],[0.68225,0.478073],[0.526079,0.787056],[0.416507,0.896769],[0.652026,0.699735]]"
0f11343c919954ef17b2e37a,frames/0f11343c919954ef17b2e37a.png,"[[0.296803,0.525408],[0.287834,0.60194],[0.246579,0.416988],[0.658238,0.206524],[0.328193,0.12202],[0.710256,0.059837],[0.689628,0.668906],[0.502184,0.542947],[0.779314,0.27349],[0.208014,0.879369],[0.044785,0.823564],[0.196355,0.825158],[0.650166,0.063026],[0.164965,0.129992],[0.539852,0.047082],[0.825055,0.236818],[0.489628,0.450471],[0.520122,0.044444],[0.75779,0.233629]]"
0f321eb08f9542b343adab6f,frames/0f321eb08f9542b343adab6f.png,"[[0.025,0.750221],[0.202633,0.58759],[0.231332,0.547729],[0.600839,0.118831],[0.259135,0.705578],[0.585592,0.640206],[0.57752,0.044444],[0.639404,0.225657],[0.72909,0.676878],[0.559613,0.231456],[0.827242,0.231456],[0.77214,0.447282],[0.803736,0.107687],[0.66992,0.366476],[0.39187,0.340456],[0.653754,0.466414],[0.596684,0.242708],[0.280659,0.099698],[0.567655,0.389882],[0.401736,0.491925],[0.350615,0.844292],[0.438507,0.337267],[0.308462,0.849075],[0.418777,0.762976],[0.52602,0.581429],[0.521523,0.475914],[0.564689,0.551054],[0.410913,0.648576],[0.665409,0.901174],[0.387531,0.656569],[0.485552,0.790862],[0.546704,0.367201]]"
0f3d75f083b55787976bcbe8,frames/0f3d75f083b55787976bcbe8.png,"[[0.531117,0.634804],[0.427842,0.773623],[0.480739,0.137743],[0.444215,0.863183],[0.392578,0.260888],[0.449253,0.287756],[0.47822,0.240737],[0.47696,0.511658],[0.662099,0.350449],[0.435399,0.21163]]"
0f45f9c41e7bf2010842a1d6,frames/0f45f9c41e7bf2010842a1d6.png,"[[0.025,0.705578],[0.309359,0.58759],[0.614292,0.334078],[0.653754,0.094915],[0.728193,0.676878],[0.662688,0.29736],[0.834477,0.263604],[0.768552,0.450471],[0.75672,0.067502],[0.653645,0.332722],[0.720122,0.131586],[0.573176,0.247531],[0.173037,0.198551],[0.339852,0.818781],[0.365862,0.858642],[0.669905,0.599015],[0.596164,0.766882],[0.604258,0.383189],[0.348821,0.611507],[0.485144,0.570051],[0.525502,0.420176],[0.513844,0.745437],[0.493216,0.836319],[0.626848,0.751815],[0.366759,0.525408],[0.442095,0.318133],[0.416086,0.487142],[0.593664,0.445687],[0.459135,0.475981],[0.438507,0.542947],[0.487834,0.523814],[0.445682,0.372343],[0.401736,0.394665],[0.587386,0.783704],[0.465413,0.928796],[0.425055,0.955556],[0.484247,0.955556]]"
0f642f1db8df8552a3c0d41d,frames/0f642f1db8df8552a3c0d41d.png,"[[0.717516,0.431054],[0.480739,0.368361],[0.494593,0.480312],[0.575198,0.276561],[0.638172,0.771383],[0.36361,0.822881],[0.582755,0.654955],[0.536155,0.807208],[0.405172,0.89453],[0.652026,0.706453]]"
0f8944395b2f944ac18c2437,frames/0f8944395b2f944ac18c2437.png,"[[0.575198,0.650477],[0.47948,0.368361],[0.494593,0.473594],[0.575198,0.278801],[0.663359,0.717647],[0.313233,0.737798],[0.600385,0.798252],[0.538673,0.851988],[0.3422,0.84751],[0.66462,0.645999]]"
0f8cabe859f3aaeac3912d3c,frames/0f8cabe859f3aaeac3912d3c.png,"[[0.743964,0.630326],[0.481998,0.366122],[0.488296,0.473594],[0.727589,0.457921],[0.743964,0.587784],[0.348497,0.43777],[0.709958,0.21163],[0.604167,0.84751],[0.309454,0.771383],[0.66462,0.583306]]"
0f90fb2f69ff5fb6626a59a0,frames/0f90fb2f69ff5fb6626a59a0.png,"[[0.672588,0.584401],[0.859133,0.718333],[0.458238,0.79646],[0.716534,0.503086],[0.578417,0.751815],[0.399942,0.267112],[0.239404,0.531786],[0.452857,0.499897],[0.46362,0.648178],[0.771243,0.283056],[0.241198,0.705578],[0.782005,0.606724],[0.048373,0.828347],[0.423261,0.554107]]"
0fb85c9f4685cb49bc72a75a,frames/0fb85c9f4685cb49bc72a75a.png,"[[0.396356,0.706453],[0.769151,0.547482],[0.351016,0.296713],[0.395097,0.616892],[0.66462,0.090723],[0.722552,0.260888],[0.721292,0.478073],[0.516004,0.139981],[0.465626,0.670628],[0.585271,0.827359]]"
100a75f8c8194d39234210a3,frames/100a75f8c8194d39234210a3.png,"[[0.028642,0.716739],[0.124606,0.611507],[0.330884,0.933579],[0.425055,0.509464],[0.611602,0.338861],[0.629538,0.888936],[0.502184,0.635422],[0.586489,0.294217],[0.52909,0.232035],[0.373037,0.531786],[0.586489,0.058243],[0.693216,0.287839],[0.728193,0.6705],[0.556901,0.231456],[0.820008,0.231456],[0.773037,0.45366],[0.824531,0.159123],[0.579505,0.368085],[0.553284,0.39541],[0.291422,0.614696],[0.333573,0.699207],[0.56323,0.560972],[0.418564,0.702422],[0.544337,0.606724],[0.378417,0.71355],[0.598148,0.740654],[0.561421,0.286107],[0.435743,0.335936],[0.52909,0.662528],[0.457341,0.413799],[0.431332,0.338861],[0.032229,0.338861],[0.518328,0.329294],[0.535368,0.436121]]"
100f39bfdf69a0ffed0c1e32,frames/100f39bfdf69a0ffed0c1e32.png,"[[0.242991,0.799649],[0.55779,0.818781],[0.505772,0.359589],[0.350615,0.865019],[0.622364,0.399449],[0.458238,0.490331],[0.304875,0.798054],[0.448373,0.578024],[0.355996,0.727899],[0.178417,0.361183],[0.523709,0.394665],[0.554202,0.57324],[0.359584,0.72471],[0.668104,0.383504],[0.469001,0.409015],[0.560558,0.279331]]"
1012f55e03d9ed752c5d4ade,frames/1012f55e03d9ed752c5d4ade.png,"[[0.354202,0.72471],[0.438507,0.299],[0.730884,0.676878],[0.74587,0.419521],[0.797407,0.236278],[0.77214,0.464819],[0.780228,0.04982],[0.565038,0.053035],[0.856445,0.086943],[0.231332,0.217685],[0.644725,0.535067],[0.37483,0.445687],[0.376623,0.322917],[0.195458,0.491925],[0.118328,0.603535],[0.316534,0.428149],[0.410427,0.695993],[0.615671,0.348796],[0.849852,0.723318],[0.357081,0.573831],[0.54153,0.409876],[0.616575,0.353618],[0.573176,0.376121],[0.436648,0.700815],[0.44927,0.401043],[0.408014,0.483953],[0.477072,0.683256],[0.864516,0.955556],[0.441198,0.874586],[0.471691,0.359589],[0.558687,0.584401],[0.376623,0.377126],[0.381108,0.683256],[0.569449,0.044444],[0.459135,0.554107],[0.414292,0.343644],[0.487834,0.461631],[0.512947,0.444093],[0.286937,0.955556],[0.341646,0.947929]]"
10457d73755dd3795112037b,frames/10457d73755dd3795112037b.png,"[[0.536155,0.148938],[0.508447,0.522853],[0.47948,0.198196],[0.405172,0.204913],[0.369908,0.249694],[0.572677,0.249694],[0.572677,0.18924],[0.56512,0.397469],[0.52482,0.867661],[0.518522,0.229543]]"
1071e7b8f6393e14f582f482,frames/1071e7b8f6393e14f582f482.png,"[[0.584695,0.469603],[0.854648,0.742249],[0.538059,0.785299],[0.8125,0.480764],[0.519225,0.483953],[0.547027,0.377126],[0.355099,0.509464],[0.485144,0.394665],[0.703081,0.125209],[0.457341,0.643394],[0.796355,0.362778],[0.228641,0.24479],[0.851961,0.542947],[0.05196,0.762976]]"
10c7b2b4e7919b13bdd2b83c,frames/10c7b2b4e7919b13bdd2b83c.png,"[[0.15779,0.539758],[0.111153,0.866614],[0.246579,0.649772],[0.199942,0.412204],[0.128193,0.673689],[0.607117,0.187392],[0.564068,0.227251],[0.337162,0.955556],[0.436713,0.676878],[0.576623,0.141153],[0.701288,0.729493],[0.740749,0.131586],[0.77752,0.350022],[0.797252,0.211307],[0.66362,0.445687],[0.832227,0.166664],[0.195458,0.740654],[0.450166,0.625857],[0.74613,0.232035],[0.184695,0.576429],[0.975,0.847481],[0.522812,0.955556],[0.107566,0.946335],[0.270795,0.774138],[0.323709,0.694417],[0.643888,0.118831],[0.314741,0.047082],[0.549718,0.048677]]"
11148d8c259dda5f65ef7ef7,frames/11148d8c259dda5f65ef7ef7.png,"[[0.578974,0.106396],[0.47948,0.3706],[0.495853,0.480312],[0.584016,0.236259],[0.639427,0.791535],[0.431621,0.827359],[0.718776,0.426576],[0.560083,0.630326],[0.465626,0.943788],[0.654542,0.746755]]"
1115aa0aa7b83b8366c0fb7a,frames/1115aa0aa7b83b8366c0fb7a.png,"[[0.667135,0.708692],[0.480739,0.368361],[0.493333,0.473594],[0.395097,0.25641],[0.751521,0.578829],[0.291822,0.518375],[0.332124,0.249694],[0.606682,0.843032],[0.382502,0.146699],[0.665875,0.592263]]"
1119f5396c179dd754fee133,frames/1119f5396c179dd754fee133.png,"[[0.197252,0.338861],[0.21788,0.416988],[0.254651,0.520625],[0.176623,0.665717],[0.231332,0.922418],[0.271691,0.458442],[0.416983,0.372343],[0.370346,0.378721],[0.871688,0.928796],[0.445682,0.321322],[0.410705,0.495114],[0.506669,0.845886],[0.46362,0.447282],[0.541646,0.533381],[0.558687,0.821969],[0.473485,0.499897],[0.679762,0.880964],[0.573934,0.238413],[0.688731,0.254357],[0.699494,0.609912],[0.025,0.61629]]"
1135d5a401fae975a3420191,frames/1135d5a401fae975a3420191.png,"[[0.660839,0.693019],[0.481998,0.3706],[0.494593,0.478073],[0.560083,0.265367],[0.698625,0.654955],[0.383761,0.858706],[0.317011,0.681823],[0.605422,0.858706],[0.290562,0.361644],[0.669656,0.594502]]"
113b410c1e5e9845e0ef609d,frames/113b410c1e5e9845e0ef609d.png,"[[0.077072,0.557296],[0.112947,0.783704],[0.31205,0.716739],[0.199045,0.644989],[0.307566,0.649772],[0.182902,0.399449],[0.422364,0.528597],[0.358687,0.512653],[0.111153,0.635422],[0.503978,0.955556],[0.59187,0.173041],[0.590973,0.251168],[0.516534,0.785299],[0.631332,0.81081],[0.542543,0.214496],[0.694112,0.638611],[0.764068,0.088537],[0.779314,0.351617],[0.815188,0.289433],[0.714741,0.337267],[0.871688,0.270301],[0.149718,0.71355],[0.446579,0.632235],[0.794561,0.211307],[0.140749,0.466414],[0.955992,0.71355],[0.573934,0.874586],[0.19187,0.908068],[0.295906,0.922418],[0.188283,0.79646]]"
113cf0ac76f518a2d5681c85,frames/113cf0ac76f518a2d5681c85.png,"[[0.553786,0.614653],[0.61676,0.69078],[0.481998,0.146699],[0.293082,0.560917],[0.373686,0.278801],[0.542452,0.216108],[0.509706,0.207152],[0.552526,0.399707],[0.636911,0.782579],[0.425323,0.200435]]"
118f87706581308cbf1d13af,frames/118f87706581308cbf1d13af.png,"[[0.202633,0.383504],[0.169449,0.662528],[0.104875,0.633829],[0.695009,0.520625],[0.315638,0.812403],[0.613395,0.531786],[0.158687,0.829942],[0.664516,0.340456],[0.636713,0.416988],[0.033126,0.662528],[0.54344,0.464819],[0.077969,0.267112],[0.460032,0.389882],[0.218777,0.955556]]"
11bdb420ff4388104c31fe1b,frames/11bdb420ff4388104c31fe1b.png,"[[0.025,0.702389],[0.303081,0.584401],[0.616086,0.3277],[0.660032,0.102887],[0.728193,0.676878],[0.659975,0.29736],[0.834477,0.263604],[0.768552,0.450471],[0.755816,0.067502],[0.656358,0.337544],[0.710256,0.144342],[0.573176,0.247531],[0.164965,0.196957],[0.336265,0.806026],[0.367655,0.836319],[0.672603,0.603812],[0.592567,0.747697],[0.597963,0.371997],[0.353305,0.621074],[0.498597,0.554107],[0.535368,0.416988],[0.515637,0.732682],[0.485144,0.818781],[0.616983,0.732682],[0.368552,0.522219],[0.442991,0.3277],[0.41788,0.514247],[0.594561,0.464819],[0.44927,0.475981],[0.442991,0.531786],[0.480659,0.534975],[0.452857,0.365967],[0.416983,0.391476],[0.582005,0.79646],[0.46631,0.94474]]"
11ea31be8bb28f21522cb0a3,frames/11ea31be8bb28f21522cb0a3.png,"[[0.045682,0.55889],[0.070794,0.436121],[0.065413,0.751815],[0.089628,0.842697],[0.178417,0.745437],[0.159584,0.863425],[0.041198,0.955556],[0.127296,0.955556],[0.125502,0.196957],[0.178417,0.044444],[0.294112,0.131586],[0.300391,0.262329],[0.181108,0.525408],[0.253754,0.654556],[0.250166,0.802838],[0.41788,0.531786],[0.53178,0.852264],[0.578417,0.436121],[0.601736,0.609912],[0.678866,0.533381],[0.708462,0.809215],[0.740749,0.576429],[0.58918,0.147531],[0.725502,0.378721],[0.762274,0.066215],[0.779314,0.361183],[0.800839,0.420176],[0.77214,0.217685],[0.860031,0.442499],[0.680659,0.13637],[0.041198,0.681661],[0.441198,0.941551]]"
1204e4a7fdcee5597e51919d,frames/1204e4a7fdcee5597e51919d.png,"[[0.028642,0.727899],[0.147924,0.632235],[0.366759,0.912851],[0.42057,0.498303],[0.604427,0.348428],[0.642095,0.829942],[0.515637,0.640206],[0.582005,0.299],[0.54344,0.203335],[0.397252,0.576429],[0.597252,0.059837],[0.691422,0.28465],[0.728193,0.672094],[0.555996,0.234671],[0.820008,0.231456],[0.773037,0.45366],[0.820008,0.152694],[0.57408,0.363262],[0.539722,0.400232],[0.303081,0.613101],[0.341711,0.628482],[0.593971,0.46935],[0.431223,0.659022],[0.489088,0.424343],[0.17214,0.94474],[0.584695,0.654556],[0.42057,0.729493],[0.385592,0.914446],[0.57483,0.798054],[0.556901,0.294144],[0.45021,0.35844],[0.4977,0.743843],[0.461826,0.401043],[0.450166,0.354806],[0.025,0.338861],[0.535368,0.350022]]"
120c97ee77b42e913deb3be8,frames/120c97ee77b42e913deb3be8.png,"[[0.23492,0.710361],[0.756893,0.233629],[0.460929,0.131586],[0.538059,0.109264],[0.164965,0.751815],[0.25196,0.933579],[0.938062,0.606724],[0.104875,0.581212],[0.13178,0.794865],[0.321019,0.668906],[0.366759,0.420176],[0.384695,0.755004],[0.77214,0.10767],[0.368552,0.887342],[0.653754,0.166664],[0.461826,0.555701],[0.342543,0.522219]]"
1221feba093f458f8a5c5a75,frames/1221feba093f458f8a5c5a75.png,"[[0.63313,0.693019],[0.481998,0.368361],[0.494593,0.478073],[0.576458,0.260888],[0.672177,0.650477],[0.412729,0.863183],[0.484517,0.84751],[0.587792,0.854227],[0.308195,0.594502],[0.662099,0.601219]]"
125ec8297686696ea2e23c75,frames/125ec8297686696ea2e23c75.png,"[[0.730109,0.64376],[0.480739,0.377318],[0.489555,0.473594],[0.727589,0.453444],[0.745224,0.590023],[0.381243,0.466878],[0.770411,0.491506],[0.599125,0.843032],[0.493333,0.863183],[0.665875,0.601219]]"
1264e8c8c4c38992431bb812,frames/1264e8c8c4c38992431bb812.png,"[[0.531117,0.144459],[0.553786,0.621369],[0.47696,0.216108],[0.420895,0.186922],[0.376205,0.227303],[0.6155,0.258649],[0.575198,0.178044],[0.557568,0.413142],[0.531117,0.858706],[0.529857,0.231781]]"
127ceeccefaea1a34e4e2810,frames/127ceeccefaea1a34e4e2810.png,"[[0.454291,0.605696],[0.481998,0.368361],[0.492074,0.518375],[0.599125,0.249694],[0.653281,0.903485],[0.662099,0.146699],[0.725073,0.276561],[0.624318,0.388512],[0.765375,0.634804],[0.669656,0.838555]]"
128ab916bc773afc10b5a8c8,frames/128ab916bc773afc10b5a8c8.png,"[[0.670917,0.699735],[0.481998,0.377318],[0.494593,0.487029],[0.578974,0.269844],[0.721292,0.645999],[0.398875,0.831837],[0.289303,0.69078],[0.604167,0.851988],[0.334643,0.236259],[0.665875,0.594502]]"
128cd727512732004d42b186,frames/128cd727512732004d42b186.png,"[[0.153305,0.536569],[0.119225,0.841103],[0.247476,0.648178],[0.190077,0.413799],[0.125502,0.657744],[0.600839,0.181013],[0.592767,0.24479],[0.375727,0.912851],[0.458238,0.702389],[0.551512,0.165069],[0.703978,0.71355],[0.740749,0.133181],[0.780211,0.351617],[0.798148,0.222468],[0.686041,0.409015],[0.86093,0.181013],[0.181108,0.73906],[0.445682,0.632235],[0.750615,0.23044],[0.179314,0.566862],[0.975,0.828347],[0.524606,0.928796],[0.120122,0.935174],[0.272588,0.839508],[0.292319,0.710361],[0.647476,0.131586],[0.317431,0.044444],[0.550615,0.044444]]"
129aa850143b6fb0559418a7,frames/129aa850143b6fb0559418a7.png,"[[0.908461,0.450471],[0.865414,0.60194],[0.885141,0.171447],[0.451063,0.58759],[0.18918,0.464819],[0.459135,0.654556],[0.568552,0.732682],[0.724834,0.501378],[0.874383,0.678472],[0.926398,0.637017],[0.455548,0.533381],[0.17483,0.606724],[0.860031,0.267112],[0.722813,0.735871],[0.178417,0.361183],[0.514741,0.72471],[0.861828,0.420176],[0.548821,0.624262],[0.43492,0.431338],[0.808016,0.657744],[0.573037,0.680067],[0.442095,0.495114],[0.14344,0.479169],[0.679762,0.799649],[0.532677,0.299],[0.335368,0.389882],[0.659135,0.554107],[0.272588,0.391476],[0.52909,0.536569],[0.156358,0.388981],[0.76048,0.479169],[0.798148,0.373938],[0.754202,0.812403],[0.920125,0.25914],[0.110256,0.643394],[0.904875,0.742249],[0.111153,0.495114],[0.868102,0.383504],[0.103081,0.420176],[0.945234,0.576429],[0.246579,0.955556]]"
12baf2788f70c8c4076cae73,frames/12baf2788f70c8c4076cae73.png,"[[0.430361,0.787056],[0.481998,0.377318],[0.494593,0.502702],[0.587792,0.249694],[0.631875,0.827359],[0.591568,0.538526],[0.722552,0.446727],[0.571417,0.457921],[0.68225,0.699735],[0.646984,0.773623]]"
12bf1f2c708cfeff6d85150e,frames/12bf1f2c708cfeff6d85150e.png,"[[0.310714,0.538526],[0.68225,0.80273],[0.343459,0.310146],[0.517263,0.328059],[0.737667,0.601219],[0.686031,0.115352],[0.740182,0.200435],[0.518522,0.157894],[0.645724,0.762428],[0.395097,0.701974]]"
12c8db6c33cad498e314af31,frames/12c8db6c33cad498e314af31.png,"[[0.811875,0.758681],[0.025,0.648957],[0.185592,0.613101],[0.071691,0.71355],[0.866312,0.603535],[0.134471,0.707172],[0.706991,0.483817],[0.622904,0.433988],[0.077969,0.487142],[0.558687,0.716739],[0.963172,0.694417],[0.808016,0.606724],[0.653754,0.503086],[0.454651,0.520625],[0.18918,0.55889],[0.970344,0.386693],[0.493216,0.225657],[0.51205,0.43931],[0.540749,0.539758],[0.741646,0.629046],[0.598148,0.598751],[0.561377,0.464819],[0.494113,0.316539],[0.669001,0.362778],[0.472588,0.606724],[0.43761,0.3277],[0.35779,0.499897],[0.555996,0.71355],[0.330884,0.332483],[0.667207,0.506275],[0.414292,0.640206],[0.77752,0.688039],[0.727296,0.388288],[0.025,0.206524],[0.861828,0.65615],[0.213395,0.373938],[0.14344,0.633829],[0.839406,0.420176],[0.057341,0.405826],[0.112947,0.55889],[0.068655,0.281285]]"
12f3259846b6611461abbfc6,frames/12f3259846b6611461abbfc6.png,"[[0.028642,0.705578],[0.275279,0.589185],[0.595458,0.294217],[0.684247,0.104481],[0.728193,0.676878],[0.629234,0.257174],[0.843516,0.263604],[0.768552,0.450471],[0.755816,0.078753],[0.682579,0.337544],[0.686938,0.193768],[0.586738,0.225026],[0.126399,0.137964],[0.320122,0.743843],[0.40353,0.6705],[0.669905,0.629392],[0.52692,0.694939],[0.550301,0.284068],[0.34613,0.6705],[0.486937,0.299],[0.573037,0.461631],[0.556893,0.383504],[0.545234,0.629046],[0.476175,0.621074],[0.588283,0.627451],[0.392767,0.475981],[0.461826,0.332483],[0.385592,0.592374],[0.521916,0.58759],[0.432229,0.420176],[0.539852,0.431338],[0.445682,0.681661],[0.458238,0.370749]]"
130941a507a2c8aa2ca0d1af,frames/130941a507a2c8aa2ca0d1af.png,"[[0.562604,0.621369],[0.453031,0.793774],[0.474442,0.139981],[0.377465,0.827359],[0.376205,0.272083],[0.497112,0.276561],[0.47948,0.231781],[0.52356,0.43777],[0.691068,0.487029],[0.43288,0.209391]]"
132ef19a4dd59636bf095a5d,frames/132ef19a4dd59636bf095a5d.png,"[[0.051063,0.539758],[0.173037,0.252762],[0.64927,0.058243],[0.469001,0.611507],[0.646579,0.370749],[0.735368,0.480764],[0.169449,0.147531],[0.846578,0.405826],[0.822367,0.070998],[0.564965,0.169852],[0.965859,0.495114],[0.559584,0.750221],[0.801736,0.174636],[0.787386,0.955556],[0.041198,0.646583],[0.967656,0.171447],[0.944336,0.209712],[0.501288,0.064621],[0.333574,0.086943],[0.315638,0.72471],[0.751512,0.182608],[0.716534,0.044444]]"
1361ad150f7e828ecd65bbd0,frames/1361ad150f7e828ecd65bbd0.png,"[[0.025,0.75341],[0.168552,0.57324],[0.311153,0.469603],[0.636713,0.144342],[0.375727,0.654556],[0.592767,0.487142],[0.578417,0.05346],[0.660032,0.252762],[0.72909,0.676878],[0.560517,0.225026],[0.822727,0.225026],[0.77214,0.455254],[0.808258,0.123761],[0.674441,0.360047],[0.359584,0.491925],[0.361377,0.924012],[0.641198,0.517436],[0.596684,0.242708],[0.457443,0.319862],[0.551512,0.483953],[0.397252,0.747032],[0.460032,0.321322],[0.230435,0.214496],[0.582902,0.305378],[0.392767,0.834725],[0.477072,0.57324],[0.408911,0.654556],[0.44927,0.338861],[0.363171,0.595562],[0.547924,0.528597],[0.513844,0.646583],[0.424158,0.592374],[0.56379,0.43115],[0.565588,0.592621],[0.616848,0.694939],[0.515229,0.464724],[0.660013,0.947537],[0.404617,0.872397]]"
1367652e4b954e6316b225d4,frames/1367652e4b954e6316b225d4.png,"[[0.472697,0.478902],[0.496953,0.827794],[0.566411,0.518104],[0.548771,0.418141],[0.517901,0.584745],[0.609203,0.426576],[0.69988,0.527331],[0.489555,0.135504],[0.714995,0.422097],[0.755297,0.448966]]"
136c7c28ee4f02ec3af5bb52,frames/136c7c28ee4f02ec3af5bb52.png,"[[0.154202,0.372343],[0.328193,0.648178],[0.254651,0.874586],[0.621467,0.334078],[0.63761,0.276679],[0.029539,0.562079],[0.656445,0.691228],[0.505772,0.45366],[0.747678,0.668667],[0.609342,0.461314],[0.410427,0.692778],[0.510788,0.385765],[0.463772,0.102864],[0.695906,0.17623],[0.216983,0.397854],[0.61788,0.155503],[0.369449,0.785299],[0.413395,0.303783],[0.258238,0.648178],[0.422364,0.590779],[0.479762,0.389882],[0.025,0.3564],[0.51205,0.102887]]"
1375b7fbf87e8c7f991c15eb,frames/1375b7fbf87e8c7f991c15eb.png,"[[0.420285,0.567633],[0.481998,0.377318],[0.499631,0.509419],[0.589052,0.247455],[0.639427,0.863183],[0.663359,0.406424],[0.720031,0.473594],[0.591568,0.457921],[0.687286,0.57659],[0.646984,0.798252]]"
139ea67bdf47b6f4b6dfc2ca,frames/139ea67bdf47b6f4b6dfc2ca.png,"[[0.225951,0.338861],[0.223261,0.409015],[0.170346,0.667311],[0.158687,0.955556],[0.039404,0.58759],[0.846578,0.751815],[0.653754,0.807621],[0.548821,0.676878],[0.37483,0.665717],[0.511153,0.311756],[0.632229,0.912851],[0.684247,0.306972],[0.752409,0.423365],[0.20353,0.275085],[0.194561,0.517436],[0.381108,0.512653],[0.333574,0.372343]]"
13a9cc2902bd2d4f6472a844,frames/13a9cc2902bd2d4f6472a844.png,"[[0.612979,0.612414],[0.47948,0.368361],[0.498371,0.478073],[0.573938,0.276561],[0.644469,0.746755],[0.354794,0.807208],[0.553786,0.717647],[0.541192,0.80273],[0.38754,0.903485],[0.653281,0.679584]]"
13ae4cefe42ac5e52afb4aeb,frames/13ae4cefe42ac5e52afb4aeb.png,"[[0.256445,0.644989],[0.55779,0.316539],[0.430435,0.163475],[0.729987,0.673689],[0.742253,0.424343],[0.855273,0.273249],[0.764068,0.45366],[0.775707,0.04982],[0.527063,0.188057],[0.75779,0.063026],[0.37214,0.117237],[0.440301,0.888936],[0.625841,0.450335],[0.318328,0.442499],[0.443888,0.316539],[0.418777,0.834725],[0.272588,0.506275],[0.278866,0.73906],[0.356893,0.885747],[0.296803,0.501492],[0.36048,0.405826],[0.452923,0.483817],[0.419469,0.506321],[0.585834,0.570617],[0.470102,0.612408],[0.564134,0.430772],[0.368835,0.535253],[0.381494,0.371299],[0.504459,0.622053],[0.518022,0.353618],[0.525255,0.548112],[0.945688,0.810118],[0.429414,0.408269],[0.554188,0.847088],[0.458347,0.376121],[0.497226,0.422736]]"
13f0a056072ca4af8e44ce10,frames/13f0a056072ca4af8e44ce10.png,"[[0.46939,0.488703],[0.495851,0.823873],[0.56862,0.520064],[0.547672,0.41422],[0.527824,0.561225],[0.612979,0.428815],[0.697365,0.518375],[0.493333,0.139981],[0.716255,0.426576],[0.756557,0.442248]]"
140d2295cbf54ebf2e0178bc,frames/140d2295cbf54ebf2e0178bc.png,"[[0.05196,0.546135],[0.025,0.479169],[0.086938,0.750221],[0.155099,0.813997],[0.175727,0.740654],[0.208911,0.802838],[0.13178,0.955556],[0.144337,0.305378],[0.448373,0.260735],[0.313844,0.394665],[0.175727,0.554107],[0.273485,0.659339],[0.284247,0.774138],[0.54344,0.865019],[0.621467,0.225657],[0.533574,0.487142],[0.667207,0.649772],[0.716534,0.855453],[0.761377,0.61629],[0.563171,0.142747],[0.736265,0.450471],[0.776623,0.058243],[0.77483,0.361183],[0.809805,0.409015],[0.758687,0.247979],[0.865414,0.397854],[0.677072,0.12202],[0.105772,0.673689],[0.446579,0.801243],[0.888734,0.13637],[0.053754,0.278274],[0.776623,0.137964],[0.712947,0.069404],[0.950617,0.566862]]"
140e9536c8883893c456756f,frames/140e9536c8883893c456756f.png,"[[0.915641,0.43931],[0.865414,0.60194],[0.900391,0.158691],[0.453754,0.579618],[0.178417,0.466414],[0.476175,0.644989],[0.579314,0.745437],[0.736265,0.522219],[0.869898,0.672094],[0.919227,0.621074],[0.43761,0.546135],[0.171243,0.598751],[0.865414,0.278274],[0.738059,0.6992],[0.170346,0.350022],[0.510256,0.721522],[0.869898,0.42496],[0.569449,0.625857],[0.407117,0.450471],[0.817883,0.643394],[0.559584,0.688039],[0.431332,0.503086],[0.147027,0.491925],[0.680659,0.785299],[0.527296,0.3277],[0.366759,0.361183],[0.642095,0.547729],[0.286937,0.401043],[0.559584,0.554107],[0.166304,0.397018],[0.761377,0.480764],[0.79187,0.388288],[0.750615,0.817186],[0.923711,0.254357],[0.119225,0.649772],[0.891422,0.740654],[0.121019,0.506275],[0.859133,0.365967],[0.115638,0.397854],[0.94075,0.539758],[0.254651,0.955556],[0.039404,0.455254]]"
14137513ff87917f6db61c3d,frames/14137513ff87917f6db61c3d.png,"[[0.586531,0.639281],[0.480739,0.3706],[0.493333,0.473594],[0.573938,0.269844],[0.657062,0.722125],[0.337162,0.753471],[0.585271,0.731081],[0.542452,0.807208],[0.349757,0.863183],[0.660839,0.659433]]"
1452acca00e896cb17fcfbee,frames/1452acca00e896cb17fcfbee.png,"[[0.631875,0.693019],[0.47948,0.368361],[0.493333,0.478073],[0.571417,0.276561],[0.674693,0.661672],[0.429102,0.834076],[0.488296,0.907964],[0.553786,0.834076],[0.306935,0.596741],[0.665875,0.605696]]"
14795b64a46fc76bf0060202,frames/14795b64a46fc76bf0060202.png,"[[0.441826,0.614146],[0.493645,0.829754],[0.675562,0.731751],[0.498055,0.284856],[0.539952,0.567106],[0.61424,0.426576],[0.686031,0.563156],[0.630615,0.099679],[0.713734,0.413142],[0.757818,0.442248]]"
14924154fcc5ab3cc4a848e0,frames/14924154fcc5ab3cc4a848e0.png,"[[0.68351,0.69078],[0.47948,0.368361],[0.495853,0.482551],[0.427842,0.357166],[0.74774,0.569872],[0.303157,0.473594],[0.344719,0.236259],[0.606682,0.858706],[0.369908,0.16685],[0.665875,0.59898]]"
14c7814bb60ac710534c0ec3,frames/14c7814bb60ac710534c0ec3.png,"[[0.32079,0.457921],[0.745224,0.668389],[0.352276,0.276561],[0.422805,0.538526],[0.645724,0.305669],[0.728849,0.258649],[0.736406,0.377318],[0.510966,0.124308],[0.648245,0.731081],[0.582755,0.834076]]"
14c876ed2ec97f03535e6af8,frames/14c876ed2ec97f03535e6af8.png,"[[0.241198,0.807621],[0.524606,0.801243],[0.506669,0.365967],[0.356893,0.860236],[0.614292,0.394665],[0.460929,0.475981],[0.305772,0.807621],[0.448373,0.579618],[0.35779,0.732682],[0.17752,0.361183],[0.524606,0.397854],[0.567655,0.576429],[0.362274,0.72471],[0.675279,0.394665],[0.476175,0.412204],[0.554766,0.295346]]"
14f9aa0a50c28e8187e87a77,frames/14f9aa0a50c28e8187e87a77.png,"[[0.332124,0.563156],[0.43288,0.798252],[0.413989,0.287756],[0.693583,0.267606],[0.641948,0.628087],[0.665875,0.225064],[0.638172,0.043704],[0.563865,0.204913],[0.640688,0.440009],[0.324568,0.397469]]"
1512e436ef6b938e8369a94e,frames/1512e436ef6b938e8369a94e.png,"[[0.745224,0.639281],[0.481998,0.377318],[0.487036,0.473594],[0.757818,0.426576],[0.749,0.578829],[0.3422,0.377318],[0.354794,0.28104],[0.601646,0.84751],[0.291822,0.307907],[0.662099,0.592263]]"
153be7cc5eb82057815a0636,frames/153be7cc5eb82057815a0636.png,"[[0.086041,0.300594],[0.20622,0.254357],[0.659135,0.044444],[0.562274,0.896908],[0.585592,0.801243],[0.753305,0.509464],[0.047476,0.917635],[0.673485,0.118831],[0.315638,0.461631],[0.521916,0.044444],[0.596355,0.173041],[0.816984,0.27349],[0.154202,0.220874],[0.857344,0.735871],[0.63492,0.71355],[0.738059,0.048677],[0.882453,0.051865],[0.915641,0.206524],[0.442991,0.951118],[0.945234,0.343644]]"
1567090a07107242fb8e6a60,frames/1567090a07107242fb8e6a60.png,"[[0.338422,0.180284],[0.411469,0.69078],[0.377465,0.751232],[0.480739,0.75795],[0.536155,0.278801],[0.592828,0.204913],[0.722552,0.722125],[0.66462,0.68854],[0.770411,0.538526],[0.777969,0.410903]]"
157964c3639800c7a6f61f30,frames/157964c3639800c7a6f61f30.png,"[[0.457341,0.495114],[0.34613,0.672094],[0.881555,0.310161],[0.813398,0.137964],[0.754202,0.23044],[0.402633,0.423365],[0.573037,0.147531],[0.615189,0.044444],[0.162274,0.077376],[0.072588,0.825158],[0.064516,0.125209],[0.211602,0.115642]]"
158a90258480b54e3ea3649e,frames/158a90258480b54e3ea3649e.png,"[[0.958687,0.409015],[0.866312,0.60194],[0.952406,0.206524],[0.394561,0.624262],[0.13178,0.444093],[0.538955,0.600346],[0.634023,0.727899],[0.823258,0.584401],[0.952406,0.705578],[0.369449,0.60194],[0.082453,0.579618],[0.867203,0.283056],[0.815188,0.632235],[0.053754,0.316539],[0.565862,0.786893],[0.962273,0.316539],[0.624158,0.678472],[0.316534,0.550918],[0.909359,0.648178],[0.498597,0.705578],[0.347027,0.570051],[0.22057,0.534975],[0.656445,0.681661],[0.528193,0.483953],[0.410705,0.225657],[0.633126,0.469603],[0.335368,0.43931],[0.692319,0.600346],[0.244062,0.411485],[0.673485,0.522219],[0.74344,0.495114],[0.68335,0.863425],[0.975,0.232035],[0.212498,0.662528],[0.796355,0.72471],[0.181108,0.562079],[0.77483,0.372343],[0.193664,0.354806],[0.844789,0.528597],[0.310256,0.823564],[0.140749,0.520625],[0.086938,0.413799]]"
159371005535b31e7f129251,frames/159371005535b31e7f129251.png,"[[0.367655,0.740654],[0.440301,0.299],[0.729987,0.676878],[0.744966,0.421128],[0.806445,0.236278],[0.768552,0.455254],[0.780228,0.044998],[0.569559,0.069109],[0.829539,0.083754],[0.284247,0.236818],[0.599761,0.475914],[0.376623,0.394665],[0.380211,0.322917],[0.207117,0.45366],[0.122812,0.61629],[0.2977,0.466414],[0.391439,0.679919],[0.620191,0.376121],[0.870641,0.720104],[0.236828,0.782792],[0.353465,0.472565],[0.537913,0.472565],[0.545147,0.421128],[0.547859,0.411485],[0.623809,0.371299],[0.579505,0.379336],[0.408619,0.753858],[0.44927,0.58759],[0.443888,0.61629],[0.412498,0.632235],[0.861828,0.955556],[0.439404,0.499897],[0.493216,0.595562],[0.476175,0.3277],[0.55779,0.539758],[0.407117,0.377126],[0.40353,0.503086],[0.57483,0.044444],[0.510256,0.43931],[0.451063,0.3277]]"
15a0b5b14735f718ca223e40,frames/15a0b5b14735f718ca223e40.png,"[[0.684771,0.328059],[0.480739,0.3706],[0.497112,0.480312],[0.582755,0.285518],[0.63313,0.75795],[0.349757,0.791535],[0.696104,0.453444],[0.52356,0.778101],[0.422805,0.883334],[0.653281,0.697496]]"
15bd0b1ef2c1b36ba0e2e62a,frames/15bd0b1ef2c1b36ba0e2e62a.png,"[[0.440723,0.614146],[0.495851,0.827794],[0.718563,0.796432],[0.480415,0.371099],[0.563104,0.561225],[0.610464,0.298952],[0.698625,0.581068],[0.675953,0.104157],[0.717516,0.426576],[0.759078,0.43777]]"
15c8272f6eff2bb770959abb,frames/15c8272f6eff2bb770959abb.png,"[[0.584016,0.639281],[0.481998,0.3706],[0.494593,0.482551],[0.575198,0.276561],[0.66462,0.717647],[0.308195,0.746755],[0.602906,0.851988],[0.526079,0.87214],[0.347238,0.818403],[0.66462,0.637043]]"
15cceb8bcc0720487ef7aa77,frames/15cceb8bcc0720487ef7aa77.png,"[[0.83357,0.493461],[0.768473,0.789222],[0.15779,0.863425],[0.029539,0.624262],[0.130884,0.75341],[0.304875,0.621074],[0.244785,0.716739],[0.866312,0.600346],[0.255548,0.751815],[0.502651,0.487032],[0.476175,0.55889],[0.383798,0.456847],[0.636713,0.710361],[0.678962,0.551328],[0.59187,0.632235],[0.545234,0.562079],[0.625055,0.705578],[0.04927,0.377126],[0.739852,0.36756],[0.465413,0.281461],[0.382902,0.275085],[0.368552,0.477575],[0.427745,0.621074],[0.432229,0.528597],[0.726399,0.568457],[0.646579,0.635422],[0.375727,0.372343],[0.250166,0.654556],[0.671691,0.475981],[0.292319,0.383504],[0.355099,0.498303],[0.141646,0.345239],[0.770346,0.621074],[0.166759,0.581212],[0.895008,0.487142],[0.975,0.506275]]"
15ec95ad9c759608df78ddac,frames/15ec95ad9c759608df78ddac.png,"[[0.248373,0.702389],[0.553305,0.351617],[0.457341,0.120425],[0.72909,0.676878],[0.736828,0.424343],[0.857078,0.274856],[0.764965,0.45366],[0.766666,0.04982],[0.580409,0.2411],[0.761377,0.086943],[0.363171,0.086943],[0.353305,0.818781],[0.643826,0.469519],[0.56379,0.93155],[0.351512,0.565268],[0.444785,0.306972],[0.535368,0.254357],[0.453754,0.76776],[0.264516,0.517436],[0.4977,0.270301],[0.390973,0.735871],[0.489628,0.729493],[0.285144,0.576429],[0.458238,0.466414],[0.399942,0.409015],[0.489993,0.483817],[0.491801,0.63009],[0.425798,0.700815],[0.604821,0.766718],[0.452018,0.419521],[0.602109,0.646164],[0.328148,0.678311],[0.479143,0.40184],[0.493609,0.782792],[0.503555,0.326292],[0.503555,0.901739],[0.975,0.821369]]"
15ede454b35f408a91be09d3,frames/15ede454b35f408a91be09d3.png,"[[0.328346,0.43777],[0.495853,0.827359],[0.330865,0.569872],[0.636911,0.811686],[0.504668,0.066094],[0.643208,0.151177],[0.783005,0.569872],[0.652026,0.583306],[0.673432,0.73332],[0.751521,0.473594]]"
15fb29bda103c07229fa81fc,frames/15fb29bda103c07229fa81fc.png,"[[0.225055,0.865019],[0.471691,0.287839],[0.738955,0.707172],[0.492319,0.394665],[0.295009,0.896908],[0.622364,0.413799],[0.455548,0.498303],[0.303081,0.794865],[0.459135,0.579618],[0.335368,0.680067],[0.17483,0.370749],[0.549718,0.365967],[0.516534,0.520625],[0.336265,0.6705],[0.615189,0.276679],[0.431332,0.351617],[0.550905,0.294203]]"
16009297913303813399c928,frames/16009297913303813399c928.png,"[[0.415248,0.480312],[0.484517,0.377318],[0.493333,0.518375],[0.59787,0.249694],[0.653281,0.892291],[0.659578,0.187001],[0.73263,0.325819],[0.629354,0.390751],[0.764115,0.567633],[0.662099,0.831837]]"
160359a90437a5da85d9bcdf,frames/160359a90437a5da85d9bcdf.png,"[[0.347924,0.785299],[0.413395,0.247979],[0.729987,0.678472],[0.744966,0.422736],[0.816391,0.2411],[0.768552,0.455254],[0.776611,0.04982],[0.567751,0.072324],[0.808914,0.083754],[0.349718,0.225657],[0.570085,0.464724],[0.368552,0.383504],[0.393664,0.311756],[0.210705,0.444093],[0.149718,0.61629],[0.285144,0.834725],[0.284247,0.491925],[0.521638,0.274856],[0.410427,0.565794],[0.664495,0.353618],[0.87607,0.737785],[0.335381,0.644556],[0.458347,0.416307],[0.35889,0.416307],[0.57408,0.509535],[0.598492,0.453276],[0.607534,0.432381],[0.6654,0.355225],[0.586738,0.332722],[0.378781,0.821369],[0.547924,0.57324],[0.503081,0.750221],[0.434023,0.528597],[0.861828,0.955556],[0.460032,0.648178],[0.52909,0.421771],[0.476175,0.332483],[0.533574,0.512653],[0.442095,0.351617]]"
1646a8ec863d3091212b9de5,frames/1646a8ec863d3091212b9de5.png,"[[0.47822,0.713169],[0.480739,0.368361],[0.498371,0.50718],[0.587792,0.247455],[0.631875,0.831837],[0.606682,0.509419],[0.726333,0.448966],[0.573938,0.453444],[0.672177,0.668389],[0.649505,0.778101]]"
16772ab3d44e30a4eb02ba6d,frames/16772ab3d44e30a4eb02ba6d.png,"[[0.354202,0.727899],[0.442095,0.306972],[0.72909,0.678472],[0.742253,0.419521],[0.797407,0.236278],[0.77214,0.464819],[0.780228,0.04982],[0.565942,0.053035],[0.86093,0.096509],[0.224158,0.206524],[0.644725,0.535067],[0.370346,0.466414],[0.376623,0.322917],[0.18918,0.511058],[0.126399,0.603535],[0.317431,0.421771],[0.402289,0.700815],[0.615671,0.347189],[0.85075,0.723318],[0.367027,0.589904],[0.537913,0.413092],[0.615671,0.347189],[0.573176,0.376121],[0.436648,0.700815],[0.452857,0.389882],[0.407117,0.464819],[0.488731,0.705578],[0.856445,0.955556],[0.426848,0.911257],[0.471691,0.359589],[0.56048,0.581212],[0.361377,0.372343],[0.369449,0.696011],[0.569449,0.044444],[0.464516,0.555701],[0.416086,0.348428],[0.479762,0.483953],[0.517431,0.455254],[0.289628,0.941551],[0.349718,0.928796]]"
167c505c156eba8a8d5307a4,frames/167c505c156eba8a8d5307a4.png,"[[0.051063,0.542947],[0.025,0.45366],[0.079763,0.755004],[0.152409,0.820375],[0.182902,0.735871],[0.20622,0.821969],[0.147027,0.955556],[0.138059,0.283056],[0.413395,0.188986],[0.306669,0.365967],[0.175727,0.554107],[0.272588,0.660933],[0.275279,0.772543],[0.541646,0.868208],[0.619673,0.236818],[0.562274,0.542947],[0.680659,0.609912],[0.710256,0.823564],[0.762274,0.598751],[0.568552,0.137964],[0.734471,0.43931],[0.773037,0.064621],[0.77483,0.361183],[0.810703,0.394665],[0.755996,0.247979],[0.861828,0.409015],[0.677969,0.118831],[0.089628,0.667311],[0.440301,0.841103],[0.913844,0.115642],[0.03761,0.271896],[0.755099,0.160286],[0.708462,0.05346],[0.970344,0.57324]]"
16ac30e05a15b6e651165b23,frames/16ac30e05a15b6e651165b23.png,"[[0.181108,0.365967],[0.299494,0.386693],[0.34613,0.72471],[0.914742,0.662528],[0.277969,0.785299],[0.610705,0.337267],[0.677072,0.321322],[0.025054,0.557296],[0.68335,0.609912],[0.122812,0.892125],[0.58918,0.702389],[0.85075,0.453276],[0.625616,0.43881],[0.525255,0.686349],[0.449305,0.461314],[0.462868,0.144657],[0.713844,0.153908],[0.36048,0.423365],[0.66362,0.182608],[0.402633,0.858642],[0.41788,0.091726],[0.213395,0.892125],[0.431332,0.348428]]"
16aef4d296b6e81e0af13d3c,frames/16aef4d296b6e81e0af13d3c.png,"[[0.286937,0.716739],[0.524606,0.338861],[0.401736,0.243196],[0.72909,0.676878],[0.743157,0.427558],[0.838094,0.247531],[0.769449,0.45366],[0.777516,0.051428],[0.542434,0.102864],[0.799942,0.074187],[0.40353,0.188986],[0.552099,0.43115],[0.333574,0.337267],[0.399045,0.294217],[0.223261,0.447282],[0.225951,0.683256],[0.250166,0.794865],[0.344337,0.455254],[0.540626,0.371299],[0.608438,0.286107],[0.449305,0.408269],[0.416756,0.397018],[0.619288,0.249137],[0.898672,0.787614],[0.348944,0.501499],[0.480952,0.475779],[0.42851,0.398625],[0.469197,0.419521],[0.056901,0.955556],[0.538817,0.650986],[0.576792,0.400232],[0.630138,0.388981],[0.622,0.250744],[0.57408,0.281285],[0.388727,0.835836],[0.55779,0.750221],[0.555099,0.874586],[0.521019,0.458442],[0.968555,0.955556],[0.499494,0.955556]]"
16c723acad3e4577bc767d5e,frames/16c723acad3e4577bc767d5e.png,"[[0.025,0.702389],[0.31205,0.58759],[0.619673,0.351617],[0.644785,0.091726],[0.728193,0.676878],[0.668112,0.303789],[0.834477,0.263604],[0.766759,0.450471],[0.75672,0.061072],[0.651838,0.332722],[0.723709,0.125209],[0.573176,0.247531],[0.17483,0.203335],[0.328193,0.821969],[0.364965,0.877775],[0.669905,0.595818],[0.596164,0.765283],[0.609653,0.402374],[0.347027,0.614696],[0.471691,0.593968],[0.507566,0.756599],[0.501288,0.860236],[0.630435,0.774138],[0.367655,0.528597],[0.442095,0.316539],[0.416086,0.475981],[0.590973,0.442499],[0.460032,0.483953],[0.441198,0.579618],[0.505772,0.503086],[0.435816,0.36756],[0.400839,0.409015],[0.60622,0.766165],[0.460929,0.941551],[0.430435,0.928796],[0.480659,0.955556]]"
16e0c44e8733e6aea6ae5f09,frames/16e0c44e8733e6aea6ae5f09.png,"[[0.049667,0.668667],[0.506268,0.491854],[0.302832,0.397018],[0.384206,0.384158],[0.513501,0.636519],[0.025,0.597942],[0.60663,0.432381],[0.559613,0.589904],[0.362274,0.517436],[0.163591,0.442025],[0.594875,0.659022],[0.11205,0.614696],[0.147027,0.825158],[0.805323,0.450471],[0.673485,0.688039],[0.825055,0.533381],[0.862719,0.436121],[0.866125,0.657415],[0.952016,0.514357],[0.831336,0.58759],[0.54344,0.672094],[0.827242,0.768325],[0.622364,0.625857],[0.628641,0.432932],[0.869898,0.593968],[0.942547,0.721522],[0.699494,0.517436],[0.322812,0.638611],[0.181674,0.393803],[0.22057,0.643394],[0.775727,0.732682],[0.904875,0.743843],[0.172633,0.532039],[0.128193,0.420176],[0.076175,0.490331],[0.972141,0.794865],[0.025,0.252762]]"
16e34b2a5d2346b486fc0abf,frames/16e34b2a5d2346b486fc0abf.png,"[[0.314492,0.567633],[0.313233,0.69078],[0.456809,0.251932],[0.512225,0.21163],[0.509706,0.560917],[0.670917,0.605696],[0.68099,0.457921],[0.572677,0.339254],[0.553786,0.522853],[0.689807,0.527331]]"
1773fa82a1695aaaf4781719,frames/1773fa82a1695aaaf4781719.png,"[[0.600385,0.625848],[0.47948,0.368361],[0.494593,0.487029],[0.573938,0.276561],[0.645724,0.746755],[0.349757,0.778101],[0.563865,0.708692],[0.539933,0.813925],[0.368648,0.896769],[0.652026,0.675106]]"
1774cbad7643c960ca7abfe5,frames/1774cbad7643c960ca7abfe5.png,"[[0.034297,0.42595],[0.0786,0.575439],[0.173537,0.485424],[0.088546,0.874414],[0.257624,0.258782],[0.281132,0.339151],[0.276611,0.496676],[0.211512,0.617231],[0.338094,0.466136],[0.299215,0.405054],[0.359584,0.338861],[0.302832,0.433988],[0.407714,0.488639],[0.324606,0.565268],[0.304875,0.648178],[0.498597,0.522219],[0.419673,0.688039],[0.556893,0.595562],[0.582902,0.436121],[0.617479,0.605979],[0.631946,0.467743],[0.610705,0.643394],[0.57483,0.742249],[0.699758,0.737785],[0.674382,0.528597],[0.677072,0.386693],[0.868102,0.598751],[0.943883,0.382551],[0.969445,0.522219],[0.886039,0.409015]]"
178510e3929e7d8e125695b9,frames/178510e3929e7d8e125695b9.png,"[[0.668396,0.710931],[0.481998,0.3706],[0.493333,0.480312],[0.512225,0.236259],[0.749,0.578829],[0.309454,0.581068],[0.306935,0.34821],[0.605422,0.854227],[0.420285,0.131026],[0.660839,0.594502]]"
17bf90ad3611fd3effeb7741,frames/17bf90ad3611fd3effeb7741.png,"[[0.649505,0.388512],[0.620536,0.321342],[0.454291,0.247455],[0.344719,0.25641],[0.358573,0.287756],[0.54749,0.209391],[0.502149,0.160132],[0.557568,0.408663],[0.531117,0.876618],[0.412729,0.276561]]"
184ab533d4ef53c087244098,frames/184ab533d4ef53c087244098.png,"[[0.74774,0.641521],[0.481998,0.368361],[0.490815,0.480312],[0.703661,0.368361],[0.745224,0.581068],[0.343459,0.388512],[0.352276,0.285518],[0.605422,0.838555],[0.288044,0.325819],[0.665875,0.596741]]"
187a26e4068d5e6427f4cff0,frames/187a26e4068d5e6427f4cff0.png,"[[0.688547,0.684062],[0.481998,0.372839],[0.495853,0.480312],[0.436658,0.377318],[0.74774,0.57659],[0.313233,0.457921],[0.339681,0.231781],[0.605422,0.843032],[0.368648,0.160132],[0.667135,0.59898]]"
1903880138ea2e40c1e07f96,frames/1903880138ea2e40c1e07f96.png,"[[0.225055,0.340456],[0.224158,0.41061],[0.170346,0.660933],[0.161377,0.955556],[0.043888,0.611507],[0.842094,0.710361],[0.630435,0.777326],[0.55779,0.649772],[0.332677,0.721522],[0.633126,0.90169],[0.687834,0.310161],[0.6977,0.431338],[0.215189,0.276679],[0.164965,0.539758],[0.445682,0.528597],[0.273485,0.386693]]"
191e9405f49243d2860e5251,frames/191e9405f49243d2860e5251.png,"[[0.721292,0.645999],[0.47948,0.368361],[0.492074,0.469117],[0.475701,0.630326],[0.75026,0.57435],[0.358573,0.446727],[0.340941,0.247455],[0.605422,0.854227],[0.352276,0.175806],[0.662099,0.594502]]"
192e356e62e3c94d69352dc8,frames/192e356e62e3c94d69352dc8.png,"[[0.54875,0.69078],[0.650766,0.771383],[0.426583,0.126548],[0.475701,0.858706],[0.592828,0.175806],[0.662099,0.207152],[0.720031,0.457921],[0.495853,0.276561],[0.41021,0.549721],[0.709958,0.742277]]"
1933d149b9d1570c01737231,frames/1933d149b9d1570c01737231.png,"[[0.575727,0.702389],[0.573934,0.584401],[0.265413,0.936768],[0.185592,0.354806],[0.598148,0.750221],[0.607117,0.044444],[0.242095,0.766165],[0.661826,0.657744],[0.654651,0.169852],[0.712947,0.517436],[0.511153,0.394665],[0.628641,0.345239],[0.470795,0.68485],[0.460032,0.517436],[0.416086,0.434526],[0.401736,0.397854],[0.055548,0.869803],[0.495906,0.299],[0.427745,0.318133],[0.57214,0.214496]]"
1957353c5dd3ed6d657871ff,frames/1957353c5dd3ed6d657871ff.png,"[[0.295009,0.761382],[0.527296,0.332483],[0.401736,0.25914],[0.72909,0.676878],[0.743157,0.427558],[0.827242,0.242708],[0.769449,0.45366],[0.776611,0.04982],[0.551476,0.091613],[0.800839,0.070998],[0.385592,0.203335],[0.554797,0.439143],[0.340749,0.343644],[0.385592,0.295811],[0.223261,0.447282],[0.211602,0.676878],[0.18918,0.809215],[0.322812,0.461631],[0.54153,0.371299],[0.586738,0.258782],[0.399577,0.443632],[0.640988,0.250744],[0.890539,0.77154],[0.333573,0.514357],[0.459252,0.445239],[0.413139,0.411485],[0.488184,0.43881],[0.071367,0.955556],[0.523447,0.562579],[0.580409,0.411485],[0.616575,0.405054],[0.64822,0.260389],[0.575888,0.292538],[0.352561,0.811725],[0.610705,0.710361],[0.569449,0.844292],[0.516534,0.495114],[0.905773,0.952712],[0.505772,0.823564]]"
1988e3ecb3c024ec533fa83d,frames/1988e3ecb3c024ec533fa83d.png,"[[0.035817,0.705578],[0.265413,0.590779],[0.487834,0.955556],[0.564965,0.25914],[0.684247,0.115642],[0.728193,0.676878],[0.626521,0.25396],[0.85618,0.261996],[0.773037,0.447282],[0.753103,0.072324],[0.68077,0.350403],[0.661826,0.247979],[0.58945,0.25396],[0.104875,0.099698],[0.364068,0.705578],[0.401736,0.598751],[0.669905,0.632589],[0.424402,0.656569],[0.536812,0.269679],[0.243888,0.6992],[0.484247,0.267112],[0.527296,0.434526],[0.55779,0.405826],[0.487834,0.420176],[0.361377,0.887342],[0.628641,0.423365],[0.465413,0.464819],[0.555996,0.386693],[0.545234,0.627451],[0.445682,0.593968],[0.537162,0.568457],[0.425951,0.450471],[0.469001,0.343644],[0.309359,0.629046],[0.521916,0.683256],[0.432229,0.420176],[0.529987,0.420176],[0.416086,0.874586]]"
199369db335b7317680e50a8,frames/199369db335b7317680e50a8.png,"[[0.582755,0.654955],[0.480739,0.368361],[0.495853,0.478073],[0.575198,0.278801],[0.660839,0.722125],[0.329606,0.751232],[0.591568,0.771383],[0.538673,0.80273],[0.3422,0.858706],[0.66462,0.648238]]"
199d9cfb9deb6cdfaece9c89,frames/199d9cfb9deb6cdfaece9c89.png,"[[0.480415,0.437741],[0.490338,0.823873],[0.577438,0.516144],[0.542157,0.437741],[0.553182,0.72195],[0.606682,0.433293],[0.697365,0.527331],[0.466885,0.157894],[0.712479,0.413142],[0.759078,0.440009]]"
199eea9ac7869e5a3d4bef8f,frames/199eea9ac7869e5a3d4bef8f.png,"[[0.807352,0.524001],[0.775707,0.742607],[0.975,0.625268],[0.156893,0.865019],[0.025,0.632235],[0.138059,0.761382],[0.330884,0.632235],[0.256445,0.691228],[0.863617,0.603535],[0.271691,0.71355],[0.488184,0.480601],[0.456445,0.578024],[0.39187,0.442499],[0.643888,0.707172],[0.66992,0.578653],[0.608014,0.654556],[0.512947,0.568457],[0.642095,0.694417],[0.042991,0.354806],[0.699494,0.36756],[0.458238,0.321322],[0.38918,0.24479],[0.365862,0.480764],[0.382902,0.58759],[0.424158,0.528597],[0.747027,0.555701],[0.670795,0.640206],[0.353305,0.386693],[0.23492,0.667311],[0.707566,0.464819],[0.273485,0.428149],[0.314741,0.495114],[0.128193,0.316539],[0.797252,0.624262],[0.121916,0.581212],[0.912047,0.43931]]"
19b0ebbd85ec7502b386e28f,frames/19b0ebbd85ec7502b386e28f.png,"[[0.31827,0.426576],[0.736406,0.68854],[0.348497,0.285518],[0.43288,0.518375],[0.644469,0.337015],[0.730109,0.25641],[0.741443,0.361644],[0.512225,0.131026],[0.674693,0.746755],[0.581495,0.831837]]"
19c8780d926994c87e25a8e5,frames/19c8780d926994c87e25a8e5.png,"[[0.025,0.43931],[0.126399,0.735871],[0.518328,0.41061],[0.262723,0.536569],[0.46631,0.431338],[0.241198,0.955556],[0.612498,0.413799],[0.428641,0.405826],[0.308462,0.755004],[0.435816,0.877775],[0.396355,0.365967],[0.0977,0.45366],[0.599942,0.314944],[0.527296,0.334078],[0.397252,0.370749]]"
19d52761fff16fbe5313fecf,frames/19d52761fff16fbe5313fecf.png,"[[0.479312,0.441661],[0.495851,0.814073],[0.573026,0.506344],[0.539952,0.43382],[0.541054,0.672948],[0.611724,0.43777],[0.69988,0.52957],[0.475701,0.164611],[0.712479,0.419858],[0.757818,0.440009]]"
19ebf37e5492919400f07059,frames/19ebf37e5492919400f07059.png,"[[0.693216,0.251168],[0.642095,0.147531],[0.180211,0.361183],[0.364965,0.409015],[0.860031,0.386693],[0.176623,0.836319],[0.493216,0.632235],[0.850164,0.683256],[0.31205,0.683256],[0.519225,0.343644],[0.659135,0.464819],[0.026848,0.691228],[0.285144,0.270301],[0.584695,0.383504],[0.116534,0.81081],[0.705772,0.428149],[0.569559,0.532039],[0.499938,0.546506],[0.557805,0.461314],[0.422181,0.689564],[0.31097,0.398625],[0.483664,0.122153],[0.137371,0.090005],[0.88425,0.086943],[0.469898,0.338861],[0.571243,0.270301]]"
19fed6716fdc7bece09107ce,frames/19fed6716fdc7bece09107ce.png,"[[0.639427,0.695257],[0.480739,0.3706],[0.494593,0.478073],[0.557568,0.238498],[0.68099,0.648238],[0.397616,0.878856],[0.444215,0.731081],[0.600385,0.863183],[0.295601,0.585545],[0.659578,0.592263]]"
1a00c3db6e20e4f150b53a50,frames/1a00c3db6e20e4f150b53a50.png,"[[0.634391,0.69078],[0.481998,0.368361],[0.493333,0.478073],[0.576458,0.265367],[0.672177,0.645999],[0.41021,0.867661],[0.475701,0.831837],[0.589052,0.854227],[0.309454,0.596741],[0.662099,0.596741]]"
1a1d49f93ee38d5f6f8397a9,frames/1a1d49f93ee38d5f6f8397a9.png,"[[0.068104,0.166664],[0.635816,0.044444],[0.364068,0.936768],[0.563171,0.798054],[0.795458,0.676878],[0.061826,0.55889],[0.825953,0.544542],[0.548821,0.388288],[0.887836,0.665717],[0.477969,0.911257],[0.915641,0.337267],[0.955102,0.287839],[0.911156,0.192174],[0.349718,0.270301],[0.151512,0.402638],[0.212498,0.955556],[0.753305,0.306972],[0.548821,0.184203],[0.224158,0.365967],[0.188283,0.064621],[0.366759,0.434526],[0.490525,0.083754]]"
1a25e2413d9146f3b43c5d8e,frames/1a25e2413d9146f3b43c5d8e.png,"[[0.031332,0.716739],[0.247476,0.657744],[0.432229,0.834725],[0.593664,0.196957],[0.677072,0.141153],[0.728193,0.676878],[0.618384,0.250744],[0.85618,0.250744],[0.773037,0.447282],[0.75672,0.085183],[0.685291,0.403447],[0.632229,0.3277],[0.609342,0.258782],[0.14344,0.098103],[0.364965,0.660933],[0.365862,0.554107],[0.6762,0.634188],[0.297603,0.621397],[0.56379,0.239304],[0.170346,0.756599],[0.489628,0.241601],[0.379314,0.900097],[0.556893,0.554107],[0.379314,0.372343],[0.57214,0.491925],[0.438507,0.528597],[0.395458,0.718333],[0.580211,0.338861],[0.486041,0.629046],[0.549718,0.377126],[0.523709,0.554107],[0.421467,0.442499],[0.547027,0.475981],[0.479762,0.458442],[0.477072,0.365967],[0.332677,0.847481],[0.495009,0.908068]]"
1a33d0cb01f54f3c917cdb8a,frames/1a33d0cb01f54f3c917cdb8a.png,"[[0.194561,0.329294],[0.211602,0.412204],[0.344337,0.499897],[0.173934,0.660933],[0.225055,0.912851],[0.277969,0.468008],[0.34613,0.350022],[0.856445,0.887342],[0.399942,0.498303],[0.519225,0.857047],[0.446579,0.399449],[0.538955,0.503086],[0.565862,0.841103],[0.443888,0.455254],[0.701288,0.254357],[0.717431,0.609912],[0.025,0.554107]]"
1a44000721e40ebea445c134,frames/1a44000721e40ebea445c134.png,"[[0.356893,0.750221],[0.434023,0.350022],[0.730884,0.676878],[0.744966,0.421128],[0.771186,0.233064],[0.769449,0.464819],[0.781132,0.044444],[0.55238,0.044444],[0.881555,0.063026],[0.226848,0.117237],[0.665409,0.637385],[0.401736,0.654556],[0.342543,0.506275],[0.188283,0.6992],[0.167655,0.613101],[0.271691,0.340456],[0.482759,0.955556],[0.567751,0.350403],[0.831766,0.741],[0.306448,0.737785],[0.569559,0.342367],[0.574984,0.376121],[0.49813,0.540075],[0.858234,0.955556],[0.424158,0.262329],[0.478866,0.71355],[0.42057,0.292622],[0.539852,0.044444],[0.421467,0.710361],[0.413395,0.377126],[0.31205,0.874586],[0.484247,0.65615],[0.334471,0.756599],[0.287834,0.621074],[0.619673,0.6992],[0.238637,0.720104],[0.425798,0.257174],[0.512597,0.816547],[0.535201,0.951568],[0.484568,0.475779],[0.474622,0.421128],[0.472814,0.321469]]"
1a4790cf5b7dbf5c4ddc7cee,frames/1a4790cf5b7dbf5c4ddc7cee.png,"[[0.643208,0.69078],[0.480739,0.3706],[0.492074,0.473594],[0.546229,0.220586],[0.686031,0.657194],[0.388799,0.87214],[0.408951,0.699735],[0.600385,0.858706],[0.280487,0.518375],[0.665875,0.590023]]"
1a483a0fee4a980e3f14c19c,frames/1a483a0fee4a980e3f14c19c.png,"[[0.510966,0.522853],[0.643208,0.778101],[0.358573,0.195957],[0.542452,0.851988],[0.601646,0.178044],[0.66462,0.169089],[0.722552,0.4624],[0.495853,0.265367],[0.411469,0.567633],[0.704922,0.737798]]"
1a90d034d00ad4b4321166f3,frames/1a90d034d00ad4b4321166f3.png,"[[0.604167,0.619131],[0.47948,0.372839],[0.495853,0.487029],[0.573938,0.278801],[0.639427,0.742277],[0.357314,0.782579],[0.561344,0.713169],[0.541192,0.818403],[0.379983,0.903485],[0.652026,0.675106]]"
1addb3843858f6ebf453996d,frames/1addb3843858f6ebf453996d.png,"[[0.025,0.688039],[0.325502,0.576429],[0.646579,0.394665],[0.596355,0.09332],[0.728193,0.676878],[0.697949,0.371299],[0.829953,0.270033],[0.764965,0.447282],[0.755816,0.061072],[0.636466,0.294144],[0.733574,0.09332],[0.555996,0.305396],[0.269001,0.203335],[0.335368,0.756599],[0.65192,0.562246],[0.631236,0.877193],[0.687891,0.528672],[0.364068,0.621074],[0.396355,0.807621],[0.467207,0.893719],[0.495906,0.946335],[0.383798,0.646583],[0.427745,0.316539],[0.619673,0.343644],[0.498597,0.654556],[0.448373,0.667311],[0.410705,0.456847],[0.408911,0.625857],[0.57483,0.520625],[0.438507,0.813997],[0.442991,0.705578],[0.481556,0.688039],[0.031332,0.928796],[0.469898,0.329294],[0.424158,0.547729],[0.524606,0.528597],[0.564965,0.432932],[0.538955,0.267112],[0.514741,0.276679],[0.571243,0.933579]]"
1b3ef7da585a8c2244fee87b,frames/1b3ef7da585a8c2244fee87b.png,"[[0.348497,0.267606],[0.480739,0.372839],[0.494593,0.491506],[0.581495,0.247455],[0.63313,0.807208],[0.480739,0.827359],[0.725073,0.43777],[0.580234,0.511658],[0.553786,0.948266],[0.643208,0.75795]]"
1ba0518d1c7fc5670cae7b5a,frames/1ba0518d1c7fc5670cae7b5a.png,"[[0.028642,0.732682],[0.133574,0.581212],[0.35779,0.935174],[0.447476,0.528597],[0.641198,0.270301],[0.494113,0.638611],[0.593664,0.294217],[0.530884,0.267112],[0.397252,0.503086],[0.576623,0.059837],[0.681556,0.283056],[0.72909,0.676878],[0.565942,0.234671],[0.822727,0.221811],[0.77214,0.455254],[0.820008,0.151086],[0.619288,0.350403],[0.549667,0.372907],[0.292319,0.617885],[0.375165,0.856732],[0.489993,0.612408],[0.421277,0.839051],[0.500391,0.565268],[0.338059,0.643394],[0.623261,0.622668],[0.590355,0.249137],[0.432127,0.319862],[0.57483,0.637017],[0.474382,0.495114],[0.431332,0.318133],[0.077072,0.343644],[0.495906,0.287839],[0.504875,0.517436],[0.51205,0.871397],[0.519225,0.421771]]"
1bb3d432795b92e0740b9e76,frames/1bb3d432795b92e0740b9e76.png,"[[0.605422,0.200435],[0.582755,0.287756],[0.460588,0.18924],[0.369908,0.198196],[0.367389,0.269844],[0.551266,0.216108],[0.508447,0.18924],[0.556307,0.408663],[0.521041,0.84751],[0.416507,0.307907]]"
1bc499a5a1703224b2373f9b,frames/1bc499a5a1703224b2373f9b.png,"[[0.047476,0.536569],[0.167655,0.233629],[0.65196,0.05346],[0.492319,0.640206],[0.625951,0.386693],[0.738955,0.495114],[0.122812,0.133181],[0.833125,0.428149],[0.828641,0.044444],[0.552409,0.166664],[0.949719,0.534975],[0.526399,0.691228],[0.810703,0.198551],[0.032229,0.660933],[0.975,0.149125],[0.934469,0.225657],[0.480659,0.083754],[0.318328,0.091726],[0.291422,0.79646],[0.756893,0.169852],[0.704875,0.128398],[0.539852,0.051865]]"
1be712b3ba1f38f7aae0af72,frames/1be712b3ba1f38f7aae0af72.png,"[[0.742703,0.637043],[0.484517,0.368361],[0.489555,0.480312],[0.733885,0.4624],[0.742703,0.585545],[0.371167,0.442248],[0.770411,0.34821],[0.605422,0.854227],[0.395097,0.892291],[0.663359,0.596741]]"
1c179119027006a4799eff6d,frames/1c179119027006a4799eff6d.png,"[[0.962273,0.421771],[0.866312,0.60194],[0.975,0.192174],[0.37483,0.654556],[0.137162,0.405826],[0.57214,0.614696],[0.673485,0.735871],[0.842094,0.579618],[0.974828,0.702389],[0.353305,0.609912],[0.041198,0.57324],[0.866312,0.278274],[0.84568,0.637017],[0.025,0.343644],[0.590077,0.775732],[0.975,0.305378],[0.641198,0.71355],[0.2977,0.58759],[0.941648,0.651367],[0.469898,0.676878],[0.32909,0.576429],[0.239404,0.533381],[0.645682,0.644989],[0.521916,0.490331],[0.393664,0.214496],[0.624158,0.405826],[0.359584,0.444093],[0.759584,0.609912],[0.271186,0.409876],[0.642095,0.506275],[0.719225,0.495114],[0.657341,0.866614],[0.22057,0.665717],[0.77214,0.696011],[0.216983,0.576429],[0.766759,0.402638],[0.227745,0.362778],[0.808914,0.503086],[0.323709,0.79646],[0.181108,0.503086],[0.0977,0.370749],[0.034023,0.491925],[0.975,0.766165]]"
1c4da9b3e3712a2128e1a9b3,frames/1c4da9b3e3712a2128e1a9b3.png,"[[0.585271,0.126548],[0.47948,0.368361],[0.497112,0.487029],[0.585271,0.231781],[0.635651,0.787056],[0.43288,0.813925],[0.717516,0.43777],[0.556307,0.623608],[0.465626,0.934831],[0.653281,0.742277]]"
1c907ad2fcce75c76bd8c995,frames/1c907ad2fcce75c76bd8c995.png,"[[0.773898,0.541683],[0.776611,0.676704],[0.968297,0.589904],[0.156893,0.866614],[0.025,0.633829],[0.15779,0.75341],[0.363171,0.638611],[0.26362,0.676878],[0.863617,0.600346],[0.304875,0.65615],[0.461964,0.491854],[0.407117,0.595562],[0.421467,0.432932],[0.657341,0.696011],[0.637371,0.610801],[0.570346,0.632235],[0.477969,0.570051],[0.660929,0.680067],[0.044785,0.337267],[0.667207,0.386693],[0.441198,0.340456],[0.375727,0.255951],[0.379314,0.442499],[0.351512,0.565268],[0.395458,0.520625],[0.77752,0.546135],[0.707566,0.6705],[0.334471,0.373938],[0.201736,0.662528],[0.736265,0.442499],[0.256445,0.447282],[0.275279,0.528597],[0.118328,0.289433],[0.828641,0.595562],[0.104875,0.576429],[0.934469,0.431338]]"
1d0aaa870d799e719339cace,frames/1d0aaa870d799e719339cace.png,"[[0.745224,0.641521],[0.480739,0.372839],[0.490815,0.471356],[0.723812,0.397469],[0.75026,0.57659],[0.345978,0.386273],[0.353535,0.296713],[0.605422,0.84751],[0.289303,0.325819],[0.66462,0.587784]]"
1d162029375f201c4b810fe9,frames/1d162029375f201c4b810fe9.png,"[[0.740182,0.641521],[0.483258,0.372839],[0.490815,0.473594],[0.730109,0.4624],[0.743964,0.578829],[0.367389,0.442248],[0.760339,0.298952],[0.605422,0.843032],[0.381243,0.838555],[0.659578,0.59898]]"
1d1c273036e1af58e9aa0b0d,frames/1d1c273036e1af58e9aa0b0d.png,"[[0.762145,0.417914],[0.549667,0.435594],[0.56323,0.671882],[0.72637,0.646224],[0.877875,0.432381],[0.797407,0.551328],[0.295906,0.828347],[0.04886,0.446921],[0.80012,0.639733],[0.136265,0.820375],[0.97393,0.45366],[0.379314,0.629046],[0.938062,0.955556],[0.503978,0.740654],[0.415189,0.399449],[0.869898,0.60194],[0.545234,0.525408],[0.659135,0.621074],[0.302832,0.360047],[0.308462,0.742249],[0.671691,0.531786],[0.749718,0.729493],[0.345327,0.686349],[0.320122,0.495114],[0.254651,0.531786],[0.854648,0.702389],[0.061826,0.343644],[0.309359,0.416988],[0.225951,0.472792],[0.252857,0.383504],[0.181108,0.472792],[0.065413,0.506275],[0.069,0.455254],[0.888734,0.310161],[0.975,0.528597],[0.025,0.42496]]"
1d2ac722aed398ed4c2a8e61,frames/1d2ac722aed398ed4c2a8e61.png,"[[0.743964,0.639281],[0.480739,0.377318],[0.488296,0.478073],[0.59787,0.431054],[0.749,0.57659],[0.343459,0.408663],[0.492074,0.095201],[0.599125,0.851988],[0.275449,0.469117],[0.660839,0.594502]]"
1d4d1fa649d7ac3cb507f59d,frames/1d4d1fa649d7ac3cb507f59d.png,"[[0.567655,0.466414],[0.864516,0.729493],[0.594561,0.6992],[0.817883,0.456847],[0.53178,0.461631],[0.611602,0.911257],[0.580211,0.383504],[0.355099,0.495114],[0.505772,0.383504],[0.701288,0.102887],[0.455548,0.542947],[0.797252,0.372343],[0.232229,0.153908],[0.025,0.609912],[0.900391,0.509464]]"
1d5c2e334719327d22d3f4d7,frames/1d5c2e334719327d22d3f4d7.png,"[[0.209808,0.490331],[0.090525,0.936768],[0.292319,0.654556],[0.23761,0.472792],[0.176623,0.933579],[0.609808,0.169852],[0.405323,0.203335],[0.665413,0.192174],[0.704875,0.863425],[0.709359,0.091726],[0.766759,0.464819],[0.741646,0.133181],[0.540749,0.528597],[0.805323,0.240007],[0.192767,0.841103],[0.453754,0.603535],[0.170346,0.688039],[0.975,0.802838],[0.216983,0.818781],[0.660032,0.10767],[0.250166,0.120425],[0.555996,0.091726],[0.294112,0.75341],[0.910258,0.114048],[0.450166,0.528597],[0.511153,0.044444]]"
1dab5edeac725723fc8765dd,frames/1dab5edeac725723fc8765dd.png,"[[0.740182,0.637043],[0.480739,0.372839],[0.490815,0.473594],[0.606682,0.451205],[0.75026,0.583306],[0.351016,0.413142],[0.495853,0.086245],[0.606682,0.858706],[0.288044,0.489268],[0.665875,0.587784]]"
1db44b00e144b60069c6aaa4,frames/1db44b00e144b60069c6aaa4.png,"[[0.025,0.359589],[0.025,0.72471],[0.109359,0.517436],[0.362274,0.831536],[0.286937,0.951118],[0.534471,0.812403],[0.448373,0.348428],[0.613395,0.386693],[0.592767,0.65615],[0.513844,0.673689],[0.580211,0.310161],[0.621467,0.182608],[0.526399,0.6992],[0.601736,0.066215],[0.718328,0.397854],[0.729987,0.676878],[0.55238,0.226633],[0.82182,0.2411],[0.77214,0.450471],[0.846234,0.159123],[0.416983,0.955556],[0.04153,0.940317],[0.557805,0.385765],[0.554188,0.414699],[0.277969,0.643394],[0.405906,0.443632],[0.464677,0.491854],[0.599396,0.736178],[0.628329,0.244315],[0.50898,0.541683],[0.393248,0.650986],[0.081557,0.866614],[0.622364,0.772543],[0.545234,0.562079],[0.424158,0.475981],[0.530884,0.946335],[0.535201,0.3279],[0.47643,0.347189]]"
1dd85817cfc9d642de74eb0b,frames/1dd85817cfc9d642de74eb0b.png,"[[0.508447,0.625848],[0.354794,0.746755],[0.496733,0.146161],[0.508447,0.887813],[0.393838,0.25641],[0.447993,0.285518],[0.47822,0.227303],[0.431621,0.572111],[0.63313,0.267606],[0.430361,0.209391]]"
1dddbcbbbcc80b5f106655df,frames/1dddbcbbbcc80b5f106655df.png,"[[0.419673,0.668906],[0.314741,0.609912],[0.753305,0.227251],[0.480659,0.055054],[0.564965,0.12202],[0.06631,0.595562],[0.128193,0.539758],[0.166759,0.644989],[0.755099,0.6992],[0.095906,0.694417],[0.086041,0.924012],[0.234023,0.806026],[0.410705,0.477575],[0.164965,0.044444]]"
1decda90285a2d81d935ccfb,frames/1decda90285a2d81d935ccfb.png,"[[0.722552,0.64376],[0.481998,0.372839],[0.487036,0.478073],[0.505928,0.616892],[0.75026,0.578829],[0.357314,0.43777],[0.344719,0.25641],[0.605422,0.838555],[0.349757,0.175806],[0.667135,0.59898]]"
1dfef7c06dbdaffe7065431e,frames/1dfef7c06dbdaffe7065431e.png,"[[0.034023,0.710361],[0.243888,0.605129],[0.494113,0.935174],[0.565862,0.243196],[0.686041,0.118831],[0.728193,0.676878],[0.626521,0.258782],[0.85618,0.261996],[0.773037,0.447282],[0.752199,0.072324],[0.688004,0.372907],[0.654651,0.283056],[0.596684,0.260389],[0.114741,0.091726],[0.376623,0.71355],[0.382005,0.584401],[0.669005,0.632589],[0.393826,0.638983],[0.528718,0.272876],[0.222364,0.694417],[0.486937,0.251168],[0.259135,0.955556],[0.538059,0.480764],[0.564068,0.428149],[0.489628,0.488736],[0.362274,0.849075],[0.618777,0.416988],[0.460032,0.514247],[0.551512,0.378721],[0.536265,0.613101],[0.423261,0.595562],[0.518328,0.539758],[0.452857,0.45366],[0.477969,0.362778],[0.303978,0.678472],[0.502184,0.75341],[0.432229,0.420176],[0.538955,0.409015],[0.443888,0.955556]]"
1e27f65f5c5e1c684f2ad927,frames/1e27f65f5c5e1c684f2ad927.png,"[[0.476005,0.508303],[0.495851,0.825833],[0.58626,0.557305],[0.553182,0.392659],[0.533336,0.553384],[0.612979,0.431054],[0.696104,0.538526],[0.512225,0.128786],[0.714995,0.426576],[0.761594,0.442248]]"
1e2d8da5a76433760c825068,frames/1e2d8da5a76433760c825068.png,"[[0.667135,0.706453],[0.483258,0.3706],[0.494593,0.482551],[0.534895,0.216108],[0.74774,0.57435],[0.303157,0.630326],[0.295601,0.388512],[0.606682,0.84751],[0.431621,0.11983],[0.662099,0.594502]]"
1e971e0a1d7bed635e0c3ed7,frames/1e971e0a1d7bed635e0c3ed7.png,"[[0.335368,0.609912],[0.593664,0.365967],[0.535368,0.125209],[0.728193,0.676878],[0.729595,0.419521],[0.839906,0.282893],[0.764965,0.45366],[0.760337,0.057857],[0.638275,0.289322],[0.745234,0.080565],[0.546955,0.308611],[0.345234,0.195362],[0.32909,0.743843],[0.653718,0.543061],[0.670804,0.643781],[0.378417,0.643394],[0.37214,0.718333],[0.429538,0.314944],[0.677072,0.321322],[0.500391,0.648178],[0.498597,0.775732],[0.279762,0.487142],[0.427745,0.772543],[0.564068,0.361183],[0.457341,0.758193],[0.517431,0.522219],[0.473485,0.420176],[0.40353,0.683256],[0.442991,0.702389],[0.445682,0.517436],[0.457341,0.262329],[0.555996,0.707172],[0.398148,0.394665],[0.375165,0.779578],[0.47643,0.692778],[0.471909,0.347189],[0.518926,0.955556]]"
1ea229a2128b51de36438646,frames/1ea229a2128b51de36438646.png,"[[0.41788,0.935174],[0.737162,0.955556],[0.580211,0.479169],[0.895008,0.6992],[0.878867,0.57324],[0.776623,0.409015],[0.521916,0.402638],[0.119225,0.688039],[0.883352,0.828347],[0.607117,0.238413],[0.440301,0.166664],[0.477969,0.270301],[0.695009,0.12202],[0.475279,0.447282],[0.947922,0.434526]]"
1ebbd40237e74f09aea06cb7,frames/1ebbd40237e74f09aea06cb7.png,"[[0.043888,0.36756],[0.032229,0.721522],[0.18918,0.487142],[0.352409,0.735871],[0.306669,0.857047],[0.408014,0.925607],[0.474382,0.718333],[0.448373,0.299],[0.387386,0.743843],[0.596355,0.372343],[0.526399,0.58759],[0.540749,0.654556],[0.478866,0.409015],[0.55779,0.334078],[0.678866,0.252762],[0.547027,0.416988],[0.57752,0.6705],[0.609808,0.066215],[0.717431,0.458442],[0.729987,0.676878],[0.546051,0.208953],[0.806445,0.249137],[0.769449,0.447282],[0.845328,0.157516],[0.419673,0.667311],[0.036105,0.932279],[0.546955,0.393803],[0.497226,0.601157],[0.301288,0.72471],[0.424893,0.379336],[0.475527,0.62366],[0.568655,0.601157],[0.626521,0.236278],[0.522542,0.462921],[0.422181,0.769933],[0.025,0.885747],[0.598148,0.911257]]"
1ec82879f8a42b18b9030b2e,frames/1ec82879f8a42b18b9030b2e.png,"[[0.025,0.668667],[0.536105,0.480601],[0.365219,0.456492],[0.460155,0.39541],[0.562326,0.639733],[0.025,0.575439],[0.631041,0.474172],[0.617479,0.578653],[0.344337,0.579618],[0.118384,0.453276],[0.634659,0.673489],[0.067207,0.624262],[0.152409,0.820375],[0.883352,0.45366],[0.72909,0.651367],[0.892344,0.522394],[0.947922,0.495114],[0.93032,0.689564],[0.898594,0.568457],[0.503978,0.657744],[0.85618,0.765111],[0.638507,0.637017],[0.634023,0.420176],[0.864516,0.598751],[0.905773,0.79646],[0.629538,0.520625],[0.395458,0.654556],[0.248582,0.393803],[0.287834,0.660933],[0.771243,0.707172],[0.886039,0.743843],[0.242253,0.585082],[0.158687,0.389882],[0.117431,0.531786],[0.926398,0.829942],[0.041198,0.289433],[0.069,0.420176]]"
1ef40150f6890f20e7e1a8c6,frames/1ef40150f6890f20e7e1a8c6.png,"[[0.904875,0.536569],[0.025,0.505478],[0.869898,0.605129],[0.025,0.751815],[0.808258,0.223419],[0.495906,0.622668],[0.936266,0.477575],[0.25196,0.495114],[0.42057,0.613101],[0.541646,0.547729],[0.677969,0.43931],[0.732677,0.633829],[0.87707,0.611507],[0.453754,0.509464],[0.312947,0.617885],[0.825055,0.271896],[0.63761,0.785299],[0.270795,0.413799],[0.485144,0.676878],[0.790973,0.589185],[0.500391,0.533381],[0.55779,0.3564],[0.664516,0.65615],[0.601736,0.590779],[0.558687,0.420176],[0.08066,0.42496],[0.745234,0.778921],[0.512947,0.321322],[0.232229,0.487142],[0.749718,0.528597],[0.215189,0.432932],[0.446579,0.472792],[0.121096,0.239493],[0.830438,0.380315],[0.87707,0.348428],[0.808016,0.818781],[0.897703,0.247979],[0.053754,0.609912],[0.966758,0.609912],[0.025,0.442499],[0.975,0.416988]]"
1f0abfb9694edd01f82f5d8b,frames/1f0abfb9694edd01f82f5d8b.png,"[[0.657062,0.500463],[0.481998,0.3706],[0.495853,0.473594],[0.573938,0.276561],[0.644469,0.771383],[0.351016,0.813925],[0.558823,0.731081],[0.541192,0.807208],[0.391318,0.878856],[0.650766,0.701974]]"
1f350c393dd083767f3ed4e8,frames/1f350c393dd083767f3ed4e8.png,"[[0.027745,0.729493],[0.135368,0.592374],[0.370346,0.935174],[0.440301,0.528597],[0.639404,0.262329],[0.494113,0.643394],[0.594561,0.294217],[0.529987,0.28465],[0.402633,0.487142],[0.579314,0.058243],[0.681556,0.278274],[0.72909,0.676878],[0.566846,0.228242],[0.822727,0.221811],[0.77214,0.455254],[0.820008,0.151086],[0.621096,0.360047],[0.546955,0.377729],[0.294112,0.61629],[0.376973,0.885665],[0.468293,0.615624],[0.421277,0.845481],[0.498597,0.562079],[0.336265,0.637017],[0.626848,0.621074],[0.591259,0.247531],[0.432127,0.319862],[0.571243,0.617885],[0.474382,0.499897],[0.431332,0.310161],[0.08066,0.343644],[0.495906,0.287839],[0.516534,0.528597],[0.502184,0.834725],[0.515637,0.428149],[0.461826,0.343644]]"
1f376cb151473ffb88d40e38,frames/1f376cb151473ffb88d40e38.png,"[[0.345978,0.737798],[0.480739,0.368361],[0.497112,0.502702],[0.586531,0.247455],[0.631875,0.827359],[0.552526,0.590023],[0.728849,0.446727],[0.572677,0.451205],[0.696104,0.771383],[0.644469,0.771383]]"
1f64ec12a0fb1ef7503ffb17,frames/1f64ec12a0fb1ef7503ffb17.png,"[[0.56638,0.762428],[0.653281,0.766906],[0.43288,0.084006],[0.459329,0.843032],[0.594089,0.180284],[0.675953,0.231781],[0.722552,0.469117],[0.495853,0.272083],[0.408951,0.558678],[0.704922,0.751232]]"
1f7bacd26215565e44658e5e,frames/1f7bacd26215565e44658e5e.png,"[[0.025,0.716739],[0.193664,0.635422],[0.363171,0.857047],[0.491422,0.90169],[0.41788,0.416988],[0.608014,0.351617],[0.645682,0.740654],[0.490525,0.6705],[0.595458,0.303783],[0.555099,0.188986],[0.402633,0.621074],[0.600839,0.058243],[0.699494,0.316539],[0.728193,0.672094],[0.55238,0.229849],[0.820008,0.231456],[0.773934,0.45366],[0.827242,0.159123],[0.031584,0.955556],[0.57408,0.371299],[0.554188,0.390588],[0.330884,0.611507],[0.366123,0.55615],[0.470102,0.417914],[0.619288,0.932279],[0.633754,0.352011],[0.447498,0.63009],[0.459252,0.474172],[0.13178,0.887342],[0.599942,0.6992],[0.44927,0.672094],[0.37752,0.6992],[0.562274,0.890531],[0.535201,0.331114],[0.462868,0.371299],[0.451063,0.876181]]"
1f8dcaa163cb3f90e582102e,frames/1f8dcaa163cb3f90e582102e.png,"[[0.084025,0.40184],[0.074984,0.580261],[0.125616,0.493461],[0.103013,0.845481],[0.241349,0.260389],[0.272091,0.321469],[0.241349,0.511143],[0.258528,0.578653],[0.292886,0.443632],[0.301927,0.353618],[0.353305,0.3277],[0.320011,0.416307],[0.342615,0.490246],[0.317431,0.517436],[0.334471,0.576429],[0.415189,0.55889],[0.401736,0.691228],[0.494113,0.562079],[0.54344,0.477575],[0.561421,0.615624],[0.59578,0.464528],[0.587386,0.635422],[0.600839,0.680067],[0.637371,0.749038],[0.690525,0.517436],[0.73178,0.388288],[0.869898,0.598751],[0.924891,0.363262],[0.9255,0.487142],[0.937164,0.436121]]"
1fdf94dd42a2bf97a36ec8a2,frames/1fdf94dd42a2bf97a36ec8a2.png,"[[0.313233,0.446727],[0.481998,0.368361],[0.499631,0.498224],[0.581495,0.245215],[0.63313,0.811686],[0.483258,0.717647],[0.723812,0.43777],[0.558823,0.473594],[0.648245,0.916919],[0.645724,0.766906]]"
1fe147de223dd903aeb93788,frames/1fe147de223dd903aeb93788.png,"[[0.561344,0.16685],[0.61424,0.292234],[0.465626,0.180284],[0.385021,0.209391],[0.357314,0.272083],[0.573938,0.251932],[0.507188,0.178044],[0.555047,0.397469],[0.521041,0.838555],[0.444215,0.287756]]"
1fee52d9e7d6ebd68eb84d96,frames/1fee52d9e7d6ebd68eb84d96.png,"[[0.068104,0.171447],[0.635816,0.044444],[0.351512,0.955556],[0.587386,0.858642],[0.797252,0.688039],[0.071691,0.57324],[0.836711,0.550918],[0.569449,0.394665],[0.890523,0.660933],[0.470795,0.94474],[0.918328,0.345239],[0.964961,0.299],[0.913844,0.195362],[0.333574,0.270301],[0.13178,0.409015],[0.214292,0.955556],[0.742543,0.314944],[0.552409,0.17623],[0.230435,0.402638],[0.17752,0.082159],[0.373037,0.43931],[0.498597,0.099698]]"
1ffc2726eb277a45985f4d5f,frames/1ffc2726eb277a45985f4d5f.png,"[[0.670917,0.701974],[0.481998,0.368361],[0.492074,0.478073],[0.580234,0.267606],[0.718776,0.648238],[0.392578,0.793774],[0.288044,0.686301],[0.606682,0.84751],[0.344719,0.225064],[0.663359,0.594502]]"
2008a7ccf2288cd7f9049063,frames/2008a7ccf2288cd7f9049063.png,"[[0.329606,0.43777],[0.488296,0.827359],[0.333384,0.572111],[0.640688,0.80273],[0.50089,0.07505],[0.623057,0.155655],[0.777969,0.594502],[0.660839,0.601219],[0.691068,0.717647],[0.749,0.482551]]"
201613878e1458c021a27f82,frames/201613878e1458c021a27f82.png,"[[0.481556,0.716739],[0.37483,0.955556],[0.599045,0.048677],[0.55779,0.657744],[0.300391,0.896908],[0.178417,0.361183],[0.698597,0.727899],[0.694112,0.058243],[0.347027,0.799649],[0.630435,0.609912],[0.549718,0.311756],[0.544337,0.539758],[0.499494,0.370749],[0.595458,0.283056],[0.518328,0.41061],[0.474382,0.643394],[0.452857,0.469603],[0.418777,0.450471],[0.43761,0.373938],[0.095906,0.955556]]"
2021a71a28b5a377a3f19a92,frames/2021a71a28b5a377a3f19a92.png,"[[0.738927,0.637043],[0.481998,0.366122],[0.489555,0.473594],[0.725073,0.457921],[0.740182,0.596741],[0.377465,0.446727],[0.769151,0.406424],[0.605422,0.838555],[0.483258,0.928115],[0.660839,0.601219]]"
203297ae999b301137018acb,frames/203297ae999b301137018acb.png,"[[0.303157,0.417619],[0.698625,0.773623],[0.340941,0.316864],[0.503409,0.337015],[0.692328,0.498224],[0.733885,0.171328],[0.766635,0.296713],[0.508447,0.155655],[0.628094,0.834076],[0.527339,0.811686]]"
204ae77b1933a602993df73e,frames/204ae77b1933a602993df73e.png,"[[0.591568,0.641521],[0.483258,0.377318],[0.495853,0.478073],[0.573938,0.276561],[0.674693,0.663911],[0.372427,0.831837],[0.531117,0.956481],[0.514744,0.876618],[0.304417,0.596741],[0.670917,0.601219]]"
206859d2ddd38d1448ac0bf6,frames/206859d2ddd38d1448ac0bf6.png,"[[0.444031,0.616106],[0.495851,0.825833],[0.661229,0.618067],[0.521209,0.318177],[0.545464,0.549465],[0.606682,0.440009],[0.689807,0.547482],[0.625573,0.077289],[0.711219,0.417619],[0.760339,0.442248]]"
209053898aa06da9ab7e88ff,frames/209053898aa06da9ab7e88ff.png,"[[0.465626,0.137743],[0.563865,0.634804],[0.454291,0.229543],[0.45555,0.191479],[0.395097,0.238498],[0.668396,0.339254],[0.619276,0.247455],[0.575198,0.417619],[0.52482,0.867661],[0.54875,0.198196]]"
20a52a8c5ef8798c22349807,frames/20a52a8c5ef8798c22349807.png,"[[0.748821,0.888936],[0.805323,0.879369],[0.52909,0.871397],[0.176623,0.044444],[0.138059,0.836319],[0.554202,0.501492],[0.705772,0.933579],[0.431332,0.495114],[0.233126,0.565268],[0.8125,0.27349],[0.074382,0.625857],[0.335368,0.654556],[0.758687,0.240007],[0.656445,0.109264]]"
20a62cab4a2e85b971444345,frames/20a62cab4a2e85b971444345.png,"[[0.665875,0.710931],[0.480739,0.372839],[0.493333,0.478073],[0.497112,0.240737],[0.752781,0.583306],[0.305676,0.572111],[0.317011,0.325819],[0.606682,0.84751],[0.413989,0.135504],[0.665875,0.594502]]"
20d69c79a1427de5bc82c363,frames/20d69c79a1427de5bc82c363.png,"[[0.587792,0.184762],[0.605422,0.287756],[0.464366,0.178044],[0.38754,0.195957],[0.367389,0.265367],[0.558823,0.245215],[0.505928,0.18924],[0.555047,0.401946],[0.52356,0.858706],[0.429102,0.289995]]"
20d8503735af28a8ad4446c0,frames/20d8503735af28a8ad4446c0.png,"[[0.073485,0.399449],[0.156893,0.635422],[0.333574,0.345239],[0.528193,0.420176],[0.218777,0.702389],[0.493216,0.420176],[0.159584,0.955556],[0.599942,0.409015],[0.44927,0.378721],[0.308462,0.747032],[0.259135,0.491925],[0.431332,0.917635],[0.388283,0.354806],[0.060929,0.488736],[0.564068,0.299],[0.495009,0.314944]]"
20d93812ad2be1d7b4c4432c,frames/20d93812ad2be1d7b4c4432c.png,"[[0.270411,0.502702],[0.513484,0.863183],[0.449253,0.227303],[0.507188,0.236259],[0.508447,0.558678],[0.668396,0.572111],[0.652026,0.487029],[0.573938,0.433293],[0.551266,0.583306],[0.68099,0.487029]]"
20dcef5ca296d6c54d9f6e79,frames/20dcef5ca296d6c54d9f6e79.png,"[[0.036714,0.705578],[0.248373,0.60194],[0.493216,0.936768],[0.561377,0.25914],[0.682453,0.115642],[0.728193,0.676878],[0.623809,0.25396],[0.85618,0.261996],[0.773037,0.447282],[0.753103,0.072324],[0.684387,0.366476],[0.661826,0.25914],[0.58945,0.25396],[0.107566,0.098103],[0.37214,0.707172],[0.382902,0.593968],[0.669905,0.632589],[0.402819,0.650175],[0.528718,0.272876],[0.229538,0.6992],[0.487834,0.263924],[0.258238,0.955556],[0.533574,0.461631],[0.564068,0.42496],[0.486041,0.464819],[0.362274,0.860236],[0.630435,0.420176],[0.464516,0.488736],[0.551512,0.378721],[0.540749,0.61629],[0.426848,0.589185],[0.521019,0.550918],[0.436713,0.461631],[0.477969,0.362778],[0.301288,0.665717],[0.509359,0.72471],[0.432229,0.420176],[0.529987,0.421771],[0.429538,0.93039]]"
20f6bb285b14d3673e6dcff0,frames/20f6bb285b14d3673e6dcff0.png,"[[0.512225,0.534048],[0.641948,0.778101],[0.368648,0.16685],[0.52482,0.858706],[0.601646,0.180284],[0.657062,0.175806],[0.718776,0.466878],[0.492074,0.276561],[0.408951,0.558678],[0.713734,0.742277]]"
20fb34c8ea8ed4be7f9a3276,frames/20fb34c8ea8ed4be7f9a3276.png,"[[0.735146,0.634804],[0.481998,0.368361],[0.492074,0.478073],[0.698625,0.379556],[0.749,0.581068],[0.357314,0.357166],[0.348497,0.272083],[0.604167,0.84751],[0.329606,0.216108],[0.66462,0.603457]]"
211a0383ae8e6a33c9d0b6dd,frames/211a0383ae8e6a33c9d0b6dd.png,"[[0.034297,0.675097],[0.522542,0.485424],[0.343519,0.443632],[0.441168,0.382551],[0.546955,0.626875],[0.025,0.594726],[0.623809,0.467743],[0.599396,0.580261],[0.341646,0.568457],[0.135562,0.442025],[0.619288,0.671882],[0.08335,0.632235],[0.150615,0.821969],[0.859133,0.461631],[0.723709,0.667311],[0.881633,0.525974],[0.922812,0.487142],[0.920375,0.683133],[0.879766,0.576429],[0.51205,0.672094],[0.852562,0.758681],[0.63761,0.637017],[0.633126,0.42496],[0.872586,0.598751],[0.912047,0.778921],[0.64927,0.525408],[0.37214,0.648178],[0.219649,0.387374],[0.275279,0.649772],[0.761377,0.71355],[0.883352,0.742249],[0.222362,0.562579],[0.137162,0.401043],[0.107566,0.506275],[0.93268,0.823564],[0.033126,0.27349],[0.048373,0.401043]]"
21346c53151e5ced35ad5d2e,frames/21346c53151e5ced35ad5d2e.png,"[[0.358687,0.727899],[0.446579,0.316539],[0.730884,0.676878],[0.742253,0.421128],[0.78927,0.233064],[0.77214,0.464819],[0.780228,0.04982],[0.564134,0.057857],[0.862719,0.098103],[0.216983,0.196957],[0.65102,0.565443],[0.363171,0.483953],[0.373934,0.322917],[0.192767,0.531786],[0.140749,0.60194],[0.318328,0.405826],[0.408619,0.712067],[0.614766,0.335936],[0.85075,0.723318],[0.364315,0.593119],[0.615671,0.331114],[0.573176,0.376121],[0.434839,0.692778],[0.470795,0.370749],[0.423261,0.428149],[0.4977,0.756599],[0.855547,0.955556],[0.399045,0.955556],[0.471691,0.361183],[0.556893,0.57324],[0.34613,0.343644],[0.371243,0.694417],[0.569449,0.044444],[0.482453,0.576429],[0.425951,0.377126],[0.460032,0.528597],[0.521019,0.475981],[0.302184,0.908068],[0.363171,0.874586]]"
21427bfaf291e4eb84e21e5d,frames/21427bfaf291e4eb84e21e5d.png,"[[0.476005,0.823873],[0.531131,0.808193],[0.562,0.886595],[0.59949,0.557305],[0.442929,0.490663],[0.392578,0.460161],[0.645724,0.578829],[0.81449,0.319103],[0.735146,0.417619],[0.764115,0.457921]]"
2164aab9de69384b558b87ea,frames/2164aab9de69384b558b87ea.png,"[[0.956891,0.388288],[0.867203,0.609912],[0.339852,0.648178],[0.139852,0.386693],[0.590973,0.632235],[0.715637,0.729493],[0.880656,0.555701],[0.352409,0.589185],[0.866312,0.25914],[0.912945,0.659339],[0.619673,0.710361],[0.670795,0.750221],[0.289628,0.609912],[0.975,0.646224],[0.399942,0.57324],[0.294112,0.622668],[0.288731,0.480764],[0.624158,0.613101],[0.515637,0.539758],[0.401736,0.206524],[0.581108,0.389882],[0.411602,0.487142],[0.861828,0.60194],[0.325436,0.432381],[0.615189,0.562079],[0.650166,0.550918],[0.643888,0.849075],[0.262723,0.710361],[0.735368,0.648178],[0.267207,0.55889],[0.741646,0.442499],[0.278866,0.383504],[0.702184,0.499897],[0.349718,0.727899],[0.242095,0.503086],[0.139852,0.322917],[0.147924,0.458442],[0.933578,0.75341],[0.968555,0.716739],[0.041198,0.455254]]"
2179a452fa3a08bc9e889a9a,frames/2179a452fa3a08bc9e889a9a.png,"[[0.032229,0.721522],[0.242991,0.667311],[0.367655,0.786893],[0.607117,0.144342],[0.269001,0.955556],[0.639404,0.163475],[0.728193,0.676878],[0.599396,0.226633],[0.858891,0.247531],[0.77214,0.45366],[0.759432,0.085183],[0.659975,0.40184],[0.608014,0.383504],[0.607534,0.261996],[0.183798,0.137964],[0.345234,0.566862],[0.434023,0.464819],[0.653718,0.643781],[0.215768,0.599015],[0.578178,0.261686],[0.13178,0.774138],[0.48335,0.255951],[0.477072,0.888936],[0.54344,0.705578],[0.415189,0.528597],[0.570346,0.651367],[0.425951,0.696011],[0.45196,0.579618],[0.555099,0.289433],[0.470795,0.756599],[0.551512,0.370749],[0.550615,0.517436],[0.415189,0.278274],[0.564965,0.420176],[0.508463,0.456847]]"
218fb34dcca8349c02a9d484,frames/218fb34dcca8349c02a9d484.png,"[[0.538673,0.619131],[0.648245,0.762428],[0.403913,0.151177],[0.495853,0.867661],[0.59787,0.171328],[0.654542,0.187001],[0.721292,0.469117],[0.493333,0.272083],[0.408951,0.563156],[0.727589,0.737798]]"
21a36cf3e514cc5d4ac87ee2,frames/21a36cf3e514cc5d4ac87ee2.png,"[[0.055548,0.565268],[0.104875,0.76776],[0.208014,0.820375],[0.182005,0.702389],[0.264516,0.72471],[0.082453,0.93039],[0.17214,0.370749],[0.460032,0.391476],[0.32909,0.456847],[0.138059,0.600346],[0.318328,0.643394],[0.347027,0.702389],[0.550615,0.877775],[0.595458,0.185797],[0.538059,0.389882],[0.66631,0.806026],[0.712947,0.933579],[0.842992,0.799649],[0.549718,0.171447],[0.754202,0.523814],[0.764965,0.051865],[0.782902,0.354806],[0.819672,0.365967],[0.747924,0.270301],[0.856445,0.338861],[0.112947,0.678472],[0.471691,0.727899],[0.829539,0.192174],[0.091422,0.350022],[0.802633,0.055054],[0.934469,0.617885],[0.628641,0.860236],[0.226848,0.955556],[0.310256,0.955556]]"
21af5fb9674f3b0646419769,frames/21af5fb9674f3b0646419769.png,"[[0.463107,0.612414],[0.481998,0.3706],[0.493333,0.527331],[0.601646,0.258649],[0.660839,0.89453],[0.663359,0.151177],[0.704922,0.251932],[0.625573,0.388512],[0.75026,0.704213],[0.679729,0.831837]]"
21d5903e975287f853e04b07,frames/21d5903e975287f853e04b07.png,"[[0.687286,0.471356],[0.481998,0.368361],[0.497112,0.487029],[0.575198,0.276561],[0.640688,0.766906],[0.351016,0.822881],[0.560083,0.706453],[0.541192,0.807208],[0.398875,0.887813],[0.650766,0.704213]]"
2284d6ed07ad66406b6cedef,frames/2284d6ed07ad66406b6cedef.png,"[[0.900391,0.475981],[0.865414,0.60194],[0.869898,0.185797],[0.477072,0.598751],[0.975,0.468008],[0.20622,0.490331],[0.435816,0.61629],[0.556893,0.683256],[0.725502,0.475981],[0.809805,0.662528],[0.882453,0.637017],[0.473485,0.520625],[0.230435,0.640206],[0.850164,0.265518],[0.687834,0.751815],[0.224158,0.370749],[0.516534,0.705578],[0.842094,0.488736],[0.513844,0.606724],[0.496803,0.389882],[0.742543,0.668906],[0.600839,0.640206],[0.505772,0.43931],[0.118328,0.464819],[0.695009,0.841103],[0.539852,0.243196],[0.26362,0.450471],[0.707566,0.544542],[0.242095,0.431338],[0.502184,0.514247],[0.140084,0.340758],[0.778417,0.428149],[0.834023,0.3277],[0.773934,0.807621],[0.895906,0.251168],[0.077072,0.61629],[0.944336,0.683256],[0.078866,0.514247],[0.921914,0.386693],[0.070794,0.420176],[0.975,0.614696]]"
22bda4fd49d19e8e436b35ee,frames/22bda4fd49d19e8e436b35ee.png,"[[0.442929,0.339738],[0.390007,0.553384],[0.439621,0.618067],[0.610516,0.437741],[0.573026,0.71803],[0.662099,0.469117],[0.720031,0.50718],[0.591969,0.114808],[0.713667,0.412671],[0.757818,0.433293]]"
22c9356b8a2e7fc1868e4923,frames/22c9356b8a2e7fc1868e4923.png,"[[0.18918,0.442499],[0.170346,0.667311],[0.247476,0.509464],[0.614292,0.506275],[0.281556,0.81081],[0.532677,0.483953],[0.126399,0.955556],[0.573934,0.270301],[0.618777,0.42496],[0.473485,0.36756],[0.084247,0.051865],[0.300391,0.743843],[0.204427,0.880964],[0.429538,0.922418],[0.432229,0.294217]]"
22d150dac6972f09953dc1df,frames/22d150dac6972f09953dc1df.png,"[[0.327086,0.43777],[0.556307,0.851988],[0.333384,0.554199],[0.618021,0.831837],[0.508447,0.07505],[0.659578,0.157894],[0.796859,0.509419],[0.635651,0.534048],[0.619276,0.708692],[0.743964,0.460161]]"
23024ae7b3ff43e21521c943,frames/23024ae7b3ff43e21521c943.png,"[[0.025,0.694417],[0.338059,0.57324],[0.640301,0.383504],[0.582902,0.09332],[0.728193,0.676878],[0.706087,0.388981],[0.831766,0.276462],[0.764965,0.447282],[0.754912,0.06268],[0.639179,0.292538],[0.736265,0.091726],[0.562326,0.316647],[0.281556,0.203335],[0.341646,0.755004],[0.645624,0.55585],[0.636631,0.901174],[0.671704,0.573436],[0.36048,0.614696],[0.399942,0.821969],[0.456445,0.919229],[0.37752,0.691228],[0.427745,0.316539],[0.616086,0.3277],[0.504875,0.646583],[0.469001,0.672094],[0.390973,0.488736],[0.405323,0.6705],[0.571243,0.480764],[0.433126,0.790082],[0.447476,0.702389],[0.477969,0.665717],[0.025,0.908068],[0.474382,0.343644],[0.415189,0.581212],[0.513844,0.55889],[0.54613,0.450471],[0.548821,0.232035],[0.509359,0.265518],[0.593664,0.885747],[0.453754,0.380315],[0.38059,0.955556],[0.54153,0.955556]]"
2309c62af3480d67d8bb0551,frames/2309c62af3480d67d8bb0551.png,"[[0.328193,0.649772],[0.34613,0.845886],[0.476175,0.876181],[0.648373,0.340456],[0.467207,0.565268],[0.306669,0.898503],[0.385592,0.377126],[0.532677,0.716739],[0.182005,0.365967],[0.563171,0.68485],[0.816086,0.343644],[0.534471,0.71355],[0.573037,0.517436],[0.504875,0.450471],[0.533574,0.300594],[0.424158,0.383504],[0.556893,0.322917],[0.548821,0.200146],[0.628641,0.735871],[0.327245,0.406663],[0.425951,0.337267]]"
234772ac81e673b6cefa93ca,frames/234772ac81e673b6cefa93ca.png,"[[0.446579,0.609912],[0.438507,0.490331],[0.345234,0.676878],[0.851961,0.260735],[0.841195,0.149125],[0.758687,0.241601],[0.439404,0.413799],[0.615189,0.185797],[0.619673,0.044444],[0.156893,0.080565],[0.052857,0.928796]]"
2366ffc2ff27d2f5b42674d6,frames/2366ffc2ff27d2f5b42674d6.png,"[[0.134471,0.380315],[0.181108,0.660933],[0.337162,0.372343],[0.568552,0.45366],[0.254651,0.71355],[0.506669,0.432932],[0.147027,0.955556],[0.598148,0.3564],[0.450166,0.362778],[0.305772,0.740654],[0.190077,0.694417],[0.427745,0.922418],[0.37752,0.348428],[0.039404,0.531786],[0.573037,0.299]]"
23675c10ac0e3117b1564f6f,frames/23675c10ac0e3117b1564f6f.png,"[[0.571243,0.468008],[0.856445,0.732682],[0.57752,0.735871],[0.808016,0.461631],[0.521916,0.464819],[0.555996,0.955556],[0.571243,0.377126],[0.355996,0.506275],[0.496803,0.377126],[0.696803,0.114048],[0.451063,0.613101],[0.799045,0.372343],[0.23761,0.192174],[0.87707,0.528597],[0.036714,0.812403]]"
23871e9c03ea54ed82537d3a,frames/23871e9c03ea54ed82537d3a.png,"[[0.742703,0.630326],[0.481998,0.372839],[0.490815,0.478073],[0.716255,0.50718],[0.746484,0.57435],[0.353535,0.446727],[0.631875,0.131026],[0.604167,0.854227],[0.294341,0.699735],[0.662099,0.596741]]"
238c9cf3ef8e80ee36c8be08,frames/238c9cf3ef8e80ee36c8be08.png,"[[0.740182,0.641521],[0.480739,0.377318],[0.490815,0.478073],[0.609203,0.139981],[0.749,0.585545],[0.344719,0.419858],[0.385021,0.218347],[0.602906,0.843032],[0.275449,0.413142],[0.665875,0.594502]]"
23a92a9cdaff0c242410911c,frames/23a92a9cdaff0c242410911c.png,"[[0.677214,0.339254],[0.480739,0.3706],[0.495853,0.469117],[0.578974,0.278801],[0.631875,0.762428],[0.36487,0.787056],[0.674693,0.487029],[0.526079,0.793774],[0.413989,0.903485],[0.654542,0.701974]]"
23bfb6123ba2064ca7218e86,frames/23bfb6123ba2064ca7218e86.png,"[[0.330865,0.583306],[0.767891,0.594502],[0.348497,0.28104],[0.411469,0.585545],[0.672177,0.209391],[0.73137,0.251932],[0.725073,0.457921],[0.509706,0.124308],[0.590312,0.742277],[0.586531,0.818403]]"
2427dc3634403d2d1e584802,frames/2427dc3634403d2d1e584802.png,"[[0.462723,0.475981],[0.342543,0.668906],[0.886937,0.316539],[0.805323,0.128398],[0.753305,0.225657],[0.395458,0.405826],[0.562274,0.137964],[0.615189,0.044444],[0.170346,0.075782],[0.069897,0.834725],[0.064516,0.160286],[0.21788,0.120425],[0.320122,0.595562]]"
243554e02d09dbc8839daeea,frames/243554e02d09dbc8839daeea.png,"[[0.483722,0.384819],[0.41757,0.688629],[0.524516,0.637668],[0.554286,0.427941],[0.571927,0.827794],[0.640688,0.453444],[0.689807,0.547482],[0.494593,0.146699],[0.709958,0.426576],[0.754036,0.446727]]"
244735bf7a7c4faaf67292c7,frames/244735bf7a7c4faaf67292c7.png,"[[0.224158,0.785299],[0.443888,0.740654],[0.460032,0.857047],[0.621467,0.394665],[0.468104,0.533381],[0.309359,0.845886],[0.398148,0.461631],[0.412498,0.678472],[0.180211,0.359589],[0.528193,0.506275],[0.677969,0.542947],[0.413395,0.688039],[0.615189,0.483953],[0.480659,0.409015],[0.528193,0.322917],[0.457341,0.345239],[0.601736,0.322917],[0.548821,0.173041],[0.688731,0.900097]]"
246fa84372bde5b10f6a6853,frames/246fa84372bde5b10f6a6853.png,"[[0.158687,0.36756],[0.325502,0.665717],[0.253754,0.874586],[0.618777,0.343644],[0.646579,0.278274],[0.028642,0.562079],[0.660032,0.702389],[0.51205,0.466414],[0.752199,0.668667],[0.613862,0.450061],[0.410427,0.692778],[0.502651,0.390588],[0.463772,0.106079],[0.701288,0.174636],[0.211602,0.394665],[0.622364,0.160286],[0.367655,0.788488],[0.410705,0.305378],[0.247476,0.654556],[0.416983,0.581212],[0.476175,0.389882],[0.025,0.359589],[0.510256,0.102887]]"
248a460036a917f2b84d8231,frames/248a460036a917f2b84d8231.png,"[[0.553786,0.851988],[0.654542,0.753471],[0.358573,0.195957],[0.377465,0.717647],[0.587792,0.187001],[0.716255,0.269844],[0.718776,0.471356],[0.483258,0.117591],[0.343459,0.50718],[0.689807,0.798252]]"
248ea113a21ea83f2bb0fe93,frames/248ea113a21ea83f2bb0fe93.png,"[[0.665875,0.710931],[0.480739,0.368361],[0.493333,0.473594],[0.475701,0.247455],[0.752781,0.583306],[0.299379,0.563156],[0.314492,0.325819],[0.605422,0.84751],[0.412729,0.128786],[0.663359,0.59898]]"
24a36521e51ca68d7b01bc73,frames/24a36521e51ca68d7b01bc73.png,"[[0.585271,0.648238],[0.47948,0.3706],[0.493333,0.478073],[0.575198,0.278801],[0.672177,0.693019],[0.337162,0.798252],[0.532376,0.954983],[0.493333,0.89453],[0.308195,0.603457],[0.667135,0.625848]]"
24ac96435f064a8e2358302c,frames/24ac96435f064a8e2358302c.png,"[[0.035817,0.696011],[0.267207,0.593968],[0.489628,0.955556],[0.569449,0.25914],[0.680659,0.110859],[0.728193,0.676878],[0.626521,0.25396],[0.85618,0.261996],[0.773037,0.447282],[0.755816,0.078753],[0.68077,0.343974],[0.665413,0.236818],[0.58945,0.252351],[0.104875,0.102887],[0.355099,0.710361],[0.40353,0.609912],[0.669905,0.632589],[0.440588,0.654971],[0.546704,0.271278],[0.24927,0.702389],[0.484247,0.267112],[0.523709,0.442499],[0.555996,0.405826],[0.359584,0.893719],[0.625055,0.428149],[0.46631,0.464819],[0.555996,0.383504],[0.547027,0.635422],[0.455548,0.60194],[0.549718,0.590779],[0.408911,0.461631],[0.468104,0.338861],[0.327296,0.625857],[0.517431,0.662528],[0.432229,0.420176],[0.530884,0.420176],[0.410705,0.841103]]"
24aeb823e8bdc25103fc0874,frames/24aeb823e8bdc25103fc0874.png,"[[0.025,0.458442],[0.134471,0.762976],[0.518328,0.405826],[0.308462,0.562079],[0.469001,0.431338],[0.257341,0.955556],[0.619673,0.412204],[0.427745,0.399449],[0.306669,0.766165],[0.440301,0.865019],[0.396355,0.36756],[0.111153,0.432932],[0.595458,0.318133],[0.52909,0.340456],[0.396355,0.370749]]"
24cd059cfe7794bf8cd5c93a,frames/24cd059cfe7794bf8cd5c93a.png,"[[0.484825,0.674908],[0.517897,0.832817],[0.577438,0.910117],[0.562,0.494582],[0.473799,0.259375],[0.424064,0.520614],[0.640688,0.616892],[0.767891,0.21163],[0.726333,0.413142],[0.762854,0.446727]]"
24ceb762537b40ebec5853eb,frames/24ceb762537b40ebec5853eb.png,"[[0.477107,0.455381],[0.493645,0.812113],[0.56862,0.520064],[0.549875,0.427941],[0.501363,0.621987],[0.611724,0.428815],[0.696104,0.52957],[0.47822,0.146699],[0.714995,0.417619],[0.756557,0.440009]]"
24da808ef44e8d8de1691ea1,frames/24da808ef44e8d8de1691ea1.png,"[[0.328346,0.428815],[0.575198,0.822881],[0.332124,0.531809],[0.620536,0.818403],[0.516004,0.088484],[0.655802,0.171328],[0.786786,0.482551],[0.604167,0.466878],[0.47822,0.699735],[0.730109,0.466878]]"
24e96b64d78353314e47a2b3,frames/24e96b64d78353314e47a2b3.png,"[[0.708462,0.576429],[0.859133,0.716739],[0.426848,0.933579],[0.700391,0.511058],[0.540749,0.865019],[0.338059,0.270301],[0.13178,0.696011],[0.482453,0.539758],[0.538059,0.57324],[0.750615,0.778921],[0.025,0.939957],[0.410705,0.536569]]"
25061241aaada7d082419a08,frames/25061241aaada7d082419a08.png,"[[0.638172,0.699735],[0.47948,0.372839],[0.492074,0.480312],[0.576458,0.258649],[0.673432,0.659433],[0.425323,0.827359],[0.492074,0.916919],[0.56638,0.84751],[0.306935,0.596741],[0.66462,0.605696]]"
253cb0367864ae86d206ea97,frames/253cb0367864ae86d206ea97.png,"[[0.332124,0.612414],[0.314492,0.722125],[0.459329,0.249694],[0.509079,0.224547],[0.517263,0.540765],[0.673432,0.590023],[0.677214,0.426576],[0.577719,0.298952],[0.560083,0.491506],[0.689807,0.538526]]"
253d89ade8e3ed9beb7d635b,frames/253d89ade8e3ed9beb7d635b.png,"[[0.025,0.214496],[0.57483,0.94474],[0.787386,0.833131],[0.025,0.750221],[0.919227,0.584401],[0.590973,0.431338],[0.915641,0.68485],[0.967656,0.405826],[0.831336,0.206524],[0.364965,0.334078],[0.087835,0.423365],[0.23492,0.885747],[0.768552,0.472792],[0.57214,0.192174],[0.084247,0.605129],[0.232229,0.184203],[0.364068,0.503086],[0.500391,0.220874],[0.690525,0.05346]]"
254b7d1c7cd6c2f4c80bafc2,frames/254b7d1c7cd6c2f4c80bafc2.png,"[[0.397616,0.316864],[0.481998,0.372839],[0.494593,0.518375],[0.599125,0.249694],[0.655802,0.883334],[0.668396,0.292234],[0.728849,0.410903],[0.626833,0.397469],[0.713734,0.581068],[0.657062,0.811686]]"
2555b4e6a9697f43feb1d7d9,frames/2555b4e6a9697f43feb1d7d9.png,"[[0.368552,0.740654],[0.759584,0.227251],[0.479762,0.069404],[0.545234,0.125209],[0.028642,0.646583],[0.12909,0.562079],[0.188283,0.747032],[0.839406,0.756599],[0.086938,0.691228],[0.099494,0.863425],[0.268104,0.718333],[0.384695,0.461631],[0.438507,0.900097],[0.792767,0.058243],[0.388283,0.955556],[0.656445,0.188986]]"
2557cb4e8be417669e5434d9,frames/2557cb4e8be417669e5434d9.png,"[[0.671691,0.501492],[0.645682,0.348428],[0.178417,0.361183],[0.231332,0.57324],[0.873484,0.600346],[0.482453,0.774138],[0.498597,0.624262],[0.792767,0.458442],[0.416086,0.648178],[0.472588,0.370749],[0.555996,0.477575],[0.041198,0.874586],[0.240301,0.254357],[0.624158,0.294217],[0.148821,0.640206],[0.579314,0.399449],[0.485472,0.52561],[0.390535,0.498283],[0.505363,0.369692],[0.371548,0.893703]]"
2565db6005b13104a239a16d,frames/2565db6005b13104a239a16d.png,"[[0.031332,0.705578],[0.26631,0.590779],[0.485144,0.955556],[0.580211,0.27349],[0.680659,0.106076],[0.728193,0.676878],[0.626521,0.25396],[0.849852,0.260389],[0.773037,0.447282],[0.755816,0.078753],[0.68077,0.339151],[0.673485,0.214496],[0.590355,0.245922],[0.113844,0.110859],[0.338059,0.72471],[0.405323,0.637017],[0.669905,0.632589],[0.472963,0.678951],[0.546704,0.280871],[0.264516,0.688039],[0.484247,0.270301],[0.551512,0.405826],[0.349718,0.939957],[0.613395,0.431338],[0.460929,0.428149],[0.555996,0.380315],[0.550615,0.632235],[0.476175,0.622668],[0.554202,0.584401],[0.40622,0.461631],[0.467207,0.338861],[0.347027,0.598751],[0.516534,0.643394],[0.432229,0.420176],[0.537162,0.416988],[0.418777,0.772543],[0.477072,0.388288]]"
25b8ba280d76916f739b3d93,frames/25b8ba280d76916f739b3d93.png,"[[0.060929,0.554107],[0.104875,0.76776],[0.23492,0.820375],[0.185592,0.680067],[0.277072,0.672094],[0.064516,0.917635],[0.17752,0.397854],[0.448373,0.432932],[0.341646,0.490331],[0.133574,0.598751],[0.366759,0.681661],[0.539852,0.885747],[0.59187,0.192174],[0.548821,0.365967],[0.658238,0.785299],[0.708462,0.955556],[0.825055,0.828347],[0.549718,0.192174],[0.753305,0.528597],[0.769449,0.058243],[0.786489,0.354806],[0.819672,0.361183],[0.74613,0.283056],[0.858234,0.329294],[0.114741,0.683256],[0.479762,0.68485],[0.809805,0.192174],[0.11205,0.354806],[0.811602,0.047082],[0.938062,0.617885],[0.62057,0.863425],[0.221467,0.925607],[0.307566,0.946335],[0.152409,0.935174]]"
25b8e80b21485fc7e103b2e4,frames/25b8e80b21485fc7e103b2e4.png,"[[0.227745,0.421771],[0.17214,0.659339],[0.125502,0.605129],[0.688731,0.517436],[0.244785,0.853858],[0.592767,0.520625],[0.162274,0.833131],[0.656445,0.359589],[0.632229,0.431338],[0.025,0.678472],[0.521916,0.442499],[0.052857,0.171447],[0.433126,0.531786],[0.218777,0.936768]]"
25d07559b4cdf6199edb0c2d,frames/25d07559b4cdf6199edb0c2d.png,"[[0.304417,0.377318],[0.711219,0.762428],[0.3422,0.296713],[0.487036,0.39299],[0.655802,0.478073],[0.738927,0.209391],[0.760339,0.337015],[0.513484,0.137743],[0.648245,0.813925],[0.556307,0.831837]]"
25e50d1212f020cd4f58d9c4,frames/25e50d1212f020cd4f58d9c4.png,"[[0.403913,0.487029],[0.480739,0.368361],[0.497112,0.513897],[0.587792,0.249694],[0.639427,0.87214],[0.673432,0.377318],[0.716255,0.482551],[0.604167,0.451205],[0.692328,0.578829],[0.655802,0.80273]]"
25f6d7ac3299c7c3c1d388c1,frames/25f6d7ac3299c7c3c1d388c1.png,"[[0.306935,0.473594],[0.692328,0.798252],[0.343459,0.321342],[0.507188,0.307907],[0.743964,0.55196],[0.704922,0.126548],[0.749,0.216108],[0.514744,0.16685],[0.641948,0.791535],[0.435399,0.778101]]"
260f96f42ce65a683abfd3dd,frames/260f96f42ce65a683abfd3dd.png,"[[0.212498,0.762976],[0.744337,0.23044],[0.472588,0.233629],[0.501288,0.118831],[0.25196,0.951118],[0.975,0.409015],[0.145234,0.394665],[0.132677,0.828347],[0.35779,0.416988],[0.290525,0.71355],[0.766759,0.115642],[0.345234,0.820375],[0.668104,0.173041],[0.45196,0.605129],[0.288731,0.464819],[0.418777,0.512653],[0.390973,0.085348],[0.709359,0.126803]]"
2612b32e24c0e6287c6232ac,frames/2612b32e24c0e6287c6232ac.png,"[[0.025,0.740654],[0.248373,0.643394],[0.282453,0.727899],[0.613395,0.118831],[0.320122,0.799649],[0.337162,0.904879],[0.585592,0.044444],[0.629538,0.165069],[0.728193,0.676878],[0.571367,0.228242],[0.846234,0.247531],[0.77214,0.447282],[0.777516,0.090005],[0.647316,0.39541],[0.63492,0.468008],[0.6003,0.258782],[0.261826,0.115642],[0.51205,0.539758],[0.426848,0.380315],[0.498142,0.829232],[0.568286,0.376793],[0.61415,0.728512],[0.453178,0.298456],[0.394725,0.640582],[0.603359,0.391182],[0.717431,0.955556],[0.08066,0.829942],[0.520122,0.305378],[0.457341,0.648178],[0.441198,0.831536],[0.416983,0.874586],[0.710256,0.909662],[0.527296,0.904879]]"
263c2be398b9dd4188930d7a,frames/263c2be398b9dd4188930d7a.png,"[[0.474902,0.845434],[0.533336,0.802313],[0.564208,0.902276],[0.59949,0.559265],[0.439621,0.486743],[0.393838,0.428815],[0.643208,0.569872],[0.820792,0.339254],[0.737667,0.417619],[0.770411,0.4624]]"
266fa49da683589aea734795,frames/266fa49da683589aea734795.png,"[[0.232229,0.691228],[0.540749,0.348428],[0.443888,0.128398],[0.72909,0.676878],[0.736828,0.424343],[0.855273,0.273249],[0.764965,0.45366],[0.775707,0.046606],[0.56323,0.216989],[0.755996,0.086943],[0.368552,0.094915],[0.392767,0.842697],[0.643826,0.461526],[0.340749,0.525408],[0.443888,0.316539],[0.519225,0.278274],[0.456445,0.780515],[0.264516,0.517436],[0.488731,0.295811],[0.341646,0.721522],[0.451063,0.72471],[0.296803,0.528597],[0.394561,0.405826],[0.509884,0.433988],[0.444785,0.580261],[0.41766,0.626875],[0.583121,0.720104],[0.442977,0.445239],[0.593971,0.589904],[0.348944,0.605979],[0.440264,0.385765],[0.501747,0.745822],[0.509884,0.348796],[0.527967,0.765111],[0.962867,0.821369]]"
2682393c09f4dd281170f4bb,frames/2682393c09f4dd281170f4bb.png,"[[0.496953,0.774872],[0.541054,0.863075],[0.584052,0.917956],[0.585156,0.520064],[0.444031,0.467142],[0.416507,0.543005],[0.645724,0.603457],[0.784266,0.267606],[0.73137,0.419858],[0.766635,0.448966]]"
268e1a4e4115dbfc8dcf5523,frames/268e1a4e4115dbfc8dcf5523.png,"[[0.310714,0.480312],[0.481998,0.3706],[0.498371,0.493746],[0.581495,0.249694],[0.631875,0.818403],[0.481998,0.695257],[0.723812,0.442248],[0.56512,0.4624],[0.657062,0.907964],[0.650766,0.75795]]"
26940daf12a60043d554a9c2,frames/26940daf12a60043d554a9c2.png,"[[0.898594,0.654556],[0.136265,0.554107],[0.866312,0.603535],[0.108462,0.683256],[0.839906,0.517572],[0.685291,0.353618],[0.025,0.550918],[0.561377,0.683256],[0.975,0.716739],[0.958687,0.576429],[0.77752,0.420176],[0.358687,0.520625],[0.271691,0.622668],[0.530884,0.350022],[0.568552,0.436121],[0.584695,0.61629],[0.890523,0.514247],[0.721019,0.57324],[0.490525,0.477575],[0.394561,0.447282],[0.778417,0.295811],[0.588283,0.654556],[0.358687,0.294217],[0.356893,0.609912],[0.648373,0.680067],[0.379314,0.397854],[0.610705,0.359589],[0.509359,0.555701],[0.696803,0.65615],[0.682453,0.386693],[0.025,0.270301],[0.801736,0.651367],[0.330884,0.458442],[0.129987,0.61629],[0.832227,0.43931],[0.13178,0.444093],[0.276175,0.495114],[0.110246,0.204131],[0.912945,0.444093],[0.962273,0.442499],[0.975,0.836319]]"
26ba8c7a998545494b3a87d8,frames/26ba8c7a998545494b3a87d8.png,"[[0.650766,0.388512],[0.6155,0.337015],[0.453031,0.184762],[0.340941,0.276561],[0.356054,0.296713],[0.543711,0.207152],[0.504668,0.151177],[0.555047,0.401946],[0.532376,0.892291],[0.416507,0.251932]]"
26f5c8751d7cca390cb01e4e,frames/26f5c8751d7cca390cb01e4e.png,"[[0.156893,0.503086],[0.106669,0.900097],[0.260032,0.633829],[0.213395,0.42496],[0.138955,0.747032],[0.614292,0.187392],[0.538955,0.238413],[0.414292,0.680067],[0.601736,0.133181],[0.695906,0.751815],[0.734471,0.133181],[0.769449,0.389882],[0.781108,0.158691],[0.63492,0.517436],[0.795458,0.195362],[0.198148,0.806026],[0.452857,0.622668],[0.184695,0.565268],[0.975,0.839508],[0.101288,0.955556],[0.239404,0.798054],[0.330884,0.688039],[0.639404,0.10767],[0.309359,0.102887],[0.547924,0.051865]]"
26fe9e76e6aa76e96d9e8195,frames/26fe9e76e6aa76e96d9e8195.png,"[[0.907562,0.598751],[0.056444,0.447282],[0.866312,0.603535],[0.070794,0.680067],[0.943437,0.490331],[0.750391,0.268426],[0.512947,0.637017],[0.869898,0.432932],[0.291422,0.542947],[0.349718,0.629046],[0.53178,0.428149],[0.610705,0.43931],[0.651063,0.657744],[0.798148,0.584401],[0.408014,0.468008],[0.354202,0.550918],[0.792767,0.287839],[0.621467,0.75341],[0.321916,0.354806],[0.439404,0.657744],[0.720122,0.676878],[0.446579,0.416988],[0.580211,0.3277],[0.608014,0.609912],[0.646579,0.589185],[0.616086,0.388288],[0.028642,0.370749],[0.755996,0.691228],[0.416983,0.373938],[0.21788,0.565268],[0.831336,0.445687],[0.166759,0.442499],[0.35779,0.444093],[0.099396,0.186449],[0.883352,0.377126],[0.913844,0.386693],[0.877969,0.818781],[0.975,0.299],[0.025,0.600346]]"
27418ce6333271c618304b34,frames/27418ce6333271c618304b34.png,"[[0.431621,0.422097],[0.621797,0.798252],[0.313233,0.325819],[0.600385,0.878856],[0.599125,0.18924],[0.672177,0.16685],[0.717516,0.466878],[0.507188,0.258649],[0.411469,0.567633],[0.68225,0.717647]]"
2807a1e0722586864cf86fc7,frames/2807a1e0722586864cf86fc7.png,"[[0.064134,0.589904],[0.33719,0.503106],[0.297407,0.321469],[0.329052,0.403447],[0.402289,0.594726],[0.072271,0.646164],[0.508076,0.474172],[0.425798,0.520787],[0.39187,0.394665],[0.261241,0.464528],[0.527063,0.604371],[0.198148,0.672094],[0.176623,0.788488],[0.635816,0.394665],[0.527063,0.679919],[0.668104,0.58759],[0.729987,0.464819],[0.772091,0.644556],[0.772995,0.54329],[0.715637,0.613101],[0.552409,0.740654],[0.812781,0.765111],[0.594934,0.572435],[0.662723,0.359589],[0.871688,0.593968],[0.975,0.614696],[0.778417,0.475981],[0.20622,0.472792],[0.090525,0.391476],[0.091422,0.550918],[0.88425,0.6992],[0.97393,0.743843],[0.025,0.546506],[0.025,0.432932]]"
280826bfb8db6f1bf191352a,frames/280826bfb8db6f1bf191352a.png,"[[0.354794,0.388512],[0.578974,0.811686],[0.311973,0.43777],[0.6155,0.867661],[0.610464,0.207152],[0.668396,0.195957],[0.751521,0.460161],[0.522301,0.285518],[0.419026,0.567633],[0.726333,0.64376]]"
2829b08f950e04d3a4bd8853,frames/2829b08f950e04d3a4bd8853.png,"[[0.468287,0.653348],[0.555385,0.823873],[0.593974,0.884635],[0.48262,0.480862],[0.641385,0.273095],[0.456809,0.388512],[0.629354,0.616892],[0.726333,0.137743],[0.725073,0.408663],[0.752781,0.440009]]"
28e7a2a700e2de0f9e2bc1a8,frames/28e7a2a700e2de0f9e2bc1a8.png,"[[0.509706,0.115352],[0.47948,0.3706],[0.493333,0.473594],[0.582755,0.247455],[0.634391,0.787056],[0.463107,0.813925],[0.718776,0.419858],[0.561344,0.607936],[0.47948,0.954983],[0.649505,0.751232]]"
28f0709f9d5ab6ef316e666b,frames/28f0709f9d5ab6ef316e666b.png,"[[0.328346,0.59898],[0.313233,0.693019],[0.464366,0.251932],[0.512225,0.204913],[0.514744,0.560917],[0.674693,0.596741],[0.674693,0.433293],[0.577719,0.316864],[0.557568,0.500463],[0.688547,0.52957]]"
29064282a2457775ad28e5be,frames/29064282a2457775ad28e5be.png,"[[0.17214,0.365967],[0.304875,0.668906],[0.267207,0.860236],[0.616086,0.3277],[0.669898,0.270301],[0.029539,0.555701],[0.687834,0.6992],[0.523709,0.509464],[0.759432,0.646164],[0.633754,0.419521],[0.414044,0.723318],[0.499034,0.400232],[0.467389,0.101257],[0.71205,0.158691],[0.234023,0.41061],[0.62057,0.153908],[0.376623,0.806026],[0.401736,0.233629],[0.216983,0.68485],[0.384695,0.483953],[0.482453,0.361183],[0.025,0.420176],[0.510256,0.102887]]"
299783e7e884b9c7554e5067,frames/299783e7e884b9c7554e5067.png,"[[0.741443,0.639281],[0.480739,0.368361],[0.490815,0.478073],[0.728849,0.466878],[0.741443,0.57659],[0.36361,0.43777],[0.759078,0.285518],[0.605422,0.84751],[0.371167,0.822881],[0.665875,0.594502]]"
29bec76c4cf1dcd4e343a1a8,frames/29bec76c4cf1dcd4e343a1a8.png,"[[0.317011,0.746755],[0.371167,0.623608],[0.469404,0.231781],[0.528598,0.260888],[0.516004,0.55196],[0.505928,0.87214],[0.594089,0.216108],[0.599125,0.301191],[0.669656,0.377318],[0.668396,0.558678]]"
29ec3e1674a6e3d6f685f2b9,frames/29ec3e1674a6e3d6f685f2b9.png,"[[0.194561,0.332483],[0.215189,0.413799],[0.361377,0.445687],[0.173037,0.657744],[0.224158,0.908068],[0.24927,0.479169],[0.34613,0.365967],[0.858234,0.885747],[0.395458,0.498303],[0.512947,0.860236],[0.458238,0.373938],[0.542543,0.498303],[0.569449,0.860236],[0.455548,0.428149],[0.6977,0.25914],[0.719225,0.611507],[0.03492,0.523814],[0.975,0.214496]]"
2a31e6fc2c74e21bbe03d5e1,frames/2a31e6fc2c74e21bbe03d5e1.png,"[[0.700662,0.458099],[0.500843,0.474172],[0.54153,0.602764],[0.687099,0.615624],[0.814586,0.467743],[0.728691,0.54329],[0.330884,0.732682],[0.063437,0.47154],[0.746774,0.679919],[0.145234,0.863425],[0.929094,0.509464],[0.423261,0.606724],[0.901289,0.955556],[0.563171,0.762976],[0.471691,0.386693],[0.869898,0.605129],[0.944336,0.834725],[0.555996,0.533381],[0.598148,0.635422],[0.291982,0.337544],[0.302184,0.727899],[0.736265,0.565268],[0.78918,0.73906],[0.296503,0.655808],[0.26631,0.468008],[0.23761,0.566862],[0.91743,0.721522],[0.056444,0.332483],[0.254651,0.391476],[0.173037,0.498303],[0.175727,0.416988],[0.103978,0.501492],[0.047476,0.475981],[0.047476,0.43931],[0.951508,0.316539]]"
2a3cf54a52243d7aace361d9,frames/2a3cf54a52243d7aace361d9.png,"[[0.025,0.6992],[0.347027,0.565268],[0.616983,0.386693],[0.580211,0.098103],[0.728193,0.676878],[0.714224,0.413092],[0.835383,0.276462],[0.764965,0.447282],[0.754912,0.06268],[0.639179,0.300574],[0.737162,0.085348],[0.555996,0.310218],[0.299494,0.206524],[0.353305,0.72471],[0.644725,0.554251],[0.65192,0.955556],[0.669905,0.600614],[0.373037,0.61629],[0.411602,0.908068],[0.433126,0.955556],[0.380211,0.710361],[0.426848,0.318133],[0.62057,0.329294],[0.504875,0.643394],[0.512947,0.696011],[0.363171,0.509464],[0.423261,0.705578],[0.581108,0.45366],[0.433126,0.764571],[0.469001,0.683256],[0.450166,0.584401],[0.025,0.885747],[0.421467,0.605129],[0.491422,0.603535],[0.523709,0.450471],[0.525502,0.21609],[0.506669,0.321322],[0.608911,0.813997],[0.42057,0.377126],[0.376069,0.901739],[0.526159,0.866376]]"
2a646d16ad91a79124a955a1,frames/2a646d16ad91a79124a955a1.png,"[[0.290525,0.665717],[0.54344,0.28465],[0.42057,0.220874],[0.72909,0.676878],[0.742253,0.430772],[0.849852,0.252351],[0.764965,0.455254],[0.776611,0.04982],[0.538817,0.112509],[0.775727,0.075782],[0.407117,0.160286],[0.465413,0.947929],[0.594366,0.442342],[0.313844,0.383504],[0.399942,0.292622],[0.238507,0.472792],[0.23492,0.696011],[0.341646,0.691228],[0.342543,0.420176],[0.55238,0.379336],[0.441168,0.932279],[0.5786,0.347189],[0.422181,0.442025],[0.422181,0.385765],[0.594875,0.281285],[0.898672,0.787614],[0.348944,0.49989],[0.527967,0.588297],[0.440264,0.398625],[0.49813,0.475779],[0.037009,0.932279],[0.6003,0.752251],[0.576792,0.353618],[0.622,0.385765],[0.588546,0.281285],[0.569559,0.343974],[0.397769,0.914599],[0.521019,0.908068]]"
2ab99ecc34c777a4d395bb91,frames/2ab99ecc34c777a4d395bb91.png,"[[0.668104,0.506275],[0.623261,0.378721],[0.182902,0.361183],[0.299494,0.595562],[0.843891,0.613101],[0.588283,0.657744],[0.534471,0.632235],[0.674382,0.412204],[0.442991,0.660933],[0.452857,0.373938],[0.506669,0.495114],[0.067207,0.898503],[0.311153,0.209712],[0.625055,0.278274],[0.286937,0.941551],[0.158687,0.640206],[0.538059,0.377126],[0.402289,0.478994],[0.421277,0.342367],[0.529776,0.313433]]"
2b3c212025e9ebfa1af03f0f,frames/2b3c212025e9ebfa1af03f0f.png,"[[0.553786,0.867661],[0.658323,0.751232],[0.343459,0.225064],[0.351016,0.668389],[0.590312,0.18924],[0.718776,0.267606],[0.721292,0.466878],[0.493333,0.124308],[0.31953,0.487029],[0.677214,0.813925]]"
2b3cec7999ac0070ed1586d0,frames/2b3cec7999ac0070ed1586d0.png,"[[0.408911,0.60194],[0.365862,0.869803],[0.425951,0.911257],[0.642095,0.241601],[0.470795,0.570051],[0.300391,0.887342],[0.547027,0.933579],[0.181108,0.362778],[0.593664,0.691228],[0.78918,0.263924],[0.542543,0.935174],[0.501288,0.683256],[0.540749,0.514247],[0.536265,0.299],[0.462723,0.475981],[0.523709,0.372343],[0.573934,0.214496],[0.63492,0.544542],[0.408014,0.542947],[0.426848,0.326106],[0.459135,0.405826]]"
2b3d73e8965040e7dafd5009,frames/2b3d73e8965040e7dafd5009.png,"[[0.794695,0.429165],[0.565038,0.421128],[0.571367,0.692778],[0.763049,0.663844],[0.902391,0.427589],[0.844422,0.557757],[0.282453,0.841103],[0.040114,0.410639],[0.820914,0.636519],[0.126399,0.799649],[0.975,0.458442],[0.355996,0.61629],[0.938062,0.955556],[0.474382,0.727899],[0.395458,0.416988],[0.869898,0.60194],[0.522812,0.544542],[0.682453,0.606724],[0.32634,0.353618],[0.332677,0.750221],[0.640301,0.472792],[0.74344,0.721522],[0.379685,0.684742],[0.349718,0.522219],[0.269898,0.512653],[0.837609,0.71355],[0.060032,0.338861],[0.348821,0.431338],[0.23492,0.45366],[0.278866,0.351617],[0.183798,0.45366],[0.074382,0.520625],[0.086041,0.442499],[0.867203,0.299],[0.955992,0.542947],[0.025,0.386693]]"
2b3d8b37104d50b10d8c7ed5,frames/2b3d8b37104d50b10d8c7ed5.png,"[[0.31205,0.528597],[0.286041,0.593968],[0.253754,0.431338],[0.303978,0.13637],[0.705772,0.051865],[0.672588,0.769354],[0.504875,0.554107],[0.79187,0.292622],[0.21788,0.885747],[0.047476,0.852264],[0.18918,0.820375],[0.651063,0.063026],[0.148821,0.163475],[0.545234,0.055054],[0.818773,0.249574],[0.492319,0.461631],[0.52909,0.044444],[0.767655,0.23044],[0.260032,0.094915],[0.796355,0.069404]]"
2b3e6d381ae37de531b836ea,frames/2b3e6d381ae37de531b836ea.png,"[[0.034023,0.710361],[0.23492,0.617885],[0.489628,0.925607],[0.573934,0.236818],[0.682453,0.118831],[0.728193,0.676878],[0.626521,0.252351],[0.85618,0.261996],[0.773037,0.447282],[0.752199,0.072324],[0.688908,0.374514],[0.651063,0.28465],[0.596684,0.260389],[0.116534,0.091726],[0.375727,0.710361],[0.375727,0.576429],[0.669005,0.632589],[0.384833,0.6182],[0.527819,0.276074],[0.221467,0.705578],[0.486937,0.251168],[0.272588,0.951118],[0.54344,0.490331],[0.569449,0.416988],[0.488731,0.511058],[0.359584,0.834725],[0.612498,0.399449],[0.453754,0.534975],[0.551512,0.378721],[0.52909,0.609912],[0.415189,0.584401],[0.523709,0.520625],[0.452857,0.45366],[0.477969,0.362778],[0.307566,0.6992],[0.506669,0.774138],[0.426848,0.416988],[0.545234,0.401043],[0.451063,0.955556]]"
2b8b1d1817d724da9c5d8b70,frames/2b8b1d1817d724da9c5d8b70.png,"[[0.686031,0.231781],[0.480739,0.3706],[0.493333,0.478073],[0.580234,0.276561],[0.63313,0.753471],[0.401394,0.766906],[0.718776,0.451205],[0.507188,0.713169],[0.439177,0.87214],[0.655802,0.697496]]"
2bb01d6a70d830ff80d1b106,frames/2bb01d6a70d830ff80d1b106.png,"[[0.655548,0.520625],[0.614292,0.41061],[0.182902,0.361183],[0.323709,0.614696],[0.80353,0.589185],[0.644785,0.659339],[0.532677,0.611507],[0.660032,0.420176],[0.457341,0.65615],[0.453754,0.373938],[0.491422,0.480764],[0.068104,0.888936],[0.344337,0.241601],[0.622364,0.283056],[0.295009,0.936768],[0.149718,0.643394],[0.539852,0.372343],[0.372452,0.478994],[0.46558,0.316647]]"
2bbd77cdb06a00cc04180d76,frames/2bbd77cdb06a00cc04180d76.png,"[[0.742703,0.637043],[0.481998,0.368361],[0.492074,0.478073],[0.557568,0.21163],[0.74774,0.57659],[0.348497,0.397469],[0.430361,0.146699],[0.602906,0.843032],[0.266633,0.428815],[0.663359,0.601219]]"
2bd71a4f716410a3f8a7b909,frames/2bd71a4f716410a3f8a7b909.png,"[[0.382502,0.34821],[0.480739,0.372839],[0.492074,0.518375],[0.600385,0.247455],[0.653281,0.883334],[0.66462,0.292234],[0.728849,0.377318],[0.630615,0.388512],[0.727589,0.567633],[0.659578,0.818403]]"
2c1df0bc2af3a4c82c1a2313,frames/2c1df0bc2af3a4c82c1a2313.png,"[[0.353305,0.740654],[0.425951,0.343644],[0.730884,0.676878],[0.743157,0.427558],[0.76757,0.236278],[0.769449,0.464819],[0.781132,0.044444],[0.55238,0.061072],[0.902187,0.063026],[0.241198,0.080565],[0.679797,0.643781],[0.433126,0.705578],[0.37483,0.536569],[0.167655,0.755004],[0.190077,0.592374],[0.267207,0.338861],[0.564134,0.355225],[0.831766,0.744215],[0.286557,0.787614],[0.565038,0.348796],[0.574984,0.416307],[0.508076,0.461314],[0.858234,0.955556],[0.408014,0.265518],[0.404427,0.798054],[0.458238,0.350022],[0.533574,0.044444],[0.361377,0.81081],[0.413395,0.383504],[0.504875,0.747032],[0.351512,0.673689],[0.26631,0.584401],[0.60622,0.65615],[0.263953,0.662237],[0.409523,0.265211],[0.472814,0.731356],[0.547859,0.867983],[0.421277,0.540075],[0.458347,0.472565],[0.478239,0.3279]]"
2c4f0a6d735ca672f54eb46c,frames/2c4f0a6d735ca672f54eb46c.png,"[[0.136265,0.383504],[0.17483,0.665717],[0.338955,0.377126],[0.567655,0.464819],[0.25196,0.721522],[0.510256,0.436121],[0.141646,0.955556],[0.622364,0.389882],[0.456445,0.359589],[0.306669,0.735871],[0.196355,0.707172],[0.433126,0.911257],[0.37483,0.354806],[0.03492,0.550918],[0.57752,0.3277]]"
2c74ec9bc90471bf723a5484,frames/2c74ec9bc90471bf723a5484.png,"[[0.190973,0.428149],[0.170346,0.672094],[0.257341,0.498303],[0.614292,0.509464],[0.276175,0.807621],[0.535368,0.483953],[0.132677,0.955556],[0.569449,0.276679],[0.616983,0.420176],[0.471691,0.359589],[0.092319,0.047082],[0.299494,0.751815],[0.204427,0.865019],[0.432229,0.917635],[0.431332,0.295811]]"
2c9e52d3e2cb9e8d1e880a4a,frames/2c9e52d3e2cb9e8d1e880a4a.png,"[[0.025,0.750221],[0.192767,0.60194],[0.255548,0.579618],[0.599942,0.115642],[0.246579,0.710361],[0.571243,0.683256],[0.579314,0.044444],[0.636713,0.220874],[0.728193,0.676878],[0.562326,0.234671],[0.829953,0.231456],[0.77214,0.447282],[0.798311,0.101257],[0.6654,0.361656],[0.40622,0.3277],[0.652857,0.466414],[0.596684,0.242708],[0.282453,0.082159],[0.571243,0.394665],[0.419673,0.483953],[0.37214,0.877775],[0.436713,0.340456],[0.313844,0.888936],[0.405323,0.818781],[0.536812,0.626194],[0.564689,0.523876],[0.412711,0.694939],[0.665409,0.886786],[0.393826,0.6182],[0.490049,0.758888],[0.567387,0.365603]]"
2cac39ce5b4097b6f4168f78,frames/2cac39ce5b4097b6f4168f78.png,"[[0.463877,0.347578],[0.385597,0.588666],[0.479312,0.592586],[0.588464,0.439701],[0.573026,0.849355],[0.645724,0.457921],[0.708698,0.518375],[0.54875,0.124308],[0.713734,0.419858],[0.751521,0.440009]]"
2ce70de0cd087a288f838872,frames/2ce70de0cd087a288f838872.png,"[[0.287834,0.659339],[0.550615,0.287839],[0.421467,0.214496],[0.72909,0.676878],[0.744966,0.424343],[0.848039,0.258782],[0.764965,0.455254],[0.774803,0.044998],[0.528872,0.114116],[0.771243,0.075782],[0.402633,0.155503],[0.471691,0.951118],[0.605157,0.447138],[0.303978,0.391476],[0.399942,0.292622],[0.242095,0.477575],[0.247476,0.710361],[0.336265,0.65615],[0.333574,0.412204],[0.463772,0.387374],[0.554188,0.382551],[0.452018,0.877628],[0.570463,0.364869],[0.407714,0.456492],[0.412235,0.372907],[0.576792,0.290929],[0.902289,0.794044],[0.340806,0.487032],[0.536105,0.610801],[0.445689,0.385765],[0.509884,0.483817],[0.038817,0.932279],[0.619288,0.787614],[0.571367,0.350403],[0.617479,0.364869],[0.577696,0.286107],[0.553284,0.371299],[0.409523,0.949961]]"
2ce7f64a0cfcee01de84cd21,frames/2ce7f64a0cfcee01de84cd21.png,"[[0.308462,0.640206],[0.587386,0.365967],[0.519225,0.125209],[0.728193,0.676878],[0.732308,0.424343],[0.845328,0.2845],[0.764965,0.45366],[0.760337,0.057857],[0.633754,0.287715],[0.750615,0.085348],[0.353305,0.16188],[0.34613,0.762976],[0.652819,0.528672],[0.637531,0.682149],[0.371243,0.637017],[0.364068,0.72471],[0.429538,0.316539],[0.686938,0.270301],[0.490525,0.633829],[0.471691,0.863425],[0.265413,0.491925],[0.444785,0.868208],[0.561377,0.343644],[0.470795,0.766165],[0.501288,0.450471],[0.408911,0.716739],[0.434023,0.75341],[0.428641,0.536569],[0.439404,0.287839],[0.493216,0.702389],[0.399045,0.402638],[0.399577,0.747429],[0.441168,0.628482],[0.492705,0.911383],[0.463772,0.948354]]"
2cefd5691c64cde4e35e2b52,frames/2cefd5691c64cde4e35e2b52.png,"[[0.359584,0.806026],[0.428641,0.343644],[0.730884,0.676878],[0.743157,0.424343],[0.765762,0.2411],[0.769449,0.464819],[0.783845,0.044444],[0.522542,0.05625],[0.899492,0.063026],[0.221467,0.063026],[0.710373,0.696538],[0.465413,0.727899],[0.344337,0.605129],[0.161377,0.818781],[0.214292,0.581212],[0.277969,0.389882],[0.580409,0.319862],[0.831766,0.737785],[0.27842,0.872806],[0.576792,0.321469],[0.562326,0.478994],[0.858234,0.955556],[0.395458,0.281461],[0.358687,0.955556],[0.46362,0.348428],[0.514741,0.044444],[0.264516,0.955556],[0.398148,0.389882],[0.512947,0.780515],[0.364068,0.629046],[0.278866,0.584401],[0.532677,0.589185],[0.317298,0.610801],[0.397769,0.279678],[0.442073,0.559364],[0.593971,0.826192],[0.395056,0.649378],[0.482759,0.509535],[0.480047,0.263604],[0.556901,0.427558],[0.586738,0.371299],[0.546051,0.348796]]"
2d013cc7ec6dc63b0d47d2db,frames/2d013cc7ec6dc63b0d47d2db.png,"[[0.36487,0.231781],[0.480739,0.3706],[0.495853,0.487029],[0.581495,0.247455],[0.63313,0.807208],[0.480739,0.838555],[0.721292,0.43777],[0.578974,0.518375],[0.538673,0.952744],[0.648245,0.75795]]"
2d029af5ae834397d0680b45,frames/2d029af5ae834397d0680b45.png,"[[0.754007,0.417914],[0.537009,0.443632],[0.562326,0.668667],[0.719649,0.646164],[0.873359,0.42595],[0.780228,0.551328],[0.307566,0.809215],[0.051047,0.4534],[0.797085,0.646224],[0.145234,0.828347],[0.973039,0.461631],[0.384695,0.611507],[0.938953,0.955556],[0.510256,0.742249],[0.426848,0.391476],[0.869898,0.60194],[0.975,0.834725],[0.544337,0.520625],[0.654651,0.613101],[0.301927,0.348796],[0.304875,0.73906],[0.678866,0.557296],[0.754202,0.727899],[0.336286,0.692778],[0.317431,0.475981],[0.250166,0.531786],[0.860031,0.6992],[0.061826,0.340456],[0.301288,0.420176],[0.224158,0.477575],[0.244785,0.380315],[0.165862,0.472792],[0.062722,0.506275],[0.06631,0.442499],[0.896805,0.305378],[0.975,0.525408],[0.025,0.436121]]"
2d0f2cc445b97261b730343f,frames/2d0f2cc445b97261b730343f.png,"[[0.581495,0.639281],[0.481998,0.377318],[0.493333,0.478073],[0.572677,0.276561],[0.663359,0.722125],[0.306935,0.751232],[0.600385,0.827359],[0.528598,0.883334],[0.345978,0.827359],[0.663359,0.645999]]"
2d5ae7969060a4700fb2a766,frames/2d5ae7969060a4700fb2a766.png,"[[0.027745,0.716739],[0.25196,0.646583],[0.397252,0.81081],[0.615189,0.171447],[0.664516,0.147531],[0.728193,0.676878],[0.616575,0.2411],[0.858891,0.247531],[0.773037,0.450471],[0.752199,0.085183],[0.668112,0.406663],[0.623261,0.338861],[0.61115,0.261996],[0.162274,0.115642],[0.34613,0.622668],[0.423261,0.509464],[0.677998,0.643781],[0.235552,0.603812],[0.581776,0.213724],[0.141646,0.758193],[0.487834,0.236818],[0.415189,0.876181],[0.555996,0.61629],[0.355996,0.447282],[0.565862,0.539758],[0.413395,0.603535],[0.442095,0.633829],[0.590973,0.321322],[0.477969,0.71355],[0.550615,0.36756],[0.537162,0.522219],[0.38918,0.354806],[0.56048,0.45366],[0.503081,0.461631],[0.48335,0.365967],[0.408014,0.928796]]"
2d608634865e6cd2ffa8e424,frames/2d608634865e6cd2ffa8e424.png,"[[0.730109,0.637043],[0.483258,0.3706],[0.490815,0.478073],[0.612979,0.534048],[0.749,0.581068],[0.36361,0.357166],[0.344719,0.249694],[0.602906,0.838555],[0.334643,0.195957],[0.66462,0.610175]]"
2d7a5f1ab4ec99c18f8ec477,frames/2d7a5f1ab4ec99c18f8ec477.png,"[[0.441696,0.737798],[0.727589,0.706453],[0.353535,0.287756],[0.388799,0.614653],[0.625573,0.135504],[0.721292,0.267606],[0.723812,0.478073],[0.556307,0.106396],[0.405172,0.518375],[0.587792,0.827359]]"
2d8c316285f5458cc2217263,frames/2d8c316285f5458cc2217263.png,"[[0.667135,0.699735],[0.480739,0.3706],[0.494593,0.473594],[0.580234,0.267606],[0.713734,0.652716],[0.393838,0.827359],[0.289303,0.675106],[0.607943,0.84751],[0.325827,0.251932],[0.668396,0.605696]]"
2d97bbfb02109bf39e757f78,frames/2d97bbfb02109bf39e757f78.png,"[[0.029539,0.710361],[0.291422,0.57324],[0.590973,0.292622],[0.679762,0.104481],[0.728193,0.676878],[0.629234,0.257174],[0.840805,0.260389],[0.768552,0.450471],[0.755816,0.078753],[0.674441,0.332722],[0.693216,0.171447],[0.587642,0.226633],[0.138955,0.147531],[0.326399,0.740654],[0.392767,0.71355],[0.671704,0.622997],[0.559294,0.691742],[0.553898,0.292061],[0.351512,0.673689],[0.549718,0.487142],[0.555099,0.386693],[0.540749,0.632235],[0.480659,0.648178],[0.59187,0.654556],[0.400839,0.475981],[0.456445,0.318133],[0.385592,0.592374],[0.538059,0.554107],[0.433126,0.416988],[0.526399,0.455254],[0.44927,0.654556],[0.456445,0.365967]]"
2dae8b00a742729aad083c49,frames/2dae8b00a742729aad083c49.png,"[[0.841711,0.504712],[0.76757,0.800474],[0.147924,0.847481],[0.029539,0.621074],[0.116534,0.735871],[0.296803,0.632235],[0.236713,0.727899],[0.864516,0.605129],[0.253754,0.751815],[0.509884,0.490246],[0.485144,0.576429],[0.381108,0.450471],[0.641198,0.716739],[0.682579,0.535253],[0.611602,0.635422],[0.551512,0.576429],[0.619673,0.6992],[0.058238,0.386693],[0.758687,0.372343],[0.457341,0.283056],[0.394561,0.287839],[0.363171,0.472792],[0.434023,0.622668],[0.435816,0.531786],[0.717431,0.576429],[0.654651,0.643394],[0.385592,0.377126],[0.260929,0.654556],[0.660929,0.483953],[0.294112,0.373938],[0.363171,0.506275],[0.147924,0.354806],[0.761377,0.627451],[0.176623,0.590779],[0.89232,0.503086],[0.975,0.495114],[0.025,0.329294],[0.975,0.762976]]"
2dc1bc6eb44be6f1a3b0ec9e,frames/2dc1bc6eb44be6f1a3b0ec9e.png,"[[0.025,0.747032],[0.197252,0.57324],[0.229538,0.512653],[0.607117,0.13637],[0.308462,0.705578],[0.594561,0.562079],[0.576623,0.047082],[0.644785,0.225657],[0.72909,0.673689],[0.559613,0.234671],[0.822727,0.225026],[0.771243,0.450471],[0.805545,0.104472],[0.66992,0.366476],[0.36048,0.383504],[0.654651,0.475981],[0.596684,0.242708],[0.378417,0.933579],[0.253754,0.131586],[0.57483,0.372343],[0.37214,0.506275],[0.319225,0.764571],[0.440301,0.338861],[0.268104,0.742249],[0.404427,0.911257],[0.396355,0.676878],[0.542207,0.514283],[0.546704,0.536665],[0.56379,0.591022],[0.43879,0.562246],[0.665409,0.904371],[0.397423,0.730111],[0.467567,0.915562]]"
2e00e4ee31721e35e53aeadd,frames/2e00e4ee31721e35e53aeadd.png,"[[0.586531,0.641521],[0.47948,0.372839],[0.497112,0.480312],[0.572677,0.276561],[0.659578,0.717647],[0.335903,0.753471],[0.584016,0.746755],[0.539933,0.811686],[0.349757,0.858706],[0.659578,0.657194]]"
2e199127c97e7fa3f48e1623,frames/2e199127c97e7fa3f48e1623.png,"[[0.765762,0.779578],[0.194561,0.955556],[0.069,0.65615],[0.188283,0.609912],[0.102184,0.676878],[0.866312,0.603535],[0.156893,0.727899],[0.650029,0.466136],[0.610705,0.528597],[0.135368,0.472792],[0.582005,0.721522],[0.910258,0.600346],[0.741744,0.657156],[0.626848,0.555701],[0.515637,0.60194],[0.111153,0.566862],[0.923711,0.394665],[0.460032,0.209712],[0.486041,0.383504],[0.484247,0.542947],[0.642095,0.665717],[0.55779,0.57324],[0.617992,0.520508],[0.547027,0.287839],[0.581108,0.389882],[0.415189,0.648178],[0.500391,0.310161],[0.373934,0.475981],[0.518328,0.648178],[0.271691,0.337267],[0.671691,0.557296],[0.363573,0.687218],[0.80353,0.678472],[0.782902,0.365967],[0.025,0.181013],[0.871688,0.710361],[0.102184,0.397854],[0.112947,0.632235],[0.890523,0.487142],[0.065413,0.3277],[0.03492,0.613101],[0.025255,0.343974]]"
2e284cee29c82dbe056dfd2d,frames/2e284cee29c82dbe056dfd2d.png,"[[0.216983,0.361183],[0.303081,0.350022],[0.17214,0.659339],[0.084247,0.660933],[0.692319,0.520625],[0.37214,0.762976],[0.625951,0.542947],[0.163171,0.833131],[0.73178,0.951118],[0.667207,0.332483],[0.639404,0.431338],[0.038507,0.643394],[0.550615,0.475981],[0.099494,0.294217],[0.465413,0.340456],[0.208014,0.955556]]"
2e35f43422aab8cb1bb1ebfa,frames/2e35f43422aab8cb1bb1ebfa.png,"[[0.025,0.743843],[0.195458,0.57324],[0.21788,0.517436],[0.60353,0.131586],[0.298597,0.6992],[0.596355,0.57324],[0.575727,0.044444],[0.642095,0.225657],[0.72909,0.678472],[0.558709,0.234671],[0.827242,0.226633],[0.77214,0.445687],[0.805545,0.104472],[0.66992,0.366476],[0.366759,0.362778],[0.653754,0.472792],[0.596684,0.242708],[0.37214,0.955556],[0.260929,0.128398],[0.573934,0.377126],[0.379314,0.501492],[0.325502,0.788488],[0.440301,0.338861],[0.269898,0.775732],[0.412498,0.947929],[0.405323,0.680067],[0.535912,0.517481],[0.539509,0.531869],[0.561991,0.584628],[0.428898,0.565443],[0.669905,0.904371],[0.397423,0.728512],[0.471164,0.888385]]"
2e624e95ca12ed425b37ad26,frames/2e624e95ca12ed425b37ad26.png,"[[0.495851,0.751351],[0.539952,0.870915],[0.584052,0.908156],[0.575234,0.508303],[0.461672,0.427941],[0.419026,0.554199],[0.645724,0.59898],[0.786786,0.249694],[0.735146,0.419858],[0.765375,0.451205]]"
2e7534ff86feae82d2ea1922,frames/2e7534ff86feae82d2ea1922.png,"[[0.473799,0.835634],[0.537747,0.804273],[0.564208,0.894436],[0.602797,0.559265],[0.451749,0.498503],[0.390059,0.453444],[0.646984,0.590023],[0.819531,0.339254],[0.736406,0.419858],[0.766635,0.451205]]"
2e88ca726bff85e8232140e5,frames/2e88ca726bff85e8232140e5.png,"[[0.306935,0.377318],[0.723812,0.751232],[0.3422,0.296713],[0.480739,0.397469],[0.649505,0.453444],[0.73137,0.225064],[0.759078,0.339254],[0.514744,0.131026],[0.653281,0.793774],[0.56638,0.838555]]"
2e9624daef3034f6549c0d82,frames/2e9624daef3034f6549c0d82.png,"[[0.453954,0.349538],[0.387802,0.576906],[0.472697,0.590626],[0.591771,0.439701],[0.569719,0.845434],[0.648245,0.451205],[0.711219,0.518375],[0.556307,0.110874],[0.714995,0.410903],[0.759078,0.442248]]"
2ed7825c88e84051e9abf96e,frames/2ed7825c88e84051e9abf96e.png,"[[0.777516,0.766718],[0.195458,0.955556],[0.074382,0.6705],[0.188283,0.621074],[0.095318,0.687218],[0.866312,0.603535],[0.155996,0.710361],[0.68077,0.450061],[0.616983,0.498303],[0.123709,0.472792],[0.57752,0.710361],[0.947922,0.624262],[0.755099,0.638611],[0.644785,0.539758],[0.502184,0.593968],[0.137162,0.562079],[0.923711,0.386693],[0.482453,0.219279],[0.491422,0.416988],[0.506669,0.525408],[0.672588,0.665717],[0.571243,0.576429],[0.61338,0.489079],[0.528193,0.281461],[0.60622,0.388288],[0.442095,0.621074],[0.46362,0.299],[0.369449,0.483953],[0.51205,0.678472],[0.2977,0.3277],[0.672588,0.547729],[0.386489,0.688039],[0.800839,0.696011],[0.764068,0.388288],[0.025,0.196957],[0.869,0.691228],[0.139852,0.361183],[0.136265,0.643394],[0.875281,0.45366],[0.057341,0.340456],[0.06631,0.584401],[0.036105,0.305396]]"
2ed84bee58d332ff51a2495b,frames/2ed84bee58d332ff51a2495b.png,"[[0.667135,0.708692],[0.480739,0.368361],[0.492074,0.478073],[0.397616,0.245215],[0.75026,0.581068],[0.295601,0.511658],[0.345978,0.251932],[0.605422,0.858706],[0.402653,0.146699],[0.667135,0.596741]]"
2ee4e38cb6a14d9e2cf37b69,frames/2ee4e38cb6a14d9e2cf37b69.png,"[[0.582755,0.641521],[0.47696,0.3706],[0.492074,0.473594],[0.573938,0.276561],[0.663359,0.722125],[0.305676,0.737798],[0.599125,0.834076],[0.526079,0.87214],[0.343459,0.811686],[0.662099,0.648238]]"
2f125533981f0fffa2c5d31a,frames/2f125533981f0fffa2c5d31a.png,"[[0.224158,0.348428],[0.229538,0.405826],[0.170346,0.657744],[0.04927,0.640206],[0.828641,0.673689],[0.60622,0.756599],[0.578417,0.643394],[0.303081,0.751815],[0.628641,0.892125],[0.686938,0.310161],[0.681556,0.431338],[0.22057,0.271896],[0.152409,0.550918],[0.499494,0.544542],[0.240301,0.354806]]"
2f3f266ae40c93dd78d39364,frames/2f3f266ae40c93dd78d39364.png,"[[0.441826,0.616106],[0.492543,0.827794],[0.668948,0.669029],[0.511286,0.296617],[0.541054,0.547505],[0.609203,0.428815],[0.689807,0.549721],[0.625573,0.066094],[0.712479,0.410903],[0.760339,0.448966]]"
2f93157c48205478c01543a5,frames/2f93157c48205478c01543a5.png,"[[0.435399,0.325819],[0.481998,0.368361],[0.494593,0.518375],[0.595349,0.247455],[0.648245,0.878856],[0.679729,0.345971],[0.716255,0.422097],[0.634391,0.406424],[0.696104,0.57659],[0.655802,0.807208]]"
2fb3e3ea8b40bc4bde472a7d,frames/2fb3e3ea8b40bc4bde472a7d.png,"[[0.702184,0.305378],[0.665413,0.192174],[0.182902,0.361183],[0.344337,0.444093],[0.862719,0.43931],[0.340749,0.813997],[0.493216,0.621074],[0.809805,0.544542],[0.326399,0.662528],[0.487834,0.361183],[0.618777,0.479169],[0.027745,0.777326],[0.270795,0.275085],[0.599942,0.343644],[0.069897,0.839508],[0.648373,0.405826],[0.539722,0.520787],[0.440264,0.593119],[0.534297,0.454883],[0.419469,0.678311],[0.301023,0.387374],[0.478239,0.09322],[0.188004,0.044444],[0.907711,0.044444]]"
2fb835bf8c02a8ef33e5f1a4,frames/2fb835bf8c02a8ef33e5f1a4.png,"[[0.763953,0.530431],[0.762145,0.63009],[0.938453,0.567401],[0.170346,0.880964],[0.975,0.700815],[0.026848,0.640206],[0.184695,0.729493],[0.379314,0.657744],[0.301288,0.621074],[0.869,0.598751],[0.335368,0.603535],[0.964961,0.498303],[0.442073,0.478994],[0.37483,0.611507],[0.441198,0.431338],[0.667207,0.688039],[0.614766,0.638126],[0.537162,0.598751],[0.452857,0.539758],[0.664516,0.688039],[0.046579,0.348428],[0.635816,0.397854],[0.411602,0.351617],[0.355996,0.27349],[0.388283,0.434526],[0.316534,0.557296],[0.353305,0.514247],[0.798148,0.528597],[0.745234,0.678472],[0.320122,0.377126],[0.17214,0.667311],[0.769449,0.442499],[0.216086,0.466414],[0.25196,0.547729],[0.121916,0.276679],[0.850164,0.609912],[0.050166,0.568457],[0.975,0.413799]]"
2fce0865e0ddf753f4655f70,frames/2fce0865e0ddf753f4655f70.png,"[[0.903977,0.593968],[0.025054,0.469603],[0.866312,0.603535],[0.050166,0.705578],[0.974828,0.487142],[0.757624,0.245922],[0.496803,0.640206],[0.888734,0.434526],[0.274382,0.536569],[0.37214,0.638611],[0.534471,0.464819],[0.619673,0.450471],[0.679762,0.659339],[0.838508,0.598751],[0.425055,0.499897],[0.32909,0.55889],[0.797252,0.289433],[0.625055,0.794865],[0.303978,0.370749],[0.464516,0.654556],[0.756893,0.643394],[0.464516,0.455254],[0.57752,0.351617],[0.616983,0.627451],[0.632229,0.576429],[0.605323,0.389882],[0.040301,0.389882],[0.752409,0.702389],[0.45196,0.354806],[0.218777,0.542947],[0.818773,0.475981],[0.190973,0.445687],[0.381108,0.455254],[0.1003,0.1977],[0.862719,0.351617],[0.912047,0.378721],[0.855547,0.821969],[0.94882,0.287839],[0.028642,0.598751]]"
302b9f510918b26c007cbead,frames/302b9f510918b26c007cbead.png,"[[0.870641,0.432381],[0.597588,0.459706],[0.587642,0.6542],[0.80464,0.652593],[0.953828,0.432381],[0.913141,0.565794],[0.232229,0.847481],[0.025,0.347147],[0.866125,0.660631],[0.086938,0.732682],[0.31205,0.61629],[0.953305,0.917635],[0.443888,0.740654],[0.390077,0.475981],[0.869898,0.60194],[0.455548,0.57324],[0.765862,0.593968],[0.378781,0.364869],[0.341646,0.785299],[0.62057,0.377126],[0.732677,0.702389],[0.41766,0.663844],[0.393664,0.57324],[0.306669,0.472792],[0.782005,0.740654],[0.060032,0.348428],[0.412498,0.455254],[0.286937,0.405826],[0.309359,0.283056],[0.229538,0.405826],[0.123709,0.565268],[0.135368,0.43931],[0.864516,0.294217],[0.920125,0.506275],[0.934469,0.627451],[0.085144,0.45366],[0.031332,0.609912],[0.963172,0.372343]]"
3092b2d542fdb5de4e58c2d8,frames/3092b2d542fdb5de4e58c2d8.png,"[[0.647476,0.528597],[0.616086,0.420176],[0.179314,0.362778],[0.330884,0.624262],[0.794561,0.576429],[0.662723,0.673689],[0.528193,0.606724],[0.660929,0.428149],[0.470795,0.657744],[0.455548,0.373938],[0.479762,0.475981],[0.06631,0.888936],[0.358687,0.25914],[0.624158,0.283056],[0.296803,0.941551],[0.158687,0.651367],[0.536265,0.372343],[0.359794,0.467743]]"
309e5c34adf98bb52ba718d3,frames/309e5c34adf98bb52ba718d3.png,"[[0.387386,0.802838],[0.425951,0.351617],[0.730884,0.676878],[0.743157,0.424343],[0.765762,0.252351],[0.769449,0.466414],[0.784748,0.044444],[0.499938,0.061072],[0.900391,0.063026],[0.20353,0.082159],[0.721164,0.725315],[0.51205,0.72471],[0.371243,0.654556],[0.137162,0.829942],[0.227745,0.566862],[0.267207,0.397854],[0.549667,0.298967],[0.816391,0.734571],[0.299215,0.932279],[0.55238,0.29736],[0.549667,0.511143],[0.86093,0.955556],[0.395458,0.281461],[0.511153,0.044444],[0.398148,0.389882],[0.520122,0.829942],[0.364965,0.603535],[0.300391,0.57324],[0.538059,0.547729],[0.331765,0.589904],[0.393248,0.282893],[0.460155,0.450061],[0.601205,0.798867],[0.425798,0.753858],[0.499938,0.528824],[0.489993,0.200915],[0.512597,0.477387],[0.599396,0.324685],[0.55238,0.371299],[0.526159,0.324685],[0.477334,0.337544]]"
30abafcdb137c8ce61996070,frames/30abafcdb137c8ce61996070.png,"[[0.371243,0.818781],[0.426848,0.348428],[0.730884,0.676878],[0.743157,0.424343],[0.765762,0.2411],[0.769449,0.464819],[0.783845,0.044444],[0.508076,0.061072],[0.900391,0.063026],[0.215189,0.066215],[0.712171,0.699735],[0.479762,0.732682],[0.345234,0.600346],[0.145234,0.829942],[0.214292,0.581212],[0.267207,0.397854],[0.566846,0.308611],[0.830859,0.729749],[0.282941,0.900132],[0.568655,0.305396],[0.55238,0.498283],[0.858234,0.955556],[0.395458,0.281461],[0.469001,0.351617],[0.517431,0.044444],[0.398148,0.389882],[0.515637,0.813997],[0.364068,0.627451],[0.291422,0.578024],[0.526399,0.55889],[0.323627,0.596335],[0.393248,0.282893],[0.447498,0.509535],[0.59578,0.826192],[0.396864,0.700815],[0.502651,0.520787],[0.483664,0.223419],[0.549667,0.43881],[0.597588,0.342367],[0.549667,0.360047]]"
30b35f0767c8d2a7718918d3,frames/30b35f0767c8d2a7718918d3.png,"[[0.730109,0.652716],[0.481998,0.368361],[0.490815,0.478073],[0.716255,0.457921],[0.746484,0.578829],[0.376205,0.482551],[0.766635,0.493746],[0.609203,0.838555],[0.431621,0.791535],[0.662099,0.59898]]"
3112b3eedf6742ba3624302d,frames/3112b3eedf6742ba3624302d.png,"[[0.444031,0.614146],[0.505773,0.829754],[0.665641,0.859155],[0.440723,0.457342],[0.651307,0.490663],[0.52356,0.25641],[0.686031,0.57435],[0.679729,0.104157],[0.713734,0.408663],[0.757818,0.440009]]"
31226c36c718974a6ddee643,frames/31226c36c718974a6ddee643.png,"[[0.49144,0.847394],[0.575234,0.806233],[0.559797,0.904236],[0.598385,0.547505],[0.426391,0.476943],[0.422805,0.34821],[0.640688,0.567633],[0.819531,0.388512],[0.740182,0.413142],[0.766635,0.446727]]"
3127c4add410ea1f8fff88a5,frames/3127c4add410ea1f8fff88a5.png,"[[0.025,0.743843],[0.138059,0.589185],[0.367655,0.955556],[0.40353,0.506275],[0.636713,0.23044],[0.455548,0.625857],[0.611602,0.337267],[0.545234,0.316539],[0.435816,0.389882],[0.573934,0.05346],[0.674382,0.270301],[0.72909,0.676878],[0.561421,0.226633],[0.822727,0.221811],[0.77214,0.455254],[0.816391,0.138227],[0.646412,0.355225],[0.342543,0.605129],[0.386919,0.766718],[0.431223,0.927457],[0.495009,0.520625],[0.349718,0.651367],[0.628641,0.539758],[0.592162,0.250744],[0.432127,0.319862],[0.565862,0.598751],[0.472588,0.554107],[0.43492,0.321322],[0.127296,0.316539],[0.513844,0.271896],[0.534471,0.566862],[0.480659,0.743843],[0.454651,0.506275],[0.457341,0.343644],[0.443888,0.450471],[0.54344,0.813997],[0.57214,0.442499],[0.484247,0.431338],[0.555696,0.365603],[0.508034,0.91876]]"
313b83b334f2d4658999c06e,frames/313b83b334f2d4658999c06e.png,"[[0.424064,0.16685],[0.596609,0.630326],[0.451772,0.227303],[0.484388,0.193193],[0.361092,0.287756],[0.68351,0.581068],[0.665875,0.357166],[0.570161,0.43777],[0.485777,0.876618],[0.602906,0.258649]]"
313e64574e4fa85378f356d1,frames/313e64574e4fa85378f356d1.png,"[[0.032229,0.72471],[0.254651,0.657744],[0.373934,0.718333],[0.616983,0.142747],[0.309359,0.882558],[0.23761,0.955556],[0.63492,0.16188],[0.728193,0.676878],[0.593067,0.213775],[0.854367,0.247531],[0.773037,0.450471],[0.769378,0.085183],[0.645508,0.411485],[0.613395,0.434526],[0.604821,0.263604],[0.227745,0.133181],[0.399942,0.531786],[0.46362,0.420176],[0.354258,0.893181],[0.656416,0.654971],[0.267927,0.637385],[0.609653,0.300056],[0.113844,0.775732],[0.503081,0.295811],[0.507566,0.716739],[0.495906,0.755004],[0.426848,0.657744],[0.610705,0.758193],[0.460929,0.76776],[0.521019,0.499897],[0.585592,0.343644],[0.431332,0.865019],[0.551512,0.383504],[0.545234,0.444093]]"
313f07d9368109afe10217aa,frames/313f07d9368109afe10217aa.png,"[[0.456445,0.488736],[0.345234,0.688039],[0.878867,0.306972],[0.818773,0.142747],[0.755996,0.225657],[0.402633,0.436121],[0.578417,0.149125],[0.616983,0.044444],[0.155996,0.074187],[0.076175,0.825158],[0.061826,0.110859],[0.20622,0.085348]]"
31421fc3c14dad7c70f42b6d,frames/31421fc3c14dad7c70f42b6d.png,"[[0.435399,0.137743],[0.576458,0.616892],[0.444215,0.251932],[0.475701,0.195957],[0.386281,0.265367],[0.68099,0.509419],[0.646984,0.316864],[0.572677,0.419858],[0.532376,0.87214],[0.592828,0.225064]]"
3172d97cd79d29db1f81e636,frames/3172d97cd79d29db1f81e636.png,"[[0.937555,0.437203],[0.662688,0.503106],[0.676249,0.614015],[0.867023,0.594726],[0.183798,0.874586],[0.933938,0.718496],[0.04927,0.659339],[0.239404,0.676878],[0.96407,0.758193],[0.39187,0.705578],[0.366759,0.506275],[0.869898,0.60194],[0.430435,0.589185],[0.857344,0.570051],[0.422181,0.43881],[0.356893,0.721522],[0.495009,0.377126],[0.690525,0.673689],[0.480952,0.660631],[0.44927,0.546135],[0.378417,0.466414],[0.718328,0.735871],[0.046579,0.337267],[0.516534,0.483953],[0.348821,0.351617],[0.323709,0.305378],[0.293216,0.343644],[0.240301,0.566862],[0.231332,0.456847],[0.912945,0.192174],[0.867797,0.495911],[0.865414,0.681661],[0.195458,0.361183],[0.093216,0.590779],[0.883352,0.402638],[0.0977,0.450471],[0.096803,0.514247],[0.044785,0.263924],[0.973039,0.662528]]"
318e76c3c7f92aff774a7c2a,frames/318e76c3c7f92aff774a7c2a.png,"[[0.905773,0.525408],[0.025,0.500011],[0.872586,0.611507],[0.025,0.747032],[0.805545,0.220204],[0.498597,0.622668],[0.929984,0.466414],[0.260032,0.498303],[0.419673,0.632235],[0.54613,0.542947],[0.668104,0.442499],[0.730884,0.632235],[0.866312,0.606724],[0.45196,0.499897],[0.315638,0.606724],[0.815188,0.283056],[0.63492,0.785299],[0.273485,0.41061],[0.475279,0.660933],[0.784695,0.60194],[0.498597,0.520625],[0.559584,0.343644],[0.652857,0.649772],[0.600839,0.576429],[0.562274,0.405826],[0.078866,0.428149],[0.74613,0.762976],[0.519225,0.337267],[0.236713,0.480764],[0.754202,0.525408],[0.207117,0.442499],[0.442991,0.466414],[0.123809,0.236278],[0.834922,0.36756],[0.888734,0.351617],[0.809805,0.807621],[0.903078,0.247979],[0.045682,0.603535],[0.975,0.609912],[0.025,0.43931],[0.975,0.431338]]"
3210f5f7abdbf0f073fc8f16,frames/3210f5f7abdbf0f073fc8f16.png,"[[0.477107,0.823873],[0.533336,0.827794],[0.562,0.886595],[0.601693,0.557305],[0.447339,0.465181],[0.392578,0.478073],[0.645724,0.585545],[0.81701,0.325819],[0.73263,0.417619],[0.759078,0.448966]]"
322a44d1b304ec10b1793abc,frames/322a44d1b304ec10b1793abc.png,"[[0.303978,0.791676],[0.524606,0.334078],[0.402633,0.252762],[0.72909,0.676878],[0.743157,0.427558],[0.825437,0.244315],[0.769449,0.45366],[0.776611,0.04982],[0.553284,0.091613],[0.802633,0.080565],[0.380211,0.206524],[0.557495,0.439143],[0.339852,0.351617],[0.385592,0.295811],[0.21788,0.450471],[0.212498,0.676878],[0.190077,0.807621],[0.314586,0.464528],[0.54153,0.371299],[0.571367,0.249137],[0.398673,0.46935],[0.650029,0.265211],[0.890539,0.77154],[0.341711,0.532039],[0.461964,0.43881],[0.404098,0.416307],[0.480047,0.430772],[0.074984,0.955556],[0.531584,0.554542],[0.582217,0.405054],[0.616575,0.405054],[0.64822,0.258782],[0.575888,0.302182],[0.352561,0.821369],[0.610705,0.705578],[0.570346,0.841103],[0.517431,0.495114],[0.890523,0.955556],[0.504875,0.798054],[0.538059,0.402638],[0.478866,0.338861]]"
322ec04ddea969d4e74d9f48,frames/322ec04ddea969d4e74d9f48.png,"[[0.755996,0.855453],[0.824156,0.909662],[0.524606,0.790082],[0.202633,0.044444],[0.127296,0.818781],[0.462723,0.955556],[0.575727,0.436121],[0.708462,0.928796],[0.425055,0.509464],[0.648373,0.188986],[0.111153,0.654556],[0.805323,0.166664],[0.025,0.673689]]"
3234e2a7572de05c3942d337,frames/3234e2a7572de05c3942d337.png,"[[0.55001,0.867661],[0.662099,0.742277],[0.339681,0.231781],[0.344719,0.650477],[0.590312,0.184762],[0.722552,0.269844],[0.721292,0.466878],[0.50089,0.115352],[0.317011,0.469117],[0.663359,0.813925]]"
324096a442b94244df61fcb6,frames/324096a442b94244df61fcb6.png,"[[0.420285,0.569872],[0.481998,0.368361],[0.495853,0.502702],[0.594089,0.245215],[0.636911,0.887813],[0.625573,0.148938],[0.659578,0.245215],[0.624318,0.377318],[0.740182,0.782579],[0.708698,0.746755]]"
324c2aedbe385c0990df1be9,frames/324c2aedbe385c0990df1be9.png,"[[0.100391,0.550918],[0.120122,0.828347],[0.221467,0.640206],[0.182005,0.402638],[0.112947,0.644989],[0.596355,0.184203],[0.599045,0.228846],[0.448373,0.831536],[0.550615,0.729493],[0.547027,0.204929],[0.696803,0.691228],[0.742543,0.118831],[0.780211,0.3564],[0.813398,0.249574],[0.690525,0.383504],[0.876172,0.238413],[0.168552,0.71355],[0.441198,0.632235],[0.776623,0.214496],[0.150615,0.555701],[0.964961,0.764571],[0.555996,0.887342],[0.161377,0.914446],[0.279762,0.90169],[0.24927,0.740654],[0.61788,0.063026]]"
3273c4556df6c5e1ebb81601,frames/3273c4556df6c5e1ebb81601.png,"[[0.31827,0.567633],[0.636911,0.843032],[0.358573,0.285518],[0.582755,0.34821],[0.73137,0.639281],[0.638172,0.095201],[0.716255,0.171328],[0.558823,0.169089],[0.672177,0.623608],[0.382502,0.648238]]"
3280b252a21a2e80bd253efc,frames/3280b252a21a2e80bd253efc.png,"[[0.025,0.688039],[0.328193,0.57324],[0.645682,0.394665],[0.604427,0.074187],[0.728193,0.676878],[0.696141,0.360047],[0.829953,0.270033],[0.765862,0.447282],[0.755816,0.061072],[0.640988,0.303789],[0.730884,0.096509],[0.553284,0.281285],[0.24927,0.206524],[0.330884,0.786893],[0.658214,0.559047],[0.628538,0.842021],[0.682495,0.477513],[0.358687,0.617885],[0.42057,0.790082],[0.468104,0.829942],[0.539852,0.877775],[0.380211,0.595562],[0.425951,0.321322],[0.624158,0.359589],[0.524606,0.632235],[0.418777,0.696011],[0.422364,0.405826],[0.428641,0.576429],[0.576623,0.590779],[0.43761,0.834725],[0.424158,0.745437],[0.491422,0.769354],[0.058238,0.941551],[0.46631,0.338861],[0.440301,0.483953],[0.521019,0.464819],[0.562274,0.386693],[0.521916,0.314944],[0.505772,0.300594]]"
329dbc6e3bba273ce2ef289a,frames/329dbc6e3bba273ce2ef289a.png,"[[0.364965,0.627451],[0.37752,0.829942],[0.459135,0.888936],[0.650166,0.292622],[0.465413,0.568457],[0.306669,0.898503],[0.385592,0.3564],[0.52909,0.809215],[0.180211,0.361183],[0.575727,0.702389],[0.813398,0.329294],[0.524606,0.809215],[0.544337,0.566862],[0.538955,0.495114],[0.532677,0.300594],[0.419673,0.43931],[0.533574,0.361183],[0.55779,0.211307],[0.657341,0.683256],[0.37214,0.475981],[0.422364,0.318133],[0.48335,0.372343]]"
32d91136ecbf526323df176b,frames/32d91136ecbf526323df176b.png,"[[0.586531,0.11983],[0.480739,0.372839],[0.493333,0.487029],[0.585271,0.227303],[0.635651,0.782579],[0.437918,0.818403],[0.717516,0.440009],[0.551266,0.630326],[0.459329,0.934831],[0.654542,0.737798]]"
32d9fd22692bc78de166c308,frames/32d9fd22692bc78de166c308.png,"[[0.668396,0.708692],[0.480739,0.377318],[0.493333,0.482551],[0.529857,0.227303],[0.75026,0.572111],[0.303157,0.637043],[0.301898,0.3706],[0.604167,0.863183],[0.427842,0.128786],[0.665875,0.596741]]"
3314e53b2e47cede1744b720,frames/3314e53b2e47cede1744b720.png,"[[0.954203,0.36756],[0.866312,0.60194],[0.324606,0.638611],[0.121916,0.386693],[0.599942,0.635422],[0.720122,0.732682],[0.893219,0.565268],[0.351512,0.58759],[0.874383,0.25914],[0.931781,0.667311],[0.624158,0.702389],[0.688731,0.751815],[0.278866,0.614696],[0.388283,0.539758],[0.281556,0.637017],[0.296803,0.477575],[0.625951,0.598751],[0.516534,0.568457],[0.399942,0.209712],[0.576623,0.399449],[0.425951,0.499897],[0.886937,0.600346],[0.340806,0.448454],[0.596355,0.576429],[0.646579,0.565268],[0.636713,0.844292],[0.275279,0.705578],[0.726399,0.625857],[0.272588,0.550918],[0.736265,0.434526],[0.277072,0.383504],[0.673485,0.480764],[0.361377,0.71355],[0.247476,0.483953],[0.155099,0.337267],[0.181108,0.461631],[0.909359,0.758193],[0.961375,0.71355],[0.053754,0.464819]]"
3332bb4743266f9bae4f2ee6,frames/3332bb4743266f9bae4f2ee6.png,"[[0.577719,0.654955],[0.47948,0.3706],[0.497112,0.480312],[0.575198,0.276561],[0.662099,0.717647],[0.323308,0.742277],[0.602906,0.798252],[0.529857,0.813925],[0.338422,0.84751],[0.66462,0.650477]]"
33495ce37a15e0c0cfedf873,frames/33495ce37a15e0c0cfedf873.png,"[[0.754202,0.885747],[0.810703,0.888936],[0.524606,0.847481],[0.181108,0.044444],[0.128193,0.836319],[0.556893,0.488736],[0.704875,0.936768],[0.431332,0.495114],[0.210705,0.568457],[0.807117,0.25914],[0.056444,0.643394],[0.335368,0.662528],[0.750615,0.241601],[0.659135,0.128398]]"
338f89b08f46221904de1603,frames/338f89b08f46221904de1603.png,"[[0.695009,0.362778],[0.676175,0.24479],[0.182005,0.361183],[0.338059,0.444093],[0.870797,0.461631],[0.378417,0.831536],[0.491422,0.622668],[0.816086,0.498303],[0.345234,0.657744],[0.478866,0.359589],[0.597252,0.488736],[0.025,0.817186],[0.260929,0.27349],[0.607117,0.316539],[0.076175,0.790082],[0.639404,0.402638],[0.521638,0.532039],[0.434839,0.580261],[0.506268,0.475779],[0.37426,0.718496],[0.294695,0.385765],[0.477334,0.044998],[0.201566,0.044444]]"
33b47ab1c07acacee9a29ce9,frames/33b47ab1c07acacee9a29ce9.png,"[[0.578974,0.654955],[0.47948,0.377318],[0.494593,0.478073],[0.573938,0.276561],[0.660839,0.713169],[0.323308,0.742277],[0.604167,0.791535],[0.537414,0.822881],[0.343459,0.854227],[0.668396,0.650477]]"
33bc96bf341985642cb31bca,frames/33bc96bf341985642cb31bca.png,"[[0.745224,0.639281],[0.481998,0.368361],[0.489555,0.471356],[0.769151,0.451205],[0.752781,0.581068],[0.338422,0.366122],[0.352276,0.278801],[0.606682,0.84751],[0.300638,0.305669],[0.66462,0.596741]]"
33dce733d405d3c0b29d7078,frames/33dce733d405d3c0b29d7078.png,"[[0.285525,0.607936],[0.480739,0.3706],[0.498371,0.498224],[0.585271,0.247455],[0.63313,0.822881],[0.497112,0.650477],[0.73263,0.440009],[0.577719,0.448966],[0.68351,0.843032],[0.650766,0.773623]]"
33f167b5c577fcbd1889c0dc,frames/33f167b5c577fcbd1889c0dc.png,"[[0.215189,0.3277],[0.226848,0.405826],[0.226848,0.546135],[0.193664,0.6705],[0.253754,0.911257],[0.296803,0.506275],[0.413395,0.377126],[0.408911,0.458442],[0.879766,0.955556],[0.467207,0.383504],[0.476175,0.464819],[0.502184,0.813997],[0.503081,0.332483],[0.521916,0.442499],[0.54613,0.517436],[0.540749,0.786893],[0.57483,0.475981],[0.61788,0.785299],[0.625055,0.219279],[0.671691,0.322917],[0.700391,0.617885]]"
341849306b065eac5a494e62,frames/341849306b065eac5a494e62.png,"[[0.292319,0.578024],[0.254651,0.495114],[0.309359,0.141153],[0.68335,0.044444],[0.661826,0.880964],[0.506669,0.614696],[0.799045,0.343644],[0.247476,0.928796],[0.025,0.928796],[0.17214,0.812403],[0.660032,0.070998],[0.175727,0.252762],[0.545234,0.044444],[0.811602,0.267112],[0.494113,0.487142],[0.535368,0.063026],[0.787386,0.225657],[0.247476,0.074187],[0.797252,0.144342],[0.975,0.584401]]"
343bd55d6157c6bb7a1e1aea,frames/343bd55d6157c6bb7a1e1aea.png,"[[0.289628,0.735871],[0.52909,0.337267],[0.399942,0.254357],[0.72909,0.676878],[0.743157,0.427558],[0.837188,0.247531],[0.769449,0.45366],[0.777516,0.051428],[0.545147,0.101257],[0.799942,0.074187],[0.390077,0.196957],[0.548502,0.435946],[0.337162,0.334078],[0.399942,0.299],[0.223261,0.447282],[0.225951,0.683256],[0.215189,0.807621],[0.338955,0.450471],[0.543338,0.366476],[0.603917,0.281285],[0.410427,0.421128],[0.626521,0.242708],[0.898672,0.787614],[0.334477,0.509535],[0.470102,0.467743],[0.423085,0.405054],[0.482759,0.408269],[0.058709,0.955556],[0.526159,0.610801],[0.57408,0.421128],[0.627425,0.393803],[0.623809,0.245922],[0.575888,0.290929],[0.368835,0.826192],[0.585592,0.740654],[0.573934,0.834725],[0.524606,0.490331],[0.94075,0.955556],[0.504875,0.885747]]"
3441b9a7fcea66f936f63ec0,frames/3441b9a7fcea66f936f63ec0.png,"[[0.638172,0.68854],[0.481998,0.368361],[0.493333,0.478073],[0.54875,0.227303],[0.68351,0.654955],[0.392578,0.876618],[0.422805,0.704213],[0.602906,0.858706],[0.280487,0.538526],[0.662099,0.590023]]"
3445145a1b7ba916e5de3c2b,frames/3445145a1b7ba916e5de3c2b.png,"[[0.269152,0.493746],[0.532376,0.863183],[0.451772,0.227303],[0.504668,0.227303],[0.504668,0.549721],[0.674693,0.578829],[0.654542,0.491506],[0.577719,0.426576],[0.543711,0.603457],[0.688547,0.480312]]"
3450ca5188c745d269e4cf8a,frames/3450ca5188c745d269e4cf8a.png,"[[0.727589,0.634804],[0.483258,0.3706],[0.490815,0.473594],[0.605422,0.57659],[0.752781,0.578829],[0.36361,0.381795],[0.339681,0.251932],[0.605422,0.843032],[0.339681,0.180284],[0.663359,0.596741]]"
348e0dd0466049d00d7321de,frames/348e0dd0466049d00d7321de.png,"[[0.561344,0.605696],[0.628094,0.661672],[0.47822,0.139981],[0.291822,0.518375],[0.376205,0.276561],[0.543711,0.225064],[0.503409,0.191479],[0.55001,0.399707],[0.626833,0.80273],[0.424064,0.207152]]"
34b1d9dc68aca2ddb4f9e9ee,frames/34b1d9dc68aca2ddb4f9e9ee.png,"[[0.669656,0.697496],[0.483258,0.377318],[0.495853,0.482551],[0.573938,0.272083],[0.708698,0.654955],[0.395097,0.838555],[0.29686,0.68854],[0.605422,0.84751],[0.310714,0.296713],[0.660839,0.594502]]"
34e6b189e5b5adbb2b5c820a,frames/34e6b189e5b5adbb2b5c820a.png,"[[0.025,0.428149],[0.135368,0.659339],[0.521019,0.409015],[0.216983,0.554107],[0.469898,0.436121],[0.202633,0.955556],[0.616983,0.405826],[0.43761,0.394665],[0.307566,0.762976],[0.351512,0.388288],[0.436713,0.898503],[0.395458,0.365967],[0.074382,0.480764],[0.60622,0.314944],[0.513844,0.316539],[0.393664,0.365967]]"
35035d5c6237509993e19c6d,frames/35035d5c6237509993e19c6d.png,"[[0.327086,0.43777],[0.529857,0.843032],[0.335903,0.558678],[0.630615,0.811686],[0.512225,0.059377],[0.662099,0.151177],[0.789302,0.534048],[0.644469,0.558678],[0.658323,0.722125],[0.749,0.478073]]"
351a4c2e219ff3da13e8ade7,frames/351a4c2e219ff3da13e8ade7.png,"[[0.025,0.743843],[0.198148,0.609912],[0.252857,0.578024],[0.599045,0.102887],[0.227745,0.729493],[0.564965,0.688039],[0.581108,0.044444],[0.636713,0.21609],[0.72909,0.676878],[0.558709,0.231456],[0.830859,0.231456],[0.77214,0.447282],[0.793791,0.101257],[0.668112,0.366476],[0.412498,0.316539],[0.652857,0.466414],[0.590355,0.247531],[0.28335,0.075782],[0.573934,0.409015],[0.445682,0.464819],[0.384695,0.917635],[0.440301,0.338861],[0.298597,0.939957],[0.379314,0.855453],[0.534113,0.662965],[0.573682,0.503093],[0.418106,0.752493],[0.666308,0.872397],[0.40192,0.557449],[0.483754,0.736506],[0.584473,0.354411],[0.727296,0.955556]]"
35226149f1b3f854bc5cada9,frames/35226149f1b3f854bc5cada9.png,"[[0.179314,0.361183],[0.321916,0.378721],[0.347027,0.718333],[0.915641,0.635422],[0.278866,0.786893],[0.605323,0.332483],[0.679762,0.314944],[0.025,0.562079],[0.694112,0.629046],[0.121916,0.903285],[0.583798,0.710361],[0.858891,0.461314],[0.631041,0.433988],[0.522542,0.689564],[0.451114,0.442025],[0.461964,0.13662],[0.707566,0.155503],[0.349718,0.428149],[0.660929,0.181013],[0.401736,0.857047],[0.415189,0.098103],[0.215189,0.882558],[0.425951,0.3564]]"
354b8453ec4b9e5787cb2ada,frames/354b8453ec4b9e5787cb2ada.png,"[[0.027745,0.412204],[0.147027,0.646583],[0.517431,0.413799],[0.204427,0.622668],[0.481556,0.420176],[0.180211,0.955556],[0.611602,0.409015],[0.439404,0.388288],[0.308462,0.747032],[0.347924,0.397854],[0.431332,0.912851],[0.388283,0.373938],[0.059135,0.495114],[0.581108,0.299],[0.504875,0.318133],[0.386489,0.365967]]"
355a6397b85d018016f09189,frames/355a6397b85d018016f09189.png,"[[0.563171,0.721522],[0.576623,0.609912],[0.281556,0.933579],[0.182005,0.361183],[0.631332,0.756599],[0.626848,0.044444],[0.299494,0.742249],[0.658238,0.651367],[0.613395,0.219279],[0.66631,0.523814],[0.506669,0.378721],[0.62057,0.316539],[0.481556,0.665717],[0.457598,0.501267],[0.416983,0.445687],[0.401736,0.399449],[0.063619,0.866614],[0.489628,0.305378],[0.43761,0.299]]"
3576f2a0540e232124e77552,frames/3576f2a0540e232124e77552.png,"[[0.185592,0.499897],[0.098597,0.904879],[0.296803,0.648178],[0.242095,0.45366],[0.150615,0.896908],[0.611602,0.184203],[0.492319,0.227251],[0.625951,0.150719],[0.696803,0.799649],[0.721019,0.120425],[0.765862,0.405826],[0.769449,0.163475],[0.587386,0.557296],[0.80622,0.193768],[0.182902,0.853858],[0.451063,0.606724],[0.185592,0.598751],[0.975,0.841103],[0.095906,0.955556],[0.226848,0.818781],[0.655548,0.117237],[0.286937,0.10767],[0.552409,0.058243],[0.255548,0.888936],[0.968555,0.044444]]"
35b2f09056973bc5b2a7e955,frames/35b2f09056973bc5b2a7e955.png,"[[0.584016,0.64376],[0.483258,0.377318],[0.497112,0.478073],[0.573938,0.278801],[0.672177,0.693019],[0.325827,0.762428],[0.541192,0.937071],[0.492074,0.903485],[0.329606,0.630326],[0.665875,0.634804]]"
35d2c6f92855848c155aa5ec,frames/35d2c6f92855848c155aa5ec.png,"[[0.582755,0.637043],[0.47948,0.3706],[0.494593,0.480312],[0.575198,0.278801],[0.669656,0.713169],[0.303157,0.737798],[0.606682,0.928115],[0.513484,0.883334],[0.376205,0.75795],[0.660839,0.634804]]"
35d3bb343b5ba7a563a4a4a8,frames/35d3bb343b5ba7a563a4a4a8.png,"[[0.208014,0.762976],[0.74344,0.217685],[0.469001,0.185797],[0.503978,0.10767],[0.212498,0.880964],[0.279762,0.955556],[0.97393,0.431338],[0.138955,0.450471],[0.121916,0.817186],[0.361377,0.413799],[0.316534,0.72471],[0.764965,0.114048],[0.347027,0.828347],[0.671691,0.165069],[0.455548,0.598751],[0.309359,0.475981],[0.418777,0.512653],[0.347027,0.044444],[0.713844,0.147531]]"
35f1b134c3e343b55a4a0fcb,frames/35f1b134c3e343b55a4a0fcb.png,"[[0.368552,0.740654],[0.432229,0.287839],[0.729987,0.676878],[0.747678,0.421128],[0.807352,0.237886],[0.768552,0.455254],[0.780228,0.051428],[0.571367,0.072324],[0.829539,0.083754],[0.300391,0.23044],[0.586272,0.472717],[0.380211,0.377126],[0.384695,0.322917],[0.210705,0.444093],[0.122812,0.61629],[0.361377,0.955556],[0.294112,0.483953],[0.38511,0.678311],[0.621096,0.372907],[0.874258,0.723318],[0.264857,0.749038],[0.346231,0.443632],[0.559613,0.501499],[0.573176,0.430772],[0.573176,0.408269],[0.624712,0.371299],[0.582217,0.385765],[0.399577,0.77154],[0.475279,0.598751],[0.442095,0.632235],[0.395458,0.61629],[0.861828,0.955556],[0.442095,0.528597],[0.477072,0.57324],[0.476175,0.3277],[0.544337,0.528597],[0.411602,0.365967],[0.429538,0.456847],[0.57483,0.044444],[0.512947,0.428149]]"
3615ec50b10289433260a965,frames/3615ec50b10289433260a965.png,"[[0.576458,0.625848],[0.481998,0.368361],[0.498371,0.480312],[0.576458,0.278801],[0.673432,0.68854],[0.349757,0.84751],[0.527339,0.956481],[0.499631,0.883334],[0.304417,0.596741],[0.670917,0.621369]]"
361ddce8baa4d49ea28f3575,frames/361ddce8baa4d49ea28f3575.png,"[[0.498371,0.144459],[0.555047,0.645999],[0.466885,0.227303],[0.459329,0.171328],[0.390059,0.216108],[0.654542,0.307907],[0.606682,0.218347],[0.582755,0.390751],[0.522301,0.854227],[0.528598,0.195957]]"
3624079a725def1dc25f319f,frames/3624079a725def1dc25f319f.png,"[[0.56638,0.09744],[0.480739,0.377318],[0.494593,0.478073],[0.582755,0.240737],[0.635651,0.782579],[0.435399,0.838555],[0.720031,0.426576],[0.558823,0.625848],[0.469404,0.948266],[0.650766,0.746755]]"
363d86dc0296c68b82536295,frames/363d86dc0296c68b82536295.png,"[[0.025,0.751815],[0.155996,0.576429],[0.369449,0.955556],[0.354202,0.483953],[0.65196,0.185797],[0.442991,0.614696],[0.607117,0.370749],[0.53178,0.372343],[0.46362,0.378721],[0.57483,0.063026],[0.669898,0.270301],[0.72909,0.676878],[0.559613,0.223419],[0.822727,0.221811],[0.77214,0.455254],[0.816391,0.138227],[0.667208,0.360047],[0.370346,0.576429],[0.386919,0.912992],[0.490525,0.488736],[0.37214,0.718333],[0.615189,0.528597],[0.594875,0.249137],[0.446593,0.326292],[0.573037,0.566862],[0.468104,0.600346],[0.444785,0.322917],[0.158687,0.28465],[0.538955,0.25914],[0.527296,0.660933],[0.489628,0.654556],[0.431332,0.547729],[0.469001,0.3564],[0.434023,0.495114],[0.550615,0.705578],[0.575727,0.495114],[0.464516,0.472792],[0.565588,0.373596],[0.498142,0.787665],[0.596164,0.937944]]"
36437d164b43a97218878b89,frames/36437d164b43a97218878b89.png,"[[0.726333,0.652716],[0.481998,0.3706],[0.492074,0.478073],[0.716255,0.453444],[0.75026,0.587784],[0.379983,0.489268],[0.761594,0.50718],[0.61676,0.834076],[0.41021,0.762428],[0.665875,0.603457]]"
364c493d327039220385522d,frames/364c493d327039220385522d.png,"[[0.707437,0.650477],[0.480739,0.3706],[0.494593,0.478073],[0.442956,0.43777],[0.75026,0.572111],[0.32079,0.43777],[0.344719,0.238498],[0.606682,0.858706],[0.36487,0.157894],[0.665875,0.59898]]"
3689b623876500c88bdcef69,frames/3689b623876500c88bdcef69.png,"[[0.460569,0.582785],[0.499158,0.831714],[0.646896,0.563185],[0.541054,0.371099],[0.542157,0.547505],[0.611724,0.433293],[0.694844,0.527331],[0.59787,0.095201],[0.717516,0.426576],[0.757818,0.442248]]"
36d74473b9b72252b655b8de,frames/36d74473b9b72252b655b8de.png,"[[0.333384,0.558678],[0.368648,0.708692],[0.497112,0.216108],[0.73137,0.227303],[0.6155,0.513897],[0.646984,0.227303],[0.571417,0.043519],[0.561344,0.216108],[0.640688,0.440009],[0.36487,0.227303]]"
36e1c9c22e9951fba006d17c,frames/36e1c9c22e9951fba006d17c.png,"[[0.59187,0.648178],[0.582902,0.514247],[0.181108,0.361183],[0.521019,0.75341],[0.564068,0.044444],[0.123709,0.955556],[0.66362,0.6705],[0.642991,0.044444],[0.80622,0.534975],[0.548821,0.461631],[0.627745,0.43931],[0.431332,0.745437],[0.480659,0.531786],[0.453754,0.399449],[0.39187,0.397854],[0.055548,0.874586],[0.479762,0.310161],[0.416983,0.316539],[0.610705,0.240007]]"
36f4cb004eb7de946d6f727b,frames/36f4cb004eb7de946d6f727b.png,"[[0.618021,0.466878],[0.635651,0.339254],[0.464366,0.175806],[0.315752,0.321342],[0.362351,0.287756],[0.546229,0.207152],[0.495853,0.16685],[0.557568,0.408663],[0.534895,0.883334],[0.408951,0.218347]]"
372ab633d67c06f95ae7410f,frames/372ab633d67c06f95ae7410f.png,"[[0.275449,0.431054],[0.648245,0.681823],[0.457329,0.238199],[0.505928,0.216108],[0.475701,0.478073],[0.673432,0.569872],[0.653281,0.491506],[0.578974,0.428815],[0.456809,0.64376],[0.677214,0.440009]]"
373fea2f574c71ecde55e69c,frames/373fea2f574c71ecde55e69c.png,"[[0.489235,0.425981],[0.447339,0.745471],[0.558693,0.631787],[0.543259,0.43382],[0.553182,0.816033],[0.619276,0.43777],[0.698625,0.531809],[0.469404,0.164611],[0.713734,0.426576],[0.761594,0.440009]]"
3753941f1ff42927aaffee9e,frames/3753941f1ff42927aaffee9e.png,"[[0.63313,0.699735],[0.47822,0.3706],[0.494593,0.482551],[0.577719,0.25641],[0.674693,0.654955],[0.426583,0.834076],[0.497112,0.914681],[0.573938,0.84751],[0.306935,0.596741],[0.668396,0.603457]]"
37900602d3adfe6df6895c8b,frames/37900602d3adfe6df6895c8b.png,"[[0.957789,0.412204],[0.866312,0.60194],[0.958687,0.206524],[0.390973,0.627451],[0.134471,0.431338],[0.54613,0.609912],[0.642095,0.732682],[0.826852,0.578024],[0.960477,0.705578],[0.361377,0.609912],[0.069897,0.581212],[0.864516,0.278274],[0.825953,0.635422],[0.047476,0.3277],[0.569449,0.785299],[0.971242,0.306972],[0.627745,0.688039],[0.315638,0.550918],[0.929984,0.648178],[0.490525,0.6992],[0.344337,0.555701],[0.216983,0.533381],[0.654651,0.667311],[0.529987,0.487142],[0.401736,0.208118],[0.635816,0.461631],[0.34613,0.432932],[0.713844,0.598751],[0.248582,0.409876],[0.660032,0.512653],[0.738059,0.495114],[0.677969,0.863425],[0.975,0.233629],[0.211602,0.660933],[0.792767,0.716739],[0.193664,0.57324],[0.773037,0.386693],[0.205323,0.361183],[0.840305,0.522219],[0.318328,0.79646],[0.147924,0.514247],[0.082453,0.397854]]"
37c216de5517efcc8d7eb857,frames/37c216de5517efcc8d7eb857.png,"[[0.787461,0.779578],[0.197252,0.955556],[0.061826,0.662528],[0.190973,0.609912],[0.086938,0.707172],[0.866312,0.603535],[0.148821,0.721522],[0.693429,0.461314],[0.608911,0.466414],[0.114741,0.469603],[0.568552,0.710361],[0.957789,0.643394],[0.779314,0.624262],[0.651063,0.520625],[0.488731,0.570051],[0.154202,0.565268],[0.931781,0.383504],[0.477969,0.222468],[0.495009,0.428149],[0.526399,0.528597],[0.693216,0.660933],[0.57752,0.579618],[0.600314,0.46585],[0.524606,0.283056],[0.630435,0.373938],[0.453754,0.621074],[0.460032,0.306972],[0.365862,0.487142],[0.53178,0.707172],[0.307566,0.322917],[0.671691,0.539758],[0.399045,0.694417],[0.79187,0.688039],[0.76048,0.383504],[0.025,0.193768],[0.869898,0.676878],[0.161377,0.351617],[0.140749,0.640206],[0.867203,0.436121],[0.056444,0.370749],[0.082453,0.562079],[0.039722,0.29736]]"
37f4f6bdc2f45c5c9c36010a,frames/37f4f6bdc2f45c5c9c36010a.png,"[[0.584016,0.641521],[0.480739,0.377318],[0.494593,0.471356],[0.576458,0.278801],[0.670917,0.701974],[0.31953,0.746755],[0.551266,0.934831],[0.489555,0.896769],[0.333384,0.639281],[0.665875,0.637043]]"
3816c3a47c826324dbf8bea9,frames/3816c3a47c826324dbf8bea9.png,"[[0.029539,0.732682],[0.260929,0.648178],[0.395458,0.707172],[0.613395,0.137964],[0.33178,0.829942],[0.284247,0.912851],[0.634023,0.169852],[0.728193,0.676878],[0.586738,0.223419],[0.852562,0.242708],[0.77214,0.447282],[0.77842,0.091613],[0.645508,0.409876],[0.622364,0.455254],[0.604821,0.263604],[0.232229,0.133181],[0.439404,0.544542],[0.462723,0.394665],[0.403718,0.842021],[0.544005,0.328832],[0.642927,0.674156],[0.464869,0.344819],[0.28861,0.643781],[0.621344,0.328832],[0.718328,0.955556],[0.105772,0.807621],[0.512947,0.321322],[0.517431,0.702389],[0.441198,0.786893],[0.425951,0.751815],[0.626848,0.852264],[0.484247,0.855453],[0.556893,0.447282],[0.562274,0.386693],[0.443888,0.911257]]"
382b4085f5ee4cdcb1dac4d6,frames/382b4085f5ee4cdcb1dac4d6.png,"[[0.898594,0.185797],[0.867203,0.592374],[0.222364,0.534975],[0.710256,0.635422],[0.825055,0.576429],[0.321916,0.576429],[0.798148,0.048677],[0.747027,0.702389],[0.780211,0.672094],[0.028642,0.657744],[0.293216,0.495114],[0.127296,0.649772],[0.491422,0.41061],[0.566759,0.377126],[0.653754,0.721522],[0.482453,0.214496],[0.473485,0.464819],[0.547027,0.584401],[0.482759,0.541683],[0.460929,0.667311],[0.547027,0.621074],[0.408014,0.61629],[0.639404,0.546135],[0.411602,0.487142],[0.726399,0.456847],[0.394561,0.329294],[0.512947,0.522219],[0.446579,0.514247],[0.456445,0.362778],[0.353305,0.394665],[0.355996,0.450471],[0.778417,0.740654],[0.821469,0.609912],[0.129987,0.576429],[0.831336,0.517436],[0.872586,0.523814],[0.894109,0.55889],[0.072588,0.487142],[0.912945,0.416988],[0.973039,0.487142],[0.975,0.464819]]"
385cdcbf62d7220db10b15dd,frames/385cdcbf62d7220db10b15dd.png,"[[0.54875,0.654955],[0.652026,0.771383],[0.415248,0.151177],[0.484517,0.863183],[0.596609,0.180284],[0.659578,0.207152],[0.723812,0.469117],[0.492074,0.276561],[0.408951,0.554199],[0.716255,0.737798]]"
3869c1ec8e023ce419807c24,frames/3869c1ec8e023ce419807c24.png,"[[0.599125,0.131026],[0.47948,0.3706],[0.495853,0.487029],[0.580234,0.258649],[0.634391,0.762428],[0.408951,0.771383],[0.725073,0.453444],[0.517263,0.679584],[0.440437,0.89453],[0.650766,0.710931]]"
38750bafe8fb816d7bb93cc8,frames/38750bafe8fb816d7bb93cc8.png,"[[0.899492,0.188986],[0.866312,0.60194],[0.241198,0.57324],[0.670795,0.651367],[0.798148,0.605129],[0.975,0.546135],[0.325502,0.581212],[0.83582,0.098103],[0.717431,0.71355],[0.779314,0.672094],[0.081557,0.678472],[0.316534,0.498303],[0.14613,0.672094],[0.432229,0.42496],[0.59187,0.416988],[0.61788,0.745437],[0.457341,0.185797],[0.470795,0.469603],[0.521019,0.565268],[0.469197,0.522394],[0.476175,0.672094],[0.579314,0.627451],[0.73178,0.955556],[0.369449,0.621074],[0.642991,0.536569],[0.37752,0.528597],[0.734471,0.445687],[0.355099,0.3277],[0.512947,0.501492],[0.430435,0.531786],[0.395458,0.365967],[0.324606,0.386693],[0.31205,0.461631],[0.809805,0.735871],[0.859133,0.621074],[0.099494,0.579618],[0.846578,0.566862],[0.880656,0.520625],[0.91743,0.539758],[0.03761,0.528597],[0.955992,0.461631]]"
3882ac948b9bcd0580f95683,frames/3882ac948b9bcd0580f95683.png,"[[0.070463,0.58669],[0.263953,0.488639],[0.061421,0.861554],[0.290173,0.273249],[0.32634,0.372907],[0.316395,0.522394],[0.133754,0.636519],[0.40681,0.459706],[0.353465,0.442025],[0.37483,0.373938],[0.291982,0.454883],[0.463772,0.509535],[0.274382,0.654556],[0.244785,0.732682],[0.573934,0.444093],[0.45196,0.71355],[0.608014,0.600346],[0.634023,0.421771],[0.684387,0.644556],[0.696141,0.472565],[0.653754,0.637017],[0.579314,0.729493],[0.751295,0.789222],[0.636713,0.554107],[0.662723,0.377126],[0.868102,0.598751],[0.970102,0.474172],[0.802633,0.431338],[0.088546,0.488639],[0.03761,0.343644],[0.025,0.491925]]"
388fe73c78cff63a91c07a04,frames/388fe73c78cff63a91c07a04.png,"[[0.686031,0.330298],[0.47948,0.368361],[0.498371,0.480312],[0.580234,0.278801],[0.631875,0.746755],[0.353535,0.787056],[0.693583,0.466878],[0.527339,0.778101],[0.424064,0.887813],[0.649505,0.695257]]"
38a7ee628d0774bc2e56a4f4,frames/38a7ee628d0774bc2e56a4f4.png,"[[0.945688,0.443632],[0.662688,0.49989],[0.678058,0.612408],[0.872453,0.597942],[0.188283,0.876181],[0.936648,0.734571],[0.041198,0.648178],[0.228641,0.688039],[0.967656,0.75341],[0.390077,0.702389],[0.362274,0.520625],[0.869,0.600346],[0.422364,0.595562],[0.866312,0.557296],[0.418564,0.432381],[0.356893,0.710361],[0.488731,0.394665],[0.687834,0.676878],[0.499938,0.655808],[0.447476,0.554107],[0.382005,0.472792],[0.718328,0.740654],[0.052857,0.332483],[0.528193,0.483953],[0.354202,0.350022],[0.327296,0.311756],[0.305772,0.350022],[0.246579,0.550918],[0.236713,0.456847],[0.919227,0.192174],[0.870797,0.509464],[0.851961,0.691228],[0.21788,0.361183],[0.100391,0.60194],[0.874383,0.397854],[0.105772,0.442499],[0.103081,0.520625],[0.058238,0.25914],[0.960477,0.654556]]"
38c034a28830bc3708086f4d,frames/38c034a28830bc3708086f4d.png,"[[0.737667,0.639281],[0.480739,0.368361],[0.490815,0.473594],[0.728849,0.457921],[0.738927,0.585545],[0.378724,0.442248],[0.777969,0.410903],[0.604167,0.84751],[0.504668,0.907964],[0.66462,0.59898]]"
38e26e93ed724428fcf3baee,frames/38e26e93ed724428fcf3baee.png,"[[0.025,0.742249],[0.213395,0.617885],[0.257341,0.568457],[0.599942,0.099698],[0.225055,0.758193],[0.547924,0.76776],[0.583798,0.044444],[0.635816,0.211307],[0.72909,0.676878],[0.556901,0.229849],[0.834477,0.239493],[0.77214,0.447282],[0.794695,0.098042],[0.663591,0.382551],[0.415189,0.306972],[0.652857,0.468008],[0.594875,0.252351],[0.277072,0.069404],[0.566759,0.420176],[0.455548,0.432932],[0.439404,0.345239],[0.273485,0.955556],[0.33178,0.911257],[0.518826,0.718919],[0.581776,0.50629],[0.400121,0.819639],[0.661812,0.853212],[0.411812,0.495099],[0.471164,0.682149],[0.586272,0.362406],[0.713844,0.955556],[0.025951,0.842697],[0.529987,0.348428]]"
38f7a546dc535fad8a7d3e08,frames/38f7a546dc535fad8a7d3e08.png,"[[0.093216,0.565268],[0.112947,0.783704],[0.20353,0.632235],[0.316534,0.624262],[0.182005,0.402638],[0.11205,0.646583],[0.596355,0.182608],[0.596355,0.243196],[0.46631,0.809215],[0.582005,0.742249],[0.541646,0.214496],[0.691422,0.683256],[0.750615,0.102887],[0.77483,0.359589],[0.807117,0.275085],[0.705772,0.350022],[0.875281,0.251168],[0.15779,0.710361],[0.441198,0.629046],[0.786489,0.211307],[0.140749,0.520625],[0.958687,0.729493],[0.555996,0.877775],[0.17214,0.90169],[0.280659,0.909662],[0.22057,0.769354]]"
3918ca1f5944975dc78c57a5,frames/3918ca1f5944975dc78c57a5.png,"[[0.672177,0.357166],[0.480739,0.3706],[0.498371,0.480312],[0.578974,0.276561],[0.63313,0.762428],[0.369908,0.787056],[0.669656,0.493746],[0.527339,0.791535],[0.408951,0.903485],[0.650766,0.697496]]"
391d883169e7d3dcef124b2f,frames/391d883169e7d3dcef124b2f.png,"[[0.264114,0.457921],[0.586531,0.787056],[0.463107,0.247455],[0.510966,0.195957],[0.497112,0.558678],[0.670917,0.569872],[0.654542,0.50718],[0.577719,0.433293],[0.521041,0.641521],[0.68225,0.478073]]"
39364dd5de656ed8ac704bee,frames/39364dd5de656ed8ac704bee.png,"[[0.708462,0.576429],[0.859133,0.716739],[0.43761,0.914446],[0.705772,0.517436],[0.561377,0.868208],[0.344337,0.25914],[0.130884,0.665717],[0.480659,0.534975],[0.527296,0.576429],[0.175727,0.955556],[0.768552,0.769354],[0.025,0.955556],[0.405323,0.542947]]"
393b3152f25fc8ecd773ea34,frames/393b3152f25fc8ecd773ea34.png,"[[0.025,0.751815],[0.17483,0.568457],[0.254651,0.475981],[0.608911,0.13637],[0.335368,0.6992],[0.581108,0.509464],[0.582005,0.051865],[0.644785,0.23044],[0.72909,0.676878],[0.555996,0.226633],[0.822727,0.225026],[0.77214,0.455254],[0.805545,0.112509],[0.66992,0.366476],[0.355099,0.431338],[0.657341,0.472792],[0.596684,0.242708],[0.461059,0.342367],[0.530884,0.434526],[0.353305,0.852264],[0.465413,0.351617],[0.248373,0.169852],[0.593664,0.345239],[0.315638,0.896908],[0.401736,0.517436],[0.350615,0.727899],[0.442095,0.334078],[0.2977,0.681661],[0.524606,0.488736],[0.442095,0.780515],[0.367655,0.662528],[0.555696,0.483908],[0.562891,0.562246],[0.585373,0.629392],[0.490948,0.512685],[0.65192,0.915562],[0.415409,0.762085]]"
3971c299a4d5d49a29ddb8ef,frames/3971c299a4d5d49a29ddb8ef.png,"[[0.611724,0.670628],[0.47948,0.368361],[0.494593,0.480312],[0.573938,0.278801],[0.673432,0.659433],[0.397616,0.827359],[0.528598,0.956481],[0.519782,0.858706],[0.305676,0.601219],[0.668396,0.605696]]"
39828ec2baa9ab00755a11a2,frames/39828ec2baa9ab00755a11a2.png,"[[0.585271,0.124308],[0.47822,0.3706],[0.495853,0.482551],[0.584016,0.231781],[0.639427,0.787056],[0.427842,0.811686],[0.714995,0.417619],[0.557568,0.623608],[0.466885,0.93931],[0.650766,0.746755]]"
39add5658af686819c52cca4,frames/39add5658af686819c52cca4.png,"[[0.317011,0.567633],[0.686031,0.80273],[0.349757,0.289995],[0.518522,0.345971],[0.726333,0.616892],[0.675953,0.108635],[0.740182,0.200435],[0.527339,0.155655],[0.644469,0.746755],[0.385021,0.677345]]"
39e36d65572bd023d523eab8,frames/39e36d65572bd023d523eab8.png,"[[0.23492,0.657744],[0.55779,0.334078],[0.431332,0.147531],[0.728193,0.676878],[0.740445,0.424343],[0.855273,0.273249],[0.764965,0.45366],[0.774803,0.046606],[0.54153,0.196093],[0.755996,0.075782],[0.373934,0.114048],[0.427745,0.874586],[0.634833,0.450335],[0.324606,0.472792],[0.443888,0.316539],[0.503978,0.303783],[0.424158,0.785299],[0.277072,0.506275],[0.301288,0.73906],[0.385592,0.790082],[0.299494,0.506275],[0.37752,0.401043],[0.436648,0.540075],[0.404098,0.562579],[0.574984,0.639733],[0.477334,0.54329],[0.572271,0.49989],[0.36341,0.570617],[0.394152,0.371299],[0.483664,0.689564],[0.517117,0.343974],[0.527063,0.647771],[0.957445,0.816547],[0.442977,0.408269],[0.505363,0.921028]]"
3a222ec8dc7ba0072f2997ed,frames/3a222ec8dc7ba0072f2997ed.png,"[[0.57214,0.475981],[0.888734,0.680067],[0.762274,0.611507],[0.799942,0.499897],[0.506669,0.431338],[0.025,0.774138],[0.794561,0.888936],[0.60353,0.326106],[0.400839,0.262329],[0.490525,0.303783],[0.696803,0.117237],[0.455548,0.512653],[0.896805,0.450471],[0.328193,0.064621],[0.025,0.477575]]"
3a3a100a2c88a2166d9e1330,frames/3a3a100a2c88a2166d9e1330.png,"[[0.196355,0.337267],[0.212498,0.416988],[0.298597,0.517436],[0.17752,0.665717],[0.234023,0.919229],[0.287834,0.442499],[0.436713,0.359589],[0.361377,0.359589],[0.869898,0.922418],[0.390077,0.501492],[0.508463,0.844292],[0.446579,0.442499],[0.539852,0.539758],[0.562274,0.812403],[0.446579,0.490331],[0.684247,0.900097],[0.569449,0.24479],[0.691422,0.247979],[0.6977,0.613101],[0.025,0.609912]]"
3a60909e3065ae92a6115bef,frames/3a60909e3065ae92a6115bef.png,"[[0.059613,0.575439],[0.281132,0.496676],[0.033392,0.818154],[0.298311,0.300574],[0.329052,0.390588],[0.359794,0.546506],[0.119287,0.636519],[0.448402,0.459706],[0.375165,0.480601],[0.383798,0.386693],[0.291982,0.472565],[0.494513,0.562579],[0.241198,0.676878],[0.211602,0.777326],[0.609808,0.386693],[0.482453,0.721522],[0.625055,0.617885],[0.665413,0.444093],[0.728691,0.62366],[0.723266,0.509535],[0.669001,0.635422],[0.564068,0.727899],[0.76757,0.810118],[0.625055,0.554107],[0.659135,0.362778],[0.868102,0.598751],[0.975,0.536569],[0.773037,0.479169],[0.135562,0.454883],[0.056444,0.372343],[0.046579,0.517436],[0.964961,0.672094]]"
3a738d45f493c0ebd6a7f203,frames/3a738d45f493c0ebd6a7f203.png,"[[0.056444,0.562079],[0.104875,0.76776],[0.224158,0.823564],[0.185592,0.694417],[0.268104,0.691228],[0.078866,0.922418],[0.17483,0.386693],[0.458238,0.421771],[0.333574,0.483953],[0.138955,0.603535],[0.359584,0.691228],[0.550615,0.877775],[0.595458,0.185797],[0.54344,0.383504],[0.659135,0.790082],[0.715637,0.94474],[0.834023,0.818781],[0.544337,0.185797],[0.755996,0.522219],[0.769449,0.063026],[0.782902,0.354806],[0.819672,0.361183],[0.74613,0.283056],[0.86093,0.338861],[0.114741,0.683256],[0.475279,0.71355],[0.817883,0.196957],[0.096803,0.343644],[0.807117,0.058243],[0.936266,0.613101],[0.623261,0.858642],[0.227745,0.936768],[0.307566,0.951118],[0.149718,0.951118]]"
3aca1c8ac7f3eb6ad400b817,frames/3aca1c8ac7f3eb6ad400b817.png,"[[0.025,0.751815],[0.19187,0.584401],[0.225055,0.528597],[0.60353,0.131586],[0.285144,0.696011],[0.598148,0.584401],[0.576623,0.044444],[0.642095,0.228846],[0.72909,0.678472],[0.558709,0.234671],[0.824531,0.231456],[0.77214,0.445687],[0.805545,0.104472],[0.66992,0.366476],[0.37752,0.361183],[0.64927,0.468008],[0.596684,0.242708],[0.37483,0.955556],[0.265413,0.120425],[0.57483,0.377126],[0.383798,0.498303],[0.335368,0.806026],[0.440301,0.338861],[0.274382,0.790082],[0.413395,0.955556],[0.425951,0.6992],[0.523323,0.535067],[0.535912,0.533468],[0.560193,0.581429],[0.415409,0.584628],[0.670804,0.904371],[0.396523,0.728512],[0.476559,0.861206]]"
3af4d55d85f9b6f68e5f2bd7,frames/3af4d55d85f9b6f68e5f2bd7.png,"[[0.493333,0.596741],[0.481998,0.3706],[0.50089,0.50718],[0.589052,0.249694],[0.634391,0.851988],[0.639427,0.457921],[0.721292,0.473594],[0.577719,0.451205],[0.684771,0.607936],[0.650766,0.793774]]"
3af609c44ba5ccbde3cb0253,frames/3af609c44ba5ccbde3cb0253.png,"[[0.551266,0.863183],[0.658323,0.751232],[0.344719,0.218347],[0.362351,0.693019],[0.589052,0.178044],[0.714995,0.267606],[0.722552,0.469117],[0.489555,0.115352],[0.329606,0.498224],[0.68099,0.811686]]"
3b360d58283f58facd89beaf,frames/3b360d58283f58facd89beaf.png,"[[0.662099,0.408663],[0.47948,0.3706],[0.493333,0.482551],[0.581495,0.28104],[0.63313,0.778101],[0.369908,0.791535],[0.636911,0.538526],[0.531117,0.811686],[0.402653,0.916919],[0.652026,0.699735]]"
3b46da5deae5a7419f5c815b,frames/3b46da5deae5a7419f5c815b.png,"[[0.305676,0.366122],[0.663359,0.663911],[0.456809,0.236259],[0.505928,0.227303],[0.446734,0.471356],[0.675953,0.590023],[0.669656,0.478073],[0.575198,0.417619],[0.382502,0.675106],[0.660839,0.388512]]"
3b5aa299d5de433a9b4338f6,frames/3b5aa299d5de433a9b4338f6.png,"[[0.431621,0.328059],[0.481998,0.368361],[0.494593,0.518375],[0.595349,0.249694],[0.646984,0.883334],[0.68225,0.352688],[0.709958,0.426576],[0.634391,0.408663],[0.692328,0.581068],[0.653281,0.791535]]"
3b611d27be5dc7d321775f7f,frames/3b611d27be5dc7d321775f7f.png,"[[0.436314,0.612187],[0.545464,0.810153],[0.614922,0.874835],[0.450646,0.494582],[0.659026,0.40638],[0.469404,0.357166],[0.674693,0.569872],[0.693583,0.108635],[0.716255,0.422097],[0.757818,0.453444]]"
3b72abf59dd2b221944268ac,frames/3b72abf59dd2b221944268ac.png,"[[0.025,0.354806],[0.026848,0.716739],[0.129987,0.490331],[0.358687,0.809215],[0.274382,0.912851],[0.518328,0.769354],[0.447476,0.329294],[0.383798,0.955556],[0.622364,0.401043],[0.56048,0.646583],[0.526399,0.662528],[0.576623,0.321322],[0.634023,0.182608],[0.56048,0.688039],[0.601736,0.059837],[0.721916,0.416988],[0.729987,0.676878],[0.551476,0.223419],[0.820008,0.247531],[0.769449,0.447282],[0.847133,0.159123],[0.413395,0.877775],[0.04153,0.933888],[0.554188,0.388981],[0.521638,0.454883],[0.265413,0.651367],[0.425798,0.417914],[0.460155,0.493461],[0.609342,0.705638],[0.620191,0.229849],[0.518022,0.544897],[0.414044,0.724926],[0.059135,0.879369],[0.621467,0.807621],[0.525502,0.517436],[0.461826,0.444093]]"
3baddc210964ec4bfd9b4482,frames/3baddc210964ec4bfd9b4482.png,"[[0.229538,0.479169],[0.173037,0.665717],[0.168552,0.576429],[0.661826,0.503086],[0.269898,0.813997],[0.578417,0.517436],[0.159584,0.836319],[0.613395,0.359589],[0.616983,0.428149],[0.511153,0.409015],[0.047476,0.10767],[0.353305,0.662528],[0.213395,0.917635]]"
3bb71f728303e00581de45fc,frames/3bb71f728303e00581de45fc.png,"[[0.658238,0.520625],[0.623261,0.394665],[0.181108,0.362778],[0.303081,0.606724],[0.831336,0.606724],[0.612498,0.657744],[0.532677,0.609912],[0.672588,0.416988],[0.451063,0.665717],[0.457341,0.372343],[0.493216,0.488736],[0.068104,0.890531],[0.327296,0.23044],[0.623261,0.281461],[0.292319,0.939957],[0.155099,0.643394],[0.536265,0.365967],[0.384206,0.475779],[0.438455,0.324685]]"
3bd42f88183c733c10545016,frames/3bd42f88183c733c10545016.png,"[[0.745224,0.628087],[0.47948,0.3706],[0.489555,0.478073],[0.73263,0.4624],[0.746484,0.583306],[0.354794,0.43777],[0.677214,0.175806],[0.606682,0.851988],[0.295601,0.751232],[0.658323,0.596741]]"
3bdc8cc586f2e0991a013605,frames/3bdc8cc586f2e0991a013605.png,"[[0.703081,0.208118],[0.593664,0.044444],[0.181108,0.365967],[0.96407,0.409015],[0.196355,0.820375],[0.469001,0.6992],[0.895906,0.71355],[0.25196,0.829942],[0.598148,0.310161],[0.647476,0.405826],[0.034023,0.632235],[0.35779,0.305378],[0.595458,0.461631],[0.147027,0.778921],[0.759584,0.589185],[0.651838,0.54329],[0.508076,0.54329],[0.550571,0.528824],[0.430318,0.580261],[0.351656,0.400232],[0.455634,0.151086],[0.065038,0.242708],[0.74344,0.13637],[0.418777,0.399449],[0.628641,0.240007],[0.416086,0.871397]]"
3be3882ecf00ad912bb25e49,frames/3be3882ecf00ad912bb25e49.png,"[[0.309454,0.368361],[0.73263,0.737798],[0.3422,0.287756],[0.471923,0.426576],[0.648245,0.442248],[0.73263,0.240737],[0.754036,0.34821],[0.513484,0.128786],[0.657062,0.778101],[0.56638,0.831837]]"
3beba351200b9d5a69d1b28f,frames/3beba351200b9d5a69d1b28f.png,"[[0.077072,0.536569],[0.112947,0.783704],[0.303081,0.735871],[0.199942,0.648178],[0.310256,0.659339],[0.182005,0.397854],[0.421467,0.528597],[0.36048,0.503086],[0.109359,0.627451],[0.506669,0.955556],[0.58918,0.177824],[0.585592,0.249574],[0.535368,0.775732],[0.635816,0.831536],[0.545234,0.208118],[0.699494,0.609912],[0.767655,0.075782],[0.779314,0.351617],[0.816984,0.292622],[0.725502,0.334078],[0.864516,0.281461],[0.141646,0.71355],[0.44927,0.632235],[0.797252,0.206524],[0.14613,0.461631],[0.959586,0.710361],[0.587386,0.879369],[0.199942,0.909662],[0.306669,0.933579],[0.183798,0.807621]]"
3bee34f90e404ecc33156b20,frames/3bee34f90e404ecc33156b20.png,"[[0.510183,0.863075],[0.632562,0.853274],[0.558693,0.884635],[0.588464,0.572985],[0.453954,0.533784],[0.466885,0.220586],[0.655802,0.482551],[0.819531,0.410903],[0.740182,0.413142],[0.766635,0.446727]]"
3bf8cdada5f6f40ca53820cd,frames/3bf8cdada5f6f40ca53820cd.png,"[[0.27293,0.534048],[0.376205,0.811686],[0.456809,0.227303],[0.514744,0.236259],[0.512225,0.57435],[0.670917,0.590023],[0.670917,0.457921],[0.570161,0.426576],[0.553786,0.538526],[0.689807,0.50718]]"
3c0acce55850b799b26195ae,frames/3c0acce55850b799b26195ae.png,"[[0.034023,0.442499],[0.025,0.735871],[0.150615,0.877775],[0.269001,0.359589],[0.332677,0.673689],[0.370346,0.924012],[0.371243,0.688039],[0.382005,0.605129],[0.416983,0.638611],[0.462723,0.321322],[0.460032,0.442499],[0.527296,0.289433],[0.495906,0.468008],[0.525502,0.688039],[0.507566,0.750221],[0.547924,0.350022],[0.588283,0.477575],[0.580211,0.829942],[0.631332,0.813997],[0.669001,0.086943],[0.686938,0.416988],[0.727296,0.6705],[0.518926,0.13662],[0.769378,0.212167],[0.766759,0.447282],[0.859797,0.181627],[0.465413,0.373938]]"
3c25ab20817d787fbdae23c7,frames/3c25ab20817d787fbdae23c7.png,"[[0.585271,0.637043],[0.480739,0.368361],[0.494593,0.478073],[0.575198,0.278801],[0.669656,0.706453],[0.303157,0.742277],[0.592828,0.934831],[0.50089,0.89453],[0.381243,0.726604],[0.665875,0.637043]]"
3c2b234d9b22f74d9150bb71,frames/3c2b234d9b22f74d9150bb71.png,"[[0.480415,0.439701],[0.495851,0.825833],[0.578542,0.512223],[0.546568,0.427941],[0.548771,0.706269],[0.607943,0.43777],[0.702401,0.527331],[0.471923,0.16685],[0.712479,0.417619],[0.760339,0.440009]]"
3c349dec0b78c1ff45c5896c,frames/3c349dec0b78c1ff45c5896c.png,"[[0.439621,0.621987],[0.49144,0.823873],[0.661229,0.610227],[0.528927,0.329937],[0.543259,0.545544],[0.611724,0.43777],[0.689807,0.55196],[0.620536,0.095201],[0.712479,0.413142],[0.764115,0.43777]]"
3c4a4f7be6c3e4154fd5ef54,frames/3c4a4f7be6c3e4154fd5ef54.png,"[[0.266633,0.527331],[0.43288,0.863183],[0.459329,0.231781],[0.508447,0.220586],[0.516004,0.572111],[0.663359,0.587784],[0.659578,0.473594],[0.568901,0.426576],[0.54749,0.560917],[0.688547,0.493746]]"
3c709a24fc52f8a0e99d16fa,frames/3c709a24fc52f8a0e99d16fa.png,"[[0.069,0.539758],[0.112947,0.783704],[0.295906,0.740654],[0.198148,0.654556],[0.308462,0.65615],[0.182005,0.401043],[0.424158,0.517436],[0.358687,0.509464],[0.11205,0.617885],[0.519225,0.94474],[0.58918,0.177824],[0.573037,0.247979],[0.562274,0.76776],[0.667207,0.841103],[0.542543,0.204929],[0.703081,0.598751],[0.77483,0.070998],[0.779314,0.351617],[0.816984,0.310161],[0.726399,0.3277],[0.863617,0.294217],[0.141646,0.710361],[0.446579,0.632235],[0.799942,0.209712],[0.150615,0.458442],[0.955102,0.705578],[0.590973,0.885747],[0.204427,0.911257],[0.309359,0.933579],[0.17752,0.828347]]"
3c7b8137b8fa4fd74edd716a,frames/3c7b8137b8fa4fd74edd716a.png,"[[0.68351,0.693019],[0.47948,0.3706],[0.494593,0.471356],[0.424064,0.357166],[0.746484,0.572111],[0.306935,0.478073],[0.344719,0.238498],[0.606682,0.851988],[0.371167,0.16685],[0.669656,0.59898]]"
3c7cfe472e0d0b4f613c95d6,frames/3c7cfe472e0d0b4f613c95d6.png,"[[0.14344,0.391476],[0.170346,0.665717],[0.335368,0.383504],[0.57483,0.464819],[0.244785,0.743843],[0.520122,0.444093],[0.138059,0.955556],[0.628641,0.402638],[0.457341,0.362778],[0.303978,0.735871],[0.188283,0.721522],[0.430435,0.917635],[0.390077,0.322917],[0.54344,0.044444],[0.025,0.578024],[0.559584,0.321322]]"
3c834e289391fa0ce4e11317,frames/3c834e289391fa0ce4e11317.png,"[[0.742703,0.634804],[0.481998,0.372839],[0.490815,0.471356],[0.568901,0.25641],[0.752781,0.572111],[0.3422,0.399707],[0.442956,0.139981],[0.602906,0.84751],[0.269152,0.442248],[0.663359,0.607936]]"
3c83ca06df597ebd6a37a8a2,frames/3c83ca06df597ebd6a37a8a2.png,"[[0.054651,0.383504],[0.031332,0.72471],[0.112947,0.955556],[0.199942,0.472792],[0.341646,0.696011],[0.345234,0.844292],[0.434023,0.841103],[0.43761,0.707172],[0.441198,0.305378],[0.37752,0.694417],[0.579314,0.343644],[0.512947,0.576429],[0.52909,0.649772],[0.459135,0.447282],[0.549718,0.329294],[0.689628,0.255951],[0.542543,0.431338],[0.570346,0.691228],[0.614292,0.063026],[0.73178,0.468008],[0.727296,0.668906],[0.537913,0.208953],[0.80012,0.247531],[0.769449,0.447282],[0.848039,0.163945],[0.441198,0.605129],[0.036105,0.929065],[0.545147,0.39541],[0.490897,0.612408],[0.312947,0.780515],[0.420373,0.384158],[0.460155,0.671882],[0.573176,0.569008],[0.625616,0.236278],[0.516213,0.446847],[0.45473,0.750644],[0.025,0.888936],[0.599942,0.951118]]"
3c93d3702676ac03c45b6c35,frames/3c93d3702676ac03c45b6c35.png,"[[0.303157,0.558678],[0.480739,0.368361],[0.50089,0.493746],[0.582755,0.247455],[0.635651,0.831837],[0.47948,0.684062],[0.727589,0.457921],[0.567641,0.460161],[0.675953,0.876618],[0.649505,0.75795]]"
3cace1db08f2021b11a7edcb,frames/3cace1db08f2021b11a7edcb.png,"[[0.421467,0.606724],[0.329987,0.90169],[0.399942,0.93039],[0.644785,0.177824],[0.482453,0.581212],[0.295906,0.893719],[0.181108,0.361183],[0.596355,0.702389],[0.754202,0.165069],[0.467207,0.71355],[0.554202,0.57324],[0.504875,0.305378],[0.519225,0.511058],[0.504875,0.365967],[0.588283,0.23044],[0.605323,0.483953],[0.418777,0.547729],[0.408911,0.329294],[0.452857,0.428149],[0.896805,0.117237]]"
3cec766f4af76eee6ff22d4d,frames/3cec766f4af76eee6ff22d4d.png,"[[0.514744,0.151177],[0.556307,0.645999],[0.47948,0.218347],[0.430361,0.195957],[0.385021,0.229543],[0.640688,0.267606],[0.582755,0.204913],[0.56512,0.426576],[0.532376,0.87214],[0.534895,0.216108]]"
3d2af17de991824d2dcdbb81,frames/3d2af17de991824d2dcdbb81.png,"[[0.441826,0.610227],[0.527824,0.812113],[0.643589,0.859155],[0.440723,0.480862],[0.66013,0.453421],[0.495853,0.287756],[0.678474,0.569872],[0.689807,0.106396],[0.717516,0.413142],[0.752781,0.453444]]"
3d2d07632b828c8d9d887a6e,frames/3d2d07632b828c8d9d887a6e.png,"[[0.667135,0.708692],[0.480739,0.377318],[0.495853,0.471356],[0.542452,0.225064],[0.75026,0.585545],[0.306935,0.654955],[0.299379,0.413142],[0.605422,0.858706],[0.430361,0.126548],[0.668396,0.596741]]"
3d2de92596832283dad12f08,frames/3d2de92596832283dad12f08.png,"[[0.869898,0.673689],[0.153305,0.576429],[0.866312,0.603535],[0.121019,0.691228],[0.80012,0.520787],[0.662688,0.369692],[0.025,0.533381],[0.563171,0.696011],[0.973039,0.73906],[0.893219,0.547729],[0.715637,0.432932],[0.387386,0.512653],[0.246579,0.60194],[0.538955,0.3277],[0.551512,0.436121],[0.590077,0.595562],[0.854648,0.555701],[0.671691,0.55889],[0.526399,0.498303],[0.427745,0.416988],[0.747924,0.299],[0.564965,0.614696],[0.394561,0.332483],[0.345234,0.546135],[0.621467,0.654556],[0.37214,0.343644],[0.641198,0.399449],[0.478866,0.539758],[0.71205,0.665717],[0.688731,0.377126],[0.025,0.25914],[0.827742,0.629046],[0.307566,0.450471],[0.132677,0.621074],[0.825055,0.445687],[0.103081,0.436121],[0.190077,0.520625],[0.110246,0.231456],[0.941648,0.475981],[0.975,0.468008]]"
3d47381671bf8a4a9bd02d8c,frames/3d47381671bf8a4a9bd02d8c.png,"[[0.025,0.742249],[0.212498,0.617885],[0.258238,0.667311],[0.601736,0.091726],[0.255548,0.817186],[0.498597,0.892125],[0.588283,0.044444],[0.630435,0.193768],[0.72909,0.676878],[0.557805,0.231456],[0.836289,0.236278],[0.77214,0.447282],[0.785653,0.094828],[0.652741,0.39541],[0.44927,0.321322],[0.645682,0.468008],[0.596684,0.252351],[0.282453,0.09332],[0.547924,0.455254],[0.434023,0.380315],[0.242991,0.955556],[0.494545,0.808449],[0.571884,0.469519],[0.36325,0.937944],[0.665409,0.808449],[0.404617,0.387985],[0.436092,0.646978],[0.579977,0.373596],[0.706669,0.951118],[0.051063,0.829942],[0.525502,0.332483],[0.518328,0.475981],[0.480659,0.947929]]"
3d608a7b2959b33c74616d67,frames/3d608a7b2959b33c74616d67.png,"[[0.413989,0.417619],[0.624318,0.798252],[0.314492,0.332537],[0.602906,0.87214],[0.596609,0.18924],[0.668396,0.169089],[0.720031,0.473594],[0.508447,0.265367],[0.413989,0.567633],[0.679729,0.731081]]"
3de20bcebf78b7ea58645726,frames/3de20bcebf78b7ea58645726.png,"[[0.80464,0.761896],[0.032229,0.65615],[0.195458,0.613101],[0.078866,0.718333],[0.866312,0.603535],[0.134471,0.710361],[0.700662,0.480601],[0.617479,0.43881],[0.095009,0.475981],[0.555099,0.716739],[0.960477,0.68485],[0.805323,0.61629],[0.651063,0.509464],[0.460929,0.531786],[0.187386,0.555701],[0.962273,0.380315],[0.484247,0.222468],[0.511153,0.436121],[0.538955,0.531786],[0.734471,0.643394],[0.598148,0.592374],[0.561377,0.469603],[0.500391,0.306972],[0.664516,0.365967],[0.458238,0.611507],[0.436713,0.326106],[0.358687,0.501492],[0.56048,0.716739],[0.322812,0.3277],[0.670795,0.499897],[0.413395,0.65615],[0.782005,0.688039],[0.739852,0.394665],[0.025,0.196957],[0.865414,0.659339],[0.195458,0.365967],[0.14613,0.633829],[0.857344,0.423365],[0.057341,0.397854],[0.104875,0.550918],[0.057805,0.273249]]"
3e0783ff514025d2e7fcdd38,frames/3e0783ff514025d2e7fcdd38.png,"[[0.431621,0.148938],[0.585271,0.616892],[0.453031,0.245215],[0.48086,0.186922],[0.36487,0.278801],[0.68225,0.547482],[0.646984,0.325819],[0.571417,0.442248],[0.526079,0.89453],[0.59787,0.227303]]"
3e0bc426e7aa6d14421da8fb,frames/3e0bc426e7aa6d14421da8fb.png,"[[0.668396,0.713169],[0.480739,0.377318],[0.495853,0.478073],[0.400134,0.247455],[0.74774,0.581068],[0.300638,0.538526],[0.339681,0.272083],[0.607943,0.851988],[0.405172,0.144459],[0.66462,0.603457]]"
3e108c2cfe1cf4ee493be55f,frames/3e108c2cfe1cf4ee493be55f.png,"[[0.361377,0.801243],[0.425055,0.343644],[0.730884,0.676878],[0.743157,0.424343],[0.76757,0.239493],[0.769449,0.464819],[0.783845,0.044444],[0.527967,0.053035],[0.900391,0.063026],[0.225055,0.064621],[0.705877,0.691742],[0.465413,0.727899],[0.338059,0.595562],[0.161377,0.818781],[0.211602,0.581212],[0.271691,0.380315],[0.5786,0.335936],[0.835383,0.734571],[0.290173,0.872806],[0.576792,0.335936],[0.565038,0.475779],[0.858234,0.955556],[0.395458,0.281461],[0.361377,0.955556],[0.461826,0.350022],[0.520122,0.044444],[0.278866,0.93039],[0.40622,0.394665],[0.512947,0.762976],[0.368552,0.638611],[0.273485,0.578024],[0.535368,0.603535],[0.309161,0.618837],[0.397769,0.279678],[0.442977,0.581868],[0.585834,0.835836],[0.399577,0.628482],[0.478239,0.509535],[0.47643,0.27164],[0.560517,0.416307],[0.583121,0.372907],[0.546051,0.350403]]"
3e1c29da030d2f614dbbf102,frames/3e1c29da030d2f614dbbf102.png,"[[0.028642,0.721522],[0.25196,0.651367],[0.416086,0.809215],[0.610705,0.173041],[0.672588,0.144342],[0.728193,0.676878],[0.622,0.249137],[0.857078,0.247531],[0.773037,0.447282],[0.757624,0.083576],[0.681674,0.409876],[0.632229,0.3277],[0.610246,0.265211],[0.152409,0.114048],[0.353305,0.635422],[0.399045,0.536569],[0.678898,0.635786],[0.257135,0.6182],[0.579077,0.224915],[0.152409,0.751815],[0.488731,0.247979],[0.38918,0.880964],[0.558687,0.576429],[0.361377,0.401043],[0.573934,0.520625],[0.419673,0.557296],[0.422364,0.681661],[0.60622,0.332483],[0.48335,0.688039],[0.550615,0.36756],[0.524606,0.539758],[0.392767,0.409015],[0.549718,0.466414],[0.488731,0.464819],[0.484247,0.362778],[0.35779,0.890531],[0.511153,0.951118]]"
3e272283fc191e3056ac39cb,frames/3e272283fc191e3056ac39cb.png,"[[0.551266,0.637043],[0.441696,0.791535],[0.479096,0.152432],[0.400134,0.838555],[0.377465,0.276561],[0.493333,0.28104],[0.47822,0.218347],[0.52482,0.433293],[0.684771,0.451205],[0.431621,0.207152]]"
3e30f66e4c0b9958c8a1e798,frames/3e30f66e4c0b9958c8a1e798.png,"[[0.499631,0.681823],[0.358573,0.771383],[0.518522,0.164611],[0.551266,0.843032],[0.390059,0.258649],[0.445474,0.289995],[0.480739,0.218347],[0.411469,0.585545],[0.629354,0.238498],[0.436658,0.191479]]"
3e5ab8629d9f66ffa8616cf2,frames/3e5ab8629d9f66ffa8616cf2.png,"[[0.703661,0.448966],[0.481998,0.3706],[0.497112,0.480312],[0.573938,0.276561],[0.641948,0.766906],[0.356054,0.822881],[0.572677,0.686301],[0.541192,0.811686],[0.405172,0.892291],[0.648245,0.697496]]"
3eb46fb2c10c12eab5025462,frames/3eb46fb2c10c12eab5025462.png,"[[0.742703,0.630326],[0.480739,0.3706],[0.490815,0.469117],[0.61424,0.453444],[0.75026,0.57659],[0.347238,0.419858],[0.504668,0.106396],[0.602906,0.851988],[0.293082,0.493746],[0.662099,0.587784]]"
3ebae4b4e7846963f2d85135,frames/3ebae4b4e7846963f2d85135.png,"[[0.309454,0.560917],[0.322049,0.722125],[0.450513,0.240737],[0.510966,0.227303],[0.512225,0.560917],[0.669656,0.590023],[0.677214,0.446727],[0.567641,0.357166],[0.555047,0.531809],[0.687286,0.534048]]"
3ec0d15a9c872919a732715a,frames/3ec0d15a9c872919a732715a.png,"[[0.317011,0.357166],[0.446734,0.791535],[0.348497,0.641521],[0.539933,0.843032],[0.517263,0.216108],[0.599125,0.175806],[0.754036,0.64376],[0.652026,0.623608],[0.737667,0.55196],[0.752781,0.426576]]"
3ed12b536a633ffdc94c4086,frames/3ed12b536a633ffdc94c4086.png,"[[0.325827,0.43777],[0.557568,0.851988],[0.332124,0.547482],[0.619276,0.838555],[0.516004,0.066094],[0.657062,0.175806],[0.793083,0.491506],[0.611724,0.487029],[0.526079,0.697496],[0.735146,0.457921]]"
3ed9f47dd2a97168f53cffd7,frames/3ed9f47dd2a97168f53cffd7.png,"[[0.725502,0.58759],[0.858234,0.721522],[0.679762,0.483953],[0.537162,0.885747],[0.326399,0.270301],[0.114741,0.780515],[0.482453,0.570051],[0.544337,0.517436],[0.724606,0.794865],[0.405323,0.534975]]"
3eda741a708e3f775e599f0d,frames/3eda741a708e3f775e599f0d.png,"[[0.73178,0.868208],[0.869,0.876181],[0.055548,0.083754],[0.504875,0.688039],[0.434023,0.461631],[0.94075,0.450471],[0.322812,0.683256],[0.215189,0.118831],[0.767655,0.214496],[0.701288,0.091726],[0.542543,0.044444]]"
3eeefab8da83890e4401e432,frames/3eeefab8da83890e4401e432.png,"[[0.945234,0.41061],[0.866312,0.60194],[0.929984,0.181013],[0.426848,0.581212],[0.152409,0.45366],[0.494113,0.633829],[0.608911,0.745437],[0.779314,0.554107],[0.903078,0.688039],[0.965859,0.633829],[0.410705,0.557296],[0.148821,0.593968],[0.865414,0.275085],[0.767655,0.665717],[0.124606,0.329294],[0.521916,0.735871],[0.907562,0.3564],[0.590077,0.632235],[0.351512,0.475981],[0.859133,0.632235],[0.544337,0.68485],[0.39187,0.511058],[0.181108,0.520625],[0.669001,0.727899],[0.548821,0.431338],[0.407117,0.311756],[0.625951,0.550918],[0.313844,0.420176],[0.61788,0.58759],[0.188004,0.388981],[0.711153,0.490331],[0.783798,0.434526],[0.728193,0.841103],[0.958687,0.238413],[0.14613,0.665717],[0.855547,0.751815],[0.140749,0.536569],[0.819672,0.340456],[0.142543,0.391476],[0.895008,0.539758],[0.277969,0.900097],[0.088731,0.469603],[0.057341,0.401043]]"
3f140e6a321cd6b6b63a9a7d,frames/3f140e6a321cd6b6b63a9a7d.png,"[[0.575198,0.652716],[0.481998,0.372839],[0.497112,0.478073],[0.573938,0.276561],[0.662099,0.717647],[0.314492,0.742277],[0.601646,0.798252],[0.538673,0.838555],[0.344719,0.84751],[0.663359,0.639281]]"
3f27f0d51c4345b818d7a47e,frames/3f27f0d51c4345b818d7a47e.png,"[[0.914742,0.606724],[0.085144,0.461631],[0.866312,0.603535],[0.085144,0.667311],[0.900391,0.503086],[0.739541,0.286107],[0.528193,0.637017],[0.84568,0.416988],[0.309359,0.539758],[0.328193,0.637017],[0.532677,0.41061],[0.604427,0.434526],[0.625055,0.651367],[0.975,0.498303],[0.784695,0.58759],[0.416983,0.461631],[0.370346,0.511058],[0.786489,0.299],[0.615189,0.71355],[0.335368,0.311756],[0.41788,0.654556],[0.699494,0.705578],[0.43492,0.389882],[0.575727,0.316539],[0.57483,0.609912],[0.664516,0.600346],[0.642991,0.41061],[0.025,0.354806],[0.763171,0.673689],[0.38918,0.409015],[0.171243,0.570051],[0.832227,0.442499],[0.167655,0.450471],[0.315638,0.444093],[0.091259,0.180019],[0.895008,0.41061],[0.927297,0.402638],[0.906672,0.839508]]"
3f3c4dd2bf9333f0a444d7b8,frames/3f3c4dd2bf9333f0a444d7b8.png,"[[0.198148,0.311756],[0.221467,0.41061],[0.169449,0.660933],[0.181108,0.900097],[0.106669,0.501492],[0.857344,0.892125],[0.4977,0.654556],[0.521916,0.852264],[0.467207,0.340456],[0.498597,0.401043],[0.579314,0.857047],[0.699494,0.283056],[0.813398,0.578024],[0.133574,0.28465],[0.89232,0.098103],[0.390077,0.380315]]"
3f5dfad47ba5da3ea64bc1ab,frames/3f5dfad47ba5da3ea64bc1ab.png,"[[0.151512,0.531786],[0.110256,0.852264],[0.246579,0.649772],[0.194561,0.41061],[0.122812,0.665717],[0.60622,0.185797],[0.590973,0.241601],[0.354202,0.951118],[0.442991,0.681661],[0.552409,0.149125],[0.701288,0.716739],[0.740749,0.131586],[0.775727,0.354806],[0.797252,0.211307],[0.677072,0.434526],[0.842094,0.171447],[0.186489,0.740654],[0.444785,0.624262],[0.74613,0.222468],[0.176623,0.566862],[0.975,0.844292],[0.525502,0.952712],[0.11205,0.94474],[0.272588,0.825158],[0.311153,0.6992],[0.643888,0.118831],[0.317431,0.044444],[0.548821,0.047082]]"
3f8e41390fc912b99ddadbb6,frames/3f8e41390fc912b99ddadbb6.png,"[[0.025,0.350022],[0.025,0.721522],[0.140749,0.498303],[0.359584,0.769354],[0.272588,0.888936],[0.506669,0.766165],[0.452857,0.3277],[0.385592,0.955556],[0.633126,0.405826],[0.555099,0.637017],[0.524606,0.646583],[0.573934,0.322917],[0.648373,0.203335],[0.561377,0.694417],[0.601736,0.064621],[0.718328,0.421771],[0.729987,0.676878],[0.549667,0.223419],[0.820914,0.247531],[0.769449,0.447282],[0.847133,0.159123],[0.416086,0.849075],[0.038817,0.937101],[0.548763,0.384158],[0.510788,0.454883],[0.262723,0.657744],[0.420373,0.413092],[0.466484,0.488639],[0.610246,0.676704],[0.619288,0.229849],[0.527967,0.541683],[0.425798,0.750644],[0.052857,0.876181],[0.609808,0.807621],[0.521916,0.479169],[0.473485,0.442499]]"
3fba0a2d9cd4ff96291163c6,frames/3fba0a2d9cd4ff96291163c6.png,"[[0.746484,0.634804],[0.483258,0.377318],[0.489555,0.471356],[0.621797,0.229543],[0.749,0.585545],[0.338422,0.413142],[0.362351,0.278801],[0.606682,0.84751],[0.283006,0.366122],[0.663359,0.594502]]"
3fc6587c4d414193e15cf552,frames/3fc6587c4d414193e15cf552.png,"[[0.668396,0.708692],[0.481998,0.3706],[0.495853,0.478073],[0.450513,0.25641],[0.749,0.569872],[0.300638,0.547482],[0.323308,0.307907],[0.607943,0.84751],[0.407691,0.135504],[0.672177,0.59898]]"
3fc8395524bafff8038517c3,frames/3fc8395524bafff8038517c3.png,"[[0.31827,0.699735],[0.335903,0.75795],[0.456809,0.247455],[0.509706,0.220586],[0.516004,0.563156],[0.675953,0.634804],[0.641948,0.312386],[0.587792,0.307907],[0.628094,0.489268],[0.702401,0.554199]]"
401ae6ab6d1309dd4d127965,frames/401ae6ab6d1309dd4d127965.png,"[[0.59578,0.474172],[0.405906,0.466136],[0.493609,0.445239],[0.59578,0.668667],[0.025,0.570617],[0.667208,0.488639],[0.625055,0.58759],[0.338059,0.592374],[0.107534,0.461314],[0.653645,0.670275],[0.041198,0.632235],[0.155996,0.821969],[0.916531,0.461631],[0.767655,0.600346],[0.928195,0.528597],[0.972813,0.726533],[0.944336,0.60194],[0.487834,0.654556],[0.875164,0.798867],[0.641198,0.657744],[0.602633,0.397854],[0.869898,0.600346],[0.895906,0.798054],[0.630435,0.517436],[0.44927,0.668906],[0.260337,0.398625],[0.286041,0.691228],[0.783798,0.691228],[0.873484,0.729493],[0.251295,0.589904],[0.182902,0.401043],[0.139852,0.565268],[0.926398,0.833131],[0.051063,0.332483],[0.095009,0.409015],[0.054651,0.520625],[0.025,0.421771]]"
40386f3ff6073f32973ff8b0,frames/40386f3ff6073f32973ff8b0.png,"[[0.025,0.75341],[0.162274,0.57324],[0.314741,0.461631],[0.63761,0.139558],[0.381108,0.649772],[0.605323,0.469603],[0.57752,0.051865],[0.660032,0.251168],[0.72909,0.676878],[0.556901,0.228242],[0.820914,0.225026],[0.77214,0.455254],[0.807352,0.123761],[0.672633,0.361656],[0.363171,0.520625],[0.379314,0.863425],[0.633126,0.517436],[0.596684,0.242708],[0.459252,0.313433],[0.553305,0.477575],[0.42057,0.6992],[0.460929,0.314944],[0.211602,0.240007],[0.580211,0.299],[0.418777,0.769354],[0.503978,0.581212],[0.436713,0.609912],[0.455548,0.340456],[0.393664,0.58759],[0.565862,0.562079],[0.529987,0.60194],[0.431332,0.57324],[0.559294,0.41996],[0.554797,0.643781],[0.616848,0.758888],[0.527819,0.442342],[0.670804,0.955556],[0.405516,0.94274]]"
408f17330909bb318ef26c82,frames/408f17330909bb318ef26c82.png,"[[0.41021,0.088484],[0.398875,0.679584],[0.444215,0.807208],[0.45555,0.731081],[0.488296,0.368361],[0.644469,0.18924],[0.644469,0.831837],[0.668396,0.731081],[0.770411,0.511658],[0.771672,0.316864]]"
4091270fb5f6c03b31277c1b,frames/4091270fb5f6c03b31277c1b.png,"[[0.242095,0.801243],[0.489628,0.791676],[0.504875,0.350022],[0.37214,0.863425],[0.61788,0.397854],[0.458238,0.495114],[0.307566,0.807621],[0.441198,0.57324],[0.367655,0.727899],[0.182005,0.361183],[0.529987,0.41061],[0.580211,0.576429],[0.367655,0.72471],[0.677969,0.423365],[0.472588,0.412204],[0.545114,0.294203],[0.426848,0.338861]]"
40a9aa8af03cb1e8f0eecf1c,frames/40a9aa8af03cb1e8f0eecf1c.png,"[[0.500391,0.72471],[0.584695,0.044444],[0.554202,0.660933],[0.303978,0.925607],[0.17752,0.361183],[0.678866,0.729493],[0.677969,0.066215],[0.355099,0.786893],[0.656445,0.644989],[0.56048,0.292622],[0.608014,0.533381],[0.498597,0.370749],[0.607117,0.295811],[0.496803,0.394665],[0.502184,0.638611],[0.44927,0.475981],[0.408014,0.458442],[0.416983,0.397854],[0.087835,0.919229],[0.498597,0.316539]]"
40cd44cd1c43b38afbab7d62,frames/40cd44cd1c43b38afbab7d62.png,"[[0.502466,0.855234],[0.588464,0.825833],[0.558693,0.904236],[0.600594,0.559265],[0.424185,0.488703],[0.441696,0.287756],[0.654542,0.534048],[0.818271,0.379556],[0.735146,0.417619],[0.764115,0.446727]]"
40f6bd59506ef06d73f045c8,frames/40f6bd59506ef06d73f045c8.png,"[[0.539852,0.919229],[0.782902,0.885747],[0.951508,0.598751],[0.587386,0.442499],[0.91743,0.676878],[0.975,0.431338],[0.832227,0.25914],[0.398148,0.332483],[0.077969,0.43931],[0.242095,0.828347],[0.796355,0.539758],[0.583798,0.195362],[0.059135,0.657744],[0.261826,0.185797],[0.492319,0.232035],[0.685144,0.066215]]"
411df12e2aa9752d1b52a807,frames/411df12e2aa9752d1b52a807.png,"[[0.255548,0.673689],[0.556893,0.354806],[0.477072,0.117237],[0.728193,0.676878],[0.735924,0.424343],[0.857078,0.281285],[0.764965,0.45366],[0.759432,0.061072],[0.616575,0.298967],[0.766759,0.080565],[0.380211,0.120425],[0.34613,0.836319],[0.652819,0.50629],[0.611452,0.781269],[0.366759,0.61629],[0.393664,0.858642],[0.431332,0.310161],[0.60353,0.228846],[0.499494,0.755004],[0.273485,0.509464],[0.533574,0.214496],[0.425055,0.778921],[0.451063,0.742249],[0.352409,0.922418],[0.340749,0.550918],[0.465413,0.345239],[0.413395,0.581212],[0.401736,0.405826],[0.475527,0.622053],[0.485472,0.461314],[0.51983,0.789222],[0.469197,0.798867],[0.678058,0.884058],[0.460155,0.421128],[0.548763,0.832621],[0.431223,0.835836]]"
41254ff92d8079d6fe1869a3,frames/41254ff92d8079d6fe1869a3.png,"[[0.695009,0.21609],[0.625951,0.106076],[0.179314,0.361183],[0.373934,0.388288],[0.874383,0.377126],[0.161377,0.852264],[0.490525,0.643394],[0.89232,0.718333],[0.275279,0.755004],[0.541646,0.340456],[0.640301,0.45366],[0.032229,0.643394],[0.311153,0.295811],[0.593664,0.399449],[0.129987,0.780515],[0.762274,0.469603],[0.592162,0.540075],[0.492705,0.54329],[0.554188,0.472565],[0.442073,0.634912],[0.31097,0.385765],[0.473718,0.118938],[0.101204,0.126975],[0.83582,0.120425],[0.42057,0.354806],[0.590077,0.27349],[0.401736,0.936768]]"
413f35ecbfdf86c5216b1e4d,frames/413f35ecbfdf86c5216b1e4d.png,"[[0.489235,0.42206],[0.458364,0.751351],[0.564208,0.629827],[0.542157,0.441661],[0.555385,0.804273],[0.611724,0.426576],[0.698625,0.538526],[0.465626,0.155655],[0.712479,0.422097],[0.756557,0.43777]]"
415c3de82809079c274dc23a,frames/415c3de82809079c274dc23a.png,"[[0.300638,0.39299],[0.703661,0.771383],[0.3422,0.316864],[0.498371,0.34821],[0.687286,0.498224],[0.73263,0.180284],[0.764115,0.301191],[0.508447,0.146699],[0.630615,0.822881],[0.536155,0.831837]]"
416490c2dbf30753de009b54,frames/416490c2dbf30753de009b54.png,"[[0.066846,0.400232],[0.081313,0.578653],[0.147316,0.496676],[0.103013,0.845481],[0.253103,0.258782],[0.270282,0.329507],[0.255816,0.49989],[0.244966,0.583475],[0.30012,0.443632],[0.297407,0.369692],[0.352409,0.326106],[0.318202,0.398625],[0.365219,0.472565],[0.317431,0.517436],[0.330884,0.589185],[0.444785,0.557296],[0.409808,0.696011],[0.514741,0.568457],[0.552409,0.45366],[0.577696,0.618837],[0.612959,0.464528],[0.594561,0.644989],[0.593664,0.702389],[0.653645,0.742607],[0.678866,0.509464],[0.710256,0.389882],[0.868102,0.598751],[0.928508,0.372907],[0.938953,0.498303],[0.921016,0.416988]]"
41701c436885785f772e2eb6,frames/41701c436885785f772e2eb6.png,"[[0.584016,0.641521],[0.480739,0.366122],[0.493333,0.478073],[0.573938,0.276561],[0.670917,0.717647],[0.303157,0.726604],[0.612979,0.907964],[0.518522,0.874379],[0.368648,0.791535],[0.667135,0.634804]]"
41c88fa479bd62847f205ccf,frames/41c88fa479bd62847f205ccf.png,"[[0.73137,0.637043],[0.480739,0.377318],[0.489555,0.478073],[0.721292,0.451205],[0.75026,0.578829],[0.379983,0.460161],[0.774188,0.498224],[0.605422,0.858706],[0.451772,0.843032],[0.662099,0.596741]]"
41d49de51583ab30f9a01aeb,frames/41d49de51583ab30f9a01aeb.png,"[[0.32079,0.547482],[0.596609,0.863183],[0.376205,0.305669],[0.630615,0.341493],[0.73137,0.64376],[0.629354,0.095201],[0.698625,0.135504],[0.567641,0.16685],[0.669656,0.52957],[0.386281,0.616892]]"
4202e4233ae77beb541da97d,frames/4202e4233ae77beb541da97d.png,"[[0.721292,0.641521],[0.481998,0.368361],[0.489555,0.473594],[0.533636,0.605696],[0.749,0.578829],[0.362351,0.433293],[0.348497,0.25641],[0.605422,0.851988],[0.353535,0.169089],[0.663359,0.594502]]"
420933f214420e4874c23112,frames/420933f214420e4874c23112.png,"[[0.356054,0.137743],[0.397616,0.684062],[0.401394,0.782579],[0.466885,0.731081],[0.527339,0.357166],[0.625573,0.195957],[0.686031,0.782579],[0.670917,0.717647],[0.772932,0.518375],[0.779229,0.413142]]"
427b05634858b80571fb5cc9,frames/427b05634858b80571fb5cc9.png,"[[0.181108,0.3564],[0.234023,0.71355],[0.440301,0.718333],[0.901289,0.71355],[0.259135,0.818781],[0.610705,0.310161],[0.657341,0.386693],[0.026848,0.613101],[0.382005,0.321322],[0.62057,0.511058],[0.147924,0.785299],[0.668104,0.668906],[0.711512,0.546506],[0.510788,0.495068],[0.554188,0.602764],[0.414044,0.506321],[0.360698,0.371299],[0.458347,0.171982],[0.046051,0.347189],[0.708462,0.155503],[0.416086,0.434526],[0.62057,0.233629],[0.414292,0.869803],[0.428641,0.114048],[0.212498,0.911257]]"
429d200cd042b1c26188cb13,frames/429d200cd042b1c26188cb13.png,"[[0.743964,0.630326],[0.480739,0.368361],[0.490815,0.473594],[0.713734,0.502702],[0.745224,0.585545],[0.352276,0.422097],[0.638172,0.135504],[0.605422,0.84751],[0.29686,0.717647],[0.660839,0.594502]]"
42a19e956a054b226dbf3037,frames/42a19e956a054b226dbf3037.png,"[[0.180211,0.361183],[0.33178,0.710361],[0.939852,0.579618],[0.289628,0.791676],[0.608014,0.338861],[0.678866,0.281461],[0.027745,0.55889],[0.719225,0.659339],[0.127296,0.935174],[0.610705,0.676878],[0.863414,0.495068],[0.639179,0.43881],[0.488184,0.684742],[0.460155,0.430772],[0.467389,0.122153],[0.706669,0.147531],[0.319225,0.421771],[0.657341,0.171447],[0.392767,0.852264],[0.418777,0.104481],[0.204427,0.855453],[0.443888,0.377126],[0.493216,0.359589]]"
42afc54c3f196047d50974bc,frames/42afc54c3f196047d50974bc.png,"[[0.684771,0.413142],[0.480739,0.3706],[0.494593,0.473594],[0.573938,0.269844],[0.635651,0.782579],[0.361092,0.818403],[0.602906,0.607936],[0.533636,0.807208],[0.401394,0.899007],[0.650766,0.704213]]"
42b40ad446b6c18bd3ff74d1,frames/42b40ad446b6c18bd3ff74d1.png,"[[0.474902,0.484782],[0.493645,0.823873],[0.575234,0.535744],[0.548771,0.40246],[0.533336,0.549465],[0.611724,0.426576],[0.696104,0.518375],[0.494593,0.146699],[0.713734,0.417619],[0.756557,0.440009]]"
42f19ec3e4ea3543d70dd2da,frames/42f19ec3e4ea3543d70dd2da.png,"[[0.20353,0.321322],[0.214292,0.41061],[0.232229,0.554107],[0.18918,0.6705],[0.242991,0.928796],[0.296803,0.498303],[0.412498,0.362778],[0.407117,0.450471],[0.876172,0.955556],[0.471691,0.377126],[0.460929,0.472792],[0.503978,0.833131],[0.514741,0.316539],[0.512947,0.444093],[0.541646,0.520625],[0.536265,0.791676],[0.555099,0.469603],[0.634023,0.801243],[0.614292,0.214496],[0.677969,0.305378],[0.696803,0.61629]]"
42f795cea4206d5c861f794c,frames/42f795cea4206d5c861f794c.png,"[[0.716534,0.581212],[0.858234,0.721522],[0.418777,0.955556],[0.695906,0.495114],[0.537162,0.879369],[0.326399,0.283056],[0.128193,0.751815],[0.486937,0.562079],[0.545234,0.539758],[0.736265,0.794865],[0.408014,0.554107]]"
4300a3caddbcf60fba4e128f,frames/4300a3caddbcf60fba4e128f.png,"[[0.584016,0.637043],[0.480739,0.368361],[0.497112,0.473594],[0.572677,0.28104],[0.668396,0.710931],[0.299379,0.737798],[0.604167,0.87214],[0.526079,0.863183],[0.352276,0.813925],[0.665875,0.645999]]"
4304349e33868a3122865602,frames/4304349e33868a3122865602.png,"[[0.742703,0.637043],[0.480739,0.372839],[0.488296,0.473594],[0.727589,0.460161],[0.74774,0.578829],[0.354794,0.426576],[0.718776,0.21163],[0.600385,0.84751],[0.31827,0.782579],[0.663359,0.59898]]"
4304477442a5cdc54b572cee,frames/4304477442a5cdc54b572cee.png,"[[0.712479,0.650477],[0.481998,0.368361],[0.492074,0.487029],[0.442956,0.522853],[0.74774,0.569872],[0.338422,0.431054],[0.344719,0.236259],[0.607943,0.84751],[0.362351,0.16685],[0.66462,0.603457]]"
431242e5abf886919752fdcb,frames/431242e5abf886919752fdcb.png,"[[0.36613,0.684062],[0.78049,0.509419],[0.351016,0.278801],[0.397616,0.616892],[0.692328,0.144459],[0.728849,0.269844],[0.714995,0.482551],[0.512225,0.126548],[0.510966,0.693019],[0.584016,0.818403]]"
433059129f19953b3b82549c,frames/433059129f19953b3b82549c.png,"[[0.181108,0.362778],[0.238507,0.688039],[0.433126,0.72471],[0.900391,0.71355],[0.261826,0.818781],[0.614292,0.310161],[0.664516,0.365967],[0.030435,0.609912],[0.383798,0.3277],[0.626848,0.531786],[0.155996,0.79646],[0.654651,0.662528],[0.722362,0.535253],[0.527967,0.488639],[0.555092,0.617231],[0.421277,0.501499],[0.360698,0.366476],[0.460155,0.171982],[0.039722,0.377729],[0.706669,0.155503],[0.412498,0.432932],[0.625055,0.240007],[0.416086,0.876181],[0.424158,0.120425],[0.20622,0.909662]]"
4348fbb661cb99944d3371ae,frames/4348fbb661cb99944d3371ae.png,"[[0.267207,0.633829],[0.548821,0.289433],[0.433126,0.198551],[0.728193,0.676878],[0.744966,0.424343],[0.854367,0.265211],[0.765862,0.45366],[0.779323,0.04982],[0.509884,0.162338],[0.762274,0.059837],[0.384695,0.13637],[0.450166,0.887342],[0.615948,0.450335],[0.304875,0.421771],[0.416086,0.310161],[0.37483,0.939957],[0.261826,0.491925],[0.274382,0.727899],[0.284247,0.523814],[0.352409,0.409015],[0.473718,0.446847],[0.44388,0.456492],[0.5786,0.458099],[0.468293,0.708851],[0.570463,0.393803],[0.391439,0.466136],[0.386919,0.353618],[0.521638,0.503106],[0.51983,0.337544],[0.543338,0.442025],[0.921273,0.810118],[0.416756,0.419521],[0.602109,0.737785],[0.448402,0.385765],[0.485472,0.464528],[0.058709,0.955556],[0.65455,0.955556],[0.560517,0.40184],[0.570463,0.360047]]"
43515fdbfdaa67b235bf35aa,frames/43515fdbfdaa67b235bf35aa.png,"[[0.327086,0.287756],[0.422805,0.737798],[0.351016,0.677345],[0.513484,0.827359],[0.531117,0.260888],[0.599125,0.195957],[0.746484,0.668389],[0.653281,0.648238],[0.752781,0.538526],[0.765375,0.426576]]"
43619cd1fa25b8e3ad758597,frames/43619cd1fa25b8e3ad758597.png,"[[0.029539,0.705578],[0.276175,0.592374],[0.488731,0.955556],[0.582005,0.281461],[0.686041,0.10767],[0.728193,0.676878],[0.626521,0.257174],[0.844422,0.255567],[0.773037,0.447282],[0.755816,0.078753],[0.682579,0.337544],[0.681556,0.211307],[0.58945,0.2411],[0.121019,0.131586],[0.322812,0.740654],[0.409808,0.676878],[0.669905,0.632589],[0.496344,0.699735],[0.5512,0.274475],[0.2977,0.6705],[0.487834,0.278274],[0.538955,0.409015],[0.359584,0.955556],[0.597252,0.447282],[0.476175,0.420176],[0.55779,0.378721],[0.548821,0.633829],[0.476175,0.621074],[0.57214,0.609912],[0.399045,0.469603],[0.462723,0.340456],[0.382005,0.589185],[0.515637,0.625857],[0.432229,0.420176],[0.539852,0.421771],[0.425055,0.727899],[0.467207,0.383504]]"
438f752999ffaa48b1c646c6,frames/438f752999ffaa48b1c646c6.png,"[[0.054188,0.657415],[0.471005,0.522394],[0.285653,0.363262],[0.36341,0.39541],[0.493609,0.628482],[0.025,0.601157],[0.59578,0.429165],[0.533392,0.599549],[0.373037,0.487142],[0.182579,0.467743],[0.584025,0.660631],[0.122812,0.621074],[0.142543,0.807621],[0.762274,0.461631],[0.626848,0.6992],[0.797252,0.534975],[0.844789,0.436121],[0.842617,0.634912],[0.917656,0.511143],[0.821469,0.590779],[0.559613,0.681526],[0.82182,0.745822],[0.619673,0.627451],[0.640301,0.409015],[0.867203,0.600346],[0.960477,0.702389],[0.736265,0.491925],[0.280659,0.629046],[0.17214,0.394665],[0.188283,0.632235],[0.816984,0.6992],[0.926398,0.732682],[0.150029,0.495068],[0.107566,0.420176],[0.03492,0.488736],[0.975,0.774138]]"
43b011e93c62724525fa0cd4,frames/43b011e93c62724525fa0cd4.png,"[[0.649505,0.68854],[0.483258,0.3706],[0.492074,0.480312],[0.542452,0.218347],[0.691068,0.66615],[0.385021,0.887813],[0.393838,0.68854],[0.601646,0.854227],[0.283006,0.482551],[0.662099,0.587784]]"
43fd72465e5e546534be7b5a,frames/43fd72465e5e546534be7b5a.png,"[[0.373686,0.207152],[0.47948,0.3706],[0.495853,0.489268],[0.582755,0.247455],[0.634391,0.80273],[0.487036,0.851988],[0.718776,0.433293],[0.576458,0.527331],[0.52356,0.954983],[0.648245,0.751232]]"
4401afa067fddc737439d439,frames/4401afa067fddc737439d439.png,"[[0.3422,0.225064],[0.420285,0.708692],[0.361092,0.717647],[0.494593,0.807208],[0.538673,0.249694],[0.589052,0.195957],[0.738927,0.686301],[0.659578,0.661672],[0.759078,0.540765],[0.776708,0.410903]]"
4416cdfbe799220fb45309a1,frames/4416cdfbe799220fb45309a1.png,"[[0.928195,0.265518],[0.866312,0.60194],[0.291422,0.609912],[0.025,0.420176],[0.634023,0.651367],[0.748821,0.683256],[0.941648,0.528597],[0.34344,0.58759],[0.874383,0.177824],[0.66362,0.6992],[0.733574,0.732682],[0.181108,0.654556],[0.363171,0.495114],[0.239404,0.716739],[0.339852,0.456847],[0.623261,0.520625],[0.555099,0.727899],[0.407117,0.196957],[0.514741,0.447282],[0.472588,0.542947],[0.974828,0.613101],[0.415852,0.429165],[0.538059,0.584401],[0.638507,0.576429],[0.686041,0.885747],[0.333574,0.676878],[0.680659,0.609912],[0.325502,0.544542],[0.738955,0.442499],[0.337162,0.372343],[0.568552,0.447282],[0.398148,0.637017],[0.318328,0.431338],[0.267207,0.421771],[0.277072,0.479169],[0.847477,0.702389],[0.898594,0.696011],[0.069897,0.534975],[0.937164,0.562079],[0.959586,0.490331],[0.975,0.557296]]"
4423d7ab8a2854a1eb9b8be0,frames/4423d7ab8a2854a1eb9b8be0.png,"[[0.355099,0.75341],[0.429538,0.343644],[0.730884,0.676878],[0.743157,0.424343],[0.76757,0.236278],[0.769449,0.464819],[0.781132,0.044444],[0.548763,0.06268],[0.900391,0.063026],[0.23761,0.074187],[0.687891,0.658168],[0.438507,0.707172],[0.369449,0.554107],[0.165862,0.785299],[0.193664,0.590779],[0.272588,0.350022],[0.566846,0.348796],[0.831766,0.744215],[0.291078,0.811725],[0.565038,0.348796],[0.574984,0.442025],[0.500843,0.453276],[0.858234,0.955556],[0.40353,0.275085],[0.380211,0.841103],[0.46362,0.354806],[0.529987,0.044444],[0.321916,0.857047],[0.40622,0.394665],[0.515637,0.747032],[0.362274,0.660933],[0.26631,0.584401],[0.582005,0.660933],[0.282941,0.636519],[0.402289,0.282893],[0.471005,0.678311],[0.562326,0.839051],[0.425798,0.554542],[0.444785,0.509535],[0.478239,0.31504],[0.535201,0.416307]]"
443bf52898e114ce6f5ec569,frames/443bf52898e114ce6f5ec569.png,"[[0.025951,0.702389],[0.294112,0.576429],[0.599942,0.305378],[0.673485,0.106076],[0.728193,0.676878],[0.639179,0.265211],[0.83357,0.261996],[0.768552,0.450471],[0.755816,0.078753],[0.675345,0.332722],[0.703081,0.147531],[0.581312,0.237886],[0.150615,0.160286],[0.327296,0.755004],[0.399942,0.76776],[0.673502,0.615003],[0.561092,0.696538],[0.569186,0.327233],[0.359584,0.648178],[0.509359,0.506275],[0.54344,0.394665],[0.517431,0.667311],[0.489628,0.710361],[0.59187,0.672094],[0.399045,0.495114],[0.45196,0.318133],[0.410705,0.554107],[0.569449,0.514247],[0.436713,0.416988],[0.485144,0.490331],[0.452857,0.576429],[0.455548,0.365967],[0.481556,0.409015],[0.566759,0.933579]]"
445513cc697ff534a886b0d8,frames/445513cc697ff534a886b0d8.png,"[[0.365862,0.727899],[0.43761,0.299],[0.729987,0.676878],[0.746774,0.421128],[0.803736,0.237886],[0.771243,0.461631],[0.780228,0.04982],[0.567751,0.067502],[0.840305,0.083754],[0.274382,0.236818],[0.604258,0.477513],[0.37214,0.397854],[0.380211,0.322917],[0.207117,0.45366],[0.122812,0.61629],[0.295009,0.466414],[0.397769,0.670275],[0.620191,0.376121],[0.863414,0.720104],[0.215128,0.81494],[0.351656,0.487032],[0.534297,0.454883],[0.531584,0.419521],[0.54153,0.413092],[0.623809,0.371299],[0.57408,0.376121],[0.408619,0.753858],[0.450166,0.581212],[0.44927,0.581212],[0.412498,0.632235],[0.861828,0.955556],[0.446579,0.475981],[0.489628,0.643394],[0.476175,0.3277],[0.590973,0.539758],[0.408911,0.386693],[0.394561,0.531786],[0.57483,0.044444],[0.499494,0.45366],[0.451063,0.321322]]"
447770dbcb992acc8586ba0e,frames/447770dbcb992acc8586ba0e.png,"[[0.543711,0.867661],[0.668396,0.742277],[0.3422,0.236259],[0.339681,0.632565],[0.590312,0.18924],[0.718776,0.276561],[0.718776,0.4624],[0.510966,0.099679],[0.31827,0.4624],[0.659578,0.818403]]"
4493c6847ccb2cef90e1f243,frames/4493c6847ccb2cef90e1f243.png,"[[0.721292,0.64376],[0.481998,0.3706],[0.490815,0.478073],[0.453031,0.625848],[0.746484,0.569872],[0.351016,0.428815],[0.339681,0.249694],[0.606682,0.851988],[0.356054,0.175806],[0.667135,0.596741]]"
44b58b92b559986d8006194d,frames/44b58b92b559986d8006194d.png,"[[0.445134,0.602386],[0.498055,0.808193],[0.720766,0.761152],[0.48703,0.280936],[0.544362,0.559265],[0.609203,0.426576],[0.696104,0.59898],[0.636911,0.104157],[0.713734,0.417619],[0.757818,0.43777]]"
44bb3923575bfce115f06525,frames/44bb3923575bfce115f06525.png,"[[0.309359,0.593968],[0.187386,0.512653],[0.277072,0.169852],[0.672588,0.044444],[0.651063,0.852264],[0.54613,0.681661],[0.781108,0.373938],[0.107566,0.93039],[0.66362,0.109264],[0.300391,0.334078],[0.547027,0.047082],[0.778417,0.278274],[0.458238,0.622668],[0.564068,0.125209],[0.808016,0.208118],[0.193664,0.102887],[0.764068,0.192174],[0.854648,0.568457],[0.682453,0.952712]]"
44c726639b18e5f7d5e7ba52,frames/44c726639b18e5f7d5e7ba52.png,"[[0.399045,0.6992],[0.316534,0.590779],[0.753305,0.227251],[0.479762,0.058243],[0.559584,0.125209],[0.043888,0.632235],[0.120122,0.554107],[0.166759,0.702389],[0.792767,0.745437],[0.088731,0.673689],[0.092319,0.911257],[0.25196,0.766165],[0.392767,0.472792],[0.175727,0.044444],[0.448373,0.955556]]"
44d96c8a1ef33db319dc82f7,frames/44d96c8a1ef33db319dc82f7.png,"[[0.356893,0.637017],[0.381108,0.834725],[0.469898,0.882558],[0.647476,0.299],[0.475279,0.565268],[0.303978,0.892125],[0.384695,0.3564],[0.532677,0.769354],[0.180211,0.361183],[0.569449,0.691228],[0.816984,0.338861],[0.534471,0.766165],[0.547924,0.546135],[0.527296,0.483953],[0.529987,0.303783],[0.418777,0.413799],[0.54344,0.359589],[0.554202,0.193768],[0.64927,0.718333],[0.34613,0.450471],[0.424158,0.334078],[0.487834,0.3564]]"
44ff4e0b7788b6a1c6180277,frames/44ff4e0b7788b6a1c6180277.png,"[[0.645724,0.693019],[0.483258,0.377318],[0.494593,0.478073],[0.543711,0.227303],[0.693583,0.668389],[0.383761,0.867661],[0.401394,0.695257],[0.604167,0.858706],[0.281746,0.502702],[0.662099,0.59898]]"
4523321131d2ee112cec280a,frames/4523321131d2ee112cec280a.png,"[[0.025054,0.6992],[0.301288,0.581212],[0.599045,0.311756],[0.66631,0.102887],[0.728193,0.676878],[0.645508,0.27164],[0.83357,0.261996],[0.768552,0.450471],[0.755816,0.078753],[0.661783,0.339151],[0.703978,0.142747],[0.581312,0.237886],[0.152409,0.174636],[0.327296,0.76776],[0.392767,0.786893],[0.673502,0.615003],[0.570984,0.706131],[0.572783,0.332029],[0.358687,0.638611],[0.4977,0.523814],[0.541646,0.409015],[0.518328,0.681661],[0.487834,0.743843],[0.594561,0.691228],[0.39187,0.498303],[0.45196,0.326106],[0.413395,0.542947],[0.581108,0.501492],[0.445682,0.431338],[0.475279,0.499897],[0.458238,0.550918],[0.456445,0.365967],[0.459135,0.388288],[0.569449,0.888936],[0.44927,0.955556]]"
453cf5047b17f3b02e8ebe22,frames/453cf5047b17f3b02e8ebe22.png,"[[0.406432,0.699735],[0.765375,0.569872],[0.353535,0.292234],[0.398875,0.605696],[0.638172,0.104157],[0.722552,0.272083],[0.725073,0.466878],[0.52356,0.126548],[0.447993,0.612414],[0.587792,0.831837]]"
455a8184bcc2be3c9e3b1d2e,frames/455a8184bcc2be3c9e3b1d2e.png,"[[0.267207,0.632235],[0.547924,0.294217],[0.430435,0.188986],[0.728193,0.676878],[0.744966,0.424343],[0.854367,0.265211],[0.765862,0.45366],[0.779323,0.04982],[0.511693,0.165553],[0.756893,0.064621],[0.382005,0.131586],[0.439404,0.890531],[0.620445,0.445539],[0.304875,0.423365],[0.416086,0.310161],[0.37483,0.903285],[0.264516,0.498303],[0.274382,0.727899],[0.353305,0.955556],[0.284247,0.517436],[0.355996,0.409015],[0.471005,0.43881],[0.440264,0.472565],[0.584025,0.483817],[0.457443,0.6976],[0.566846,0.393803],[0.391439,0.46935],[0.386919,0.360047],[0.520734,0.533646],[0.515309,0.339151],[0.53068,0.466136],[0.93032,0.810118],[0.419469,0.409876],[0.603917,0.760289],[0.446593,0.385765],[0.490897,0.446847],[0.064134,0.955556],[0.657263,0.955556],[0.555092,0.405054],[0.555996,0.364869]]"
458aa674691a204fd0231cc1,frames/458aa674691a204fd0231cc1.png,"[[0.066846,0.580261],[0.280228,0.496676],[0.048763,0.845481],[0.293791,0.286107],[0.329052,0.377729],[0.338094,0.544897],[0.127425,0.631697],[0.42851,0.466136],[0.367931,0.458099],[0.380211,0.383504],[0.30012,0.461314],[0.477334,0.546506],[0.26362,0.673689],[0.232229,0.758193],[0.590973,0.41061],[0.46631,0.72471],[0.612498,0.61629],[0.64182,0.424856],[0.714224,0.625268],[0.711512,0.495068],[0.664516,0.629046],[0.573037,0.72471],[0.765762,0.802081],[0.630435,0.533381],[0.661826,0.372343],[0.868102,0.598751],[0.973719,0.507928],[0.787386,0.456847],[0.111153,0.472792],[0.048373,0.350022],[0.025,0.506275],[0.975,0.665717]]"
458eec6a00d269e671b1af71,frames/458eec6a00d269e671b1af71.png,"[[0.442929,0.614146],[0.489235,0.821913],[0.665641,0.663148],[0.515696,0.302496],[0.538849,0.555344],[0.610464,0.426576],[0.688547,0.554199],[0.625573,0.066094],[0.711219,0.408663],[0.760339,0.442248]]"
45932c9d55c8ab4d9fb71ac6,frames/45932c9d55c8ab4d9fb71ac6.png,"[[0.421545,0.50718],[0.480739,0.368361],[0.494593,0.509419],[0.513484,0.25641],[0.576458,0.937071],[0.612979,0.160132],[0.631875,0.249694],[0.623057,0.357166],[0.735146,0.807208],[0.726333,0.68854]]"
45a0deda42db36a923df726b,frames/45a0deda42db36a923df726b.png,"[[0.441696,0.131026],[0.576458,0.616892],[0.459329,0.238498],[0.475701,0.16685],[0.385021,0.247455],[0.679729,0.457921],[0.625573,0.267606],[0.575198,0.422097],[0.529857,0.863183],[0.577719,0.216108]]"
45b189b6cf59a831116ee150,frames/45b189b6cf59a831116ee150.png,"[[0.745224,0.632565],[0.483258,0.368361],[0.490815,0.478073],[0.730109,0.466878],[0.75026,0.585545],[0.369908,0.43777],[0.767891,0.377318],[0.602906,0.854227],[0.405172,0.887813],[0.663359,0.605696]]"
45d5afe2cce90230e57c4df5,frames/45d5afe2cce90230e57c4df5.png,"[[0.779314,0.643394],[0.878867,0.751815],[0.599045,0.487142],[0.286937,0.217685],[0.067207,0.802838],[0.494113,0.667311],[0.562274,0.420176],[0.677072,0.801243],[0.388283,0.539758],[0.523709,0.115642]]"
4603176b1467398888c8b142,frames/4603176b1467398888c8b142.png,"[[0.562274,0.928796],[0.790077,0.863425],[0.94075,0.592374],[0.596355,0.431338],[0.919227,0.68485],[0.973039,0.41061],[0.831336,0.240007],[0.378417,0.340456],[0.089628,0.43931],[0.240301,0.855453],[0.773037,0.506275],[0.581108,0.195362],[0.070794,0.637017],[0.250166,0.187392],[0.366759,0.503086],[0.500391,0.222468],[0.686938,0.058243]]"
461a4b98f7712c319687d22c,frames/461a4b98f7712c319687d22c.png,"[[0.483722,0.667069],[0.519004,0.839554],[0.579641,0.910117],[0.550979,0.476943],[0.476005,0.249575],[0.416507,0.487029],[0.644469,0.607936],[0.760339,0.187001],[0.727589,0.408663],[0.762854,0.426576]]"
4629f4de9acaa20bcdf27d0c,frames/4629f4de9acaa20bcdf27d0c.png,"[[0.033126,0.710361],[0.234023,0.632235],[0.494113,0.922418],[0.573934,0.23044],[0.680659,0.126803],[0.728193,0.676878],[0.625616,0.252351],[0.857078,0.261996],[0.773037,0.447282],[0.753103,0.078753],[0.689812,0.379336],[0.648373,0.287839],[0.593067,0.257174],[0.126399,0.091726],[0.376623,0.710361],[0.365862,0.57324],[0.669005,0.632589],[0.375841,0.627793],[0.528718,0.272876],[0.20353,0.705578],[0.487834,0.24479],[0.286937,0.94474],[0.547027,0.522219],[0.464516,0.351617],[0.569449,0.416988],[0.495009,0.528597],[0.358687,0.807621],[0.596355,0.389882],[0.453754,0.542947],[0.551512,0.378721],[0.52909,0.609912],[0.411602,0.555701],[0.517431,0.509464],[0.453754,0.45366],[0.481556,0.361183],[0.309359,0.718333],[0.508463,0.801243],[0.431332,0.413799],[0.54613,0.401043]]"
4641ccbe2340f166bef2518b,frames/4641ccbe2340f166bef2518b.png,"[[0.430361,0.527331],[0.480739,0.3706],[0.493333,0.518375],[0.596609,0.25641],[0.653281,0.892291],[0.658323,0.160132],[0.728849,0.305669],[0.631875,0.39299],[0.769151,0.57659],[0.660839,0.834076]]"
4649c906bff95f20a18dcd53,frames/4649c906bff95f20a18dcd53.png,"[[0.291822,0.625848],[0.484517,0.3706],[0.498371,0.502702],[0.584016,0.247455],[0.63313,0.827359],[0.512225,0.634804],[0.73263,0.442248],[0.575198,0.448966],[0.689807,0.818403],[0.644469,0.771383]]"
468dc5d24aa192580de01baf,frames/468dc5d24aa192580de01baf.png,"[[0.442929,0.596506],[0.50026,0.831714],[0.664536,0.633747],[0.523414,0.298577],[0.537747,0.557305],[0.610464,0.43777],[0.691068,0.549721],[0.626833,0.07505],[0.708698,0.417619],[0.764115,0.440009]]"
469bebd43085b616f2384eb9,frames/469bebd43085b616f2384eb9.png,"[[0.137162,0.45366],[0.196355,0.321322],[0.647476,0.09332],[0.416983,0.94474],[0.451063,0.405826],[0.660032,0.365967],[0.766759,0.464819],[0.233126,0.169852],[0.930883,0.350022],[0.801736,0.182608],[0.765862,0.283056],[0.614292,0.17623],[0.963172,0.405826],[0.719225,0.68485],[0.344337,0.343644],[0.900391,0.200146],[0.872586,0.640206],[0.123709,0.831536]]"
46a652b2ee2b50e343c9a5e2,frames/46a652b2ee2b50e343c9a5e2.png,"[[0.534895,0.135504],[0.563865,0.491506],[0.47822,0.191479],[0.396356,0.200435],[0.368648,0.25641],[0.570161,0.25641],[0.562604,0.195957],[0.560083,0.406424],[0.529857,0.867661],[0.493333,0.258649]]"
46ac95bfaac31de71c657276,frames/46ac95bfaac31de71c657276.png,"[[0.025,0.450471],[0.123709,0.747032],[0.516534,0.405826],[0.285144,0.547729],[0.469001,0.43931],[0.247476,0.955556],[0.612498,0.41061],[0.428641,0.397854],[0.308462,0.750221],[0.43492,0.877775],[0.395458,0.361183],[0.105772,0.450471],[0.599045,0.314944],[0.526399,0.350022],[0.392767,0.36756]]"
46cdd08d9e222be649a402d9,frames/46cdd08d9e222be649a402d9.png,"[[0.563865,0.639281],[0.50089,0.807208],[0.483258,0.146699],[0.357314,0.793774],[0.378724,0.269844],[0.512225,0.272083],[0.481998,0.238498],[0.539933,0.419858],[0.687286,0.538526],[0.429102,0.216108]]"
46d52a054b5120b7384126a2,frames/46d52a054b5120b7384126a2.png,"[[0.320366,0.745025],[0.353535,0.717647],[0.469404,0.240737],[0.52356,0.251932],[0.508447,0.569872],[0.571417,0.827359],[0.618021,0.240737],[0.595349,0.298952],[0.673432,0.446727],[0.677214,0.534048]]"
46dc3aad2c99bc4670f411b8,frames/46dc3aad2c99bc4670f411b8.png,"[[0.452852,0.596506],[0.499158,0.823873],[0.650203,0.569065],[0.531131,0.357379],[0.541054,0.553384],[0.609203,0.428815],[0.694844,0.543005],[0.601646,0.104157],[0.712479,0.413142],[0.760339,0.446727]]"
46ff19ca0beb407e6f8a09ff,frames/46ff19ca0beb407e6f8a09ff.png,"[[0.401394,0.184762],[0.6155,0.672867],[0.464366,0.240737],[0.481998,0.198196],[0.381243,0.361644],[0.675953,0.581068],[0.672177,0.368361],[0.575198,0.422097],[0.425323,0.867661],[0.611724,0.287756]]"
470c28fcf751d317ea089de6,frames/470c28fcf751d317ea089de6.png,"[[0.823625,0.758681],[0.025,0.648178],[0.181108,0.611507],[0.068104,0.705578],[0.866312,0.603535],[0.132677,0.696011],[0.721458,0.478994],[0.628329,0.419521],[0.069,0.483953],[0.564068,0.716739],[0.959586,0.718333],[0.82057,0.598751],[0.660032,0.498303],[0.442991,0.517436],[0.197252,0.565268],[0.975,0.388288],[0.491936,0.240382],[0.521916,0.442499],[0.54344,0.539758],[0.747924,0.621074],[0.622364,0.589185],[0.555099,0.475981],[0.486041,0.337267],[0.670795,0.3564],[0.478866,0.613101],[0.418777,0.338861],[0.358687,0.499897],[0.561377,0.710361],[0.340749,0.332483],[0.669898,0.487142],[0.425055,0.627451],[0.765862,0.683256],[0.724606,0.394665],[0.025,0.222468],[0.863617,0.648178],[0.226848,0.383504],[0.138955,0.625857],[0.843891,0.421771],[0.062722,0.409015],[0.122812,0.562079],[0.073175,0.281285]]"
472504f628742bfad1c08a7e,frames/472504f628742bfad1c08a7e.png,"[[0.370346,0.742249],[0.442991,0.3277],[0.730884,0.676878],[0.747678,0.419521],[0.782941,0.229849],[0.769449,0.464819],[0.781132,0.044998],[0.562326,0.05625],[0.873484,0.080565],[0.219673,0.166664],[0.635732,0.613404],[0.382902,0.544542],[0.37214,0.378721],[0.202633,0.614696],[0.161377,0.609912],[0.294112,0.361183],[0.444785,0.798867],[0.584025,0.324685],[0.837188,0.731356],[0.351656,0.647771],[0.58493,0.319862],[0.575888,0.376121],[0.42851,0.610801],[0.444785,0.380315],[0.446579,0.922418],[0.860031,0.955556],[0.46362,0.321322],[0.555099,0.584401],[0.378417,0.287839],[0.427745,0.764571],[0.561377,0.044444],[0.4977,0.590779],[0.41788,0.377126],[0.386489,0.651367],[0.509359,0.562079],[0.33178,0.788488],[0.350615,0.755004],[0.519225,0.863425],[0.243157,0.848696],[0.464677,0.319862]]"
47362beac8d5403d4a00083c,frames/47362beac8d5403d4a00083c.png,"[[0.448441,0.337778],[0.392212,0.561225],[0.444031,0.608267],[0.598385,0.435781],[0.569719,0.73567],[0.657062,0.466878],[0.717516,0.498224],[0.587792,0.126548],[0.713667,0.418943],[0.759078,0.448966]]"
4743acc52a1fb2ba2def963c,frames/4743acc52a1fb2ba2def963c.png,"[[0.295906,0.710361],[0.53178,0.3277],[0.414292,0.225657],[0.72909,0.676878],[0.743157,0.421128],[0.843516,0.249137],[0.764965,0.455254],[0.77842,0.04982],[0.538817,0.112509],[0.787386,0.069404],[0.408014,0.169852],[0.461826,0.955556],[0.560193,0.432749],[0.321916,0.362778],[0.399045,0.294217],[0.230435,0.455254],[0.225951,0.694417],[0.322812,0.735871],[0.339852,0.43931],[0.537009,0.364869],[0.418564,0.955556],[0.607534,0.319862],[0.42851,0.435594],[0.419469,0.397018],[0.617479,0.260389],[0.898672,0.787614],[0.352561,0.498283],[0.506268,0.533646],[0.427605,0.40184],[0.481855,0.456492],[0.043338,0.933888],[0.582217,0.715282],[0.568655,0.385765],[0.624712,0.382551],[0.617479,0.260389],[0.571367,0.31504],[0.405002,0.85191],[0.53178,0.821969],[0.514741,0.955556],[0.496803,0.420176]]"
47a4dd0f33584ac4c0533218,frames/47a4dd0f33584ac4c0533218.png,"[[0.427745,0.643394],[0.315638,0.955556],[0.396355,0.933579],[0.63761,0.12202],[0.509359,0.627451],[0.2977,0.885747],[0.181108,0.3564],[0.614292,0.743843],[0.707566,0.118831],[0.339852,0.802838],[0.564068,0.562079],[0.4977,0.310161],[0.48335,0.533381],[0.4977,0.372343],[0.590973,0.240007],[0.521916,0.444093],[0.439404,0.578024],[0.37483,0.334078],[0.472588,0.43931],[0.399045,0.377126]]"
47bafb8a7d2cd395f3ec8140,frames/47bafb8a7d2cd395f3ec8140.png,"[[0.445134,0.341698],[0.392212,0.551425],[0.436314,0.614146],[0.606104,0.443621],[0.579641,0.692549],[0.659578,0.466878],[0.721292,0.500463],[0.59787,0.11983],[0.708698,0.419858],[0.751521,0.440009]]"
47d090cad48cd1aecaacdde8,frames/47d090cad48cd1aecaacdde8.png,"[[0.390077,0.794865],[0.43492,0.354806],[0.730884,0.676878],[0.740445,0.421128],[0.765762,0.252351],[0.769449,0.464819],[0.784748,0.044444],[0.484568,0.064287],[0.895008,0.063026],[0.199045,0.094915],[0.728359,0.739703],[0.538059,0.721522],[0.386489,0.681661],[0.116534,0.842697],[0.242095,0.544542],[0.274803,0.382551],[0.562326,0.276462],[0.802832,0.731356],[0.286557,0.949961],[0.562326,0.276462],[0.553284,0.498283],[0.863617,0.955556],[0.395458,0.281461],[0.506669,0.044444],[0.396355,0.399449],[0.536265,0.839508],[0.399942,0.544542],[0.305772,0.576429],[0.55779,0.546135],[0.357986,0.540075],[0.393248,0.282893],[0.480047,0.409876],[0.603012,0.787614],[0.44388,0.803689],[0.488184,0.551328],[0.479143,0.200915],[0.468293,0.490246],[0.610246,0.29736],[0.554188,0.376121],[0.525255,0.292538],[0.470102,0.326292],[0.324532,0.955556]]"
481c7766d04fef9a41fc236d,frames/481c7766d04fef9a41fc236d.png,"[[0.197252,0.3277],[0.218777,0.413799],[0.425055,0.378721],[0.17214,0.660933],[0.21788,0.890531],[0.216086,0.472792],[0.862719,0.885747],[0.385592,0.528597],[0.516534,0.869803],[0.477072,0.348428],[0.535368,0.472792],[0.576623,0.860236],[0.458238,0.394665],[0.707566,0.247979],[0.738955,0.581212],[0.036714,0.450471],[0.962273,0.192174]]"
484a1978bfb924b843ca557a,frames/484a1978bfb924b843ca557a.png,"[[0.44927,0.638611],[0.302184,0.621074],[0.755996,0.225657],[0.480659,0.055054],[0.581108,0.10767],[0.087835,0.590779],[0.171243,0.487142],[0.161377,0.61629],[0.686938,0.702389],[0.107566,0.688039],[0.081557,0.955556],[0.22057,0.888936],[0.416983,0.533381]]"
485dbe62f77219d394c9dc41,frames/485dbe62f77219d394c9dc41.png,"[[0.645724,0.312386],[0.591568,0.247455],[0.459329,0.180284],[0.357314,0.218347],[0.36613,0.265367],[0.55001,0.216108],[0.494593,0.155655],[0.555047,0.408663],[0.536155,0.858706],[0.400134,0.292234]]"
48c931f85c4c969ad33f370f,frames/48c931f85c4c969ad33f370f.png,"[[0.103978,0.289433],[0.196355,0.271896],[0.659135,0.044444],[0.540749,0.904879],[0.57483,0.807621],[0.770346,0.520625],[0.042095,0.896908],[0.676175,0.141153],[0.323709,0.450471],[0.524606,0.058243],[0.601736,0.173041],[0.814289,0.305378],[0.156893,0.227251],[0.859133,0.75341],[0.62057,0.668906],[0.74344,0.044444],[0.883352,0.066215],[0.897703,0.255951],[0.43761,0.951118],[0.928195,0.326106],[0.530884,0.044444]]"
48ec23fe038dde569cd96735,frames/48ec23fe038dde569cd96735.png,"[[0.693216,0.240007],[0.642991,0.133181],[0.17752,0.365967],[0.362274,0.399449],[0.869898,0.388288],[0.163171,0.834725],[0.489628,0.629046],[0.861828,0.707172],[0.303081,0.694417],[0.521916,0.348428],[0.65196,0.468008],[0.027745,0.668906],[0.288731,0.283056],[0.573934,0.399449],[0.115638,0.836319],[0.720122,0.431338],[0.579505,0.528824],[0.493609,0.551328],[0.556901,0.461314],[0.42851,0.675097],[0.310065,0.388981],[0.479143,0.123761],[0.125616,0.101257],[0.878867,0.099698],[0.450166,0.338861],[0.576623,0.270301]]"
4904a93e8898c94866162492,frames/4904a93e8898c94866162492.png,"[[0.198148,0.334078],[0.211602,0.412204],[0.234023,0.546135],[0.181108,0.668906],[0.235816,0.922418],[0.279762,0.472792],[0.408014,0.361183],[0.379314,0.397854],[0.869898,0.946335],[0.442095,0.350022],[0.432229,0.483953],[0.507566,0.852264],[0.506669,0.278274],[0.495009,0.43931],[0.539852,0.523814],[0.556893,0.81081],[0.491422,0.495114],[0.673485,0.852264],[0.590077,0.233629],[0.687834,0.270301],[0.695906,0.617885]]"
491a60604248b39985ad6ff4,frames/491a60604248b39985ad6ff4.png,"[[0.435399,0.628087],[0.483258,0.3706],[0.493333,0.518375],[0.594089,0.247455],[0.665875,0.867661],[0.643208,0.155655],[0.688547,0.231781],[0.625573,0.379556],[0.74774,0.773623],[0.692328,0.782579]]"
492e628ceb9986773596fa29,frames/492e628ceb9986773596fa29.png,"[[0.975,0.489079],[0.706991,0.496676],[0.717841,0.601157],[0.899578,0.570617],[0.182005,0.874586],[0.952922,0.726533],[0.025951,0.638611],[0.209077,0.718646],[0.975,0.740654],[0.380211,0.678472],[0.326399,0.555701],[0.869898,0.60194],[0.37483,0.595562],[0.904875,0.536569],[0.425798,0.445239],[0.353305,0.654556],[0.460032,0.420176],[0.680659,0.673689],[0.546051,0.622053],[0.485144,0.565268],[0.414292,0.498303],[0.679762,0.705578],[0.047476,0.350022],[0.564965,0.432932],[0.397252,0.338861],[0.352409,0.303783],[0.322812,0.383504],[0.286041,0.528597],[0.292319,0.468008],[0.953305,0.150719],[0.827742,0.511058],[0.810703,0.705578],[0.269898,0.365967],[0.115638,0.644989],[0.831336,0.423365],[0.153305,0.43931],[0.14613,0.566862],[0.090525,0.276679],[0.914742,0.648178]]"
4941c788c6302d775af95640,frames/4941c788c6302d775af95640.png,"[[0.560083,0.632565],[0.47822,0.798252],[0.47948,0.157894],[0.367389,0.813925],[0.391318,0.267606],[0.505928,0.272083],[0.481998,0.225064],[0.532376,0.422097],[0.686031,0.513897],[0.425323,0.216108]]"
495c47c23c232de13086b72c,frames/495c47c23c232de13086b72c.png,"[[0.455548,0.890531],[0.752409,0.933579],[0.610705,0.475981],[0.891422,0.676878],[0.929094,0.523814],[0.781108,0.365967],[0.495906,0.351617],[0.202633,0.716739],[0.844789,0.743843],[0.595458,0.211307],[0.379314,0.137964],[0.477969,0.278274],[0.692319,0.109264],[0.441198,0.468008]]"
497050b8728e0f3d1619b7c0,frames/497050b8728e0f3d1619b7c0.png,"[[0.355996,0.778921],[0.428641,0.345239],[0.730884,0.676878],[0.743157,0.424343],[0.76757,0.239493],[0.769449,0.464819],[0.783845,0.044444],[0.53068,0.064287],[0.900391,0.063026],[0.227745,0.063026],[0.699581,0.683749],[0.457341,0.732682],[0.351512,0.576429],[0.166759,0.794865],[0.211602,0.58759],[0.270795,0.362778],[0.574984,0.332722],[0.83357,0.737785],[0.292886,0.85834],[0.57408,0.332722],[0.56323,0.46935],[0.858234,0.955556],[0.395458,0.281461],[0.363171,0.919229],[0.459135,0.345239],[0.523709,0.044444],[0.295906,0.904879],[0.40622,0.394665],[0.515637,0.751815],[0.378417,0.644989],[0.269001,0.578024],[0.545234,0.625857],[0.310065,0.62366],[0.397769,0.279678],[0.45021,0.596335],[0.585834,0.835836],[0.40681,0.607586],[0.469197,0.51275],[0.480047,0.305396],[0.558709,0.419521],[0.569559,0.382551],[0.542434,0.348796]]"
49a009311b46f8c5bf358465,frames/49a009311b46f8c5bf358465.png,"[[0.322049,0.413142],[0.573938,0.831837],[0.327086,0.522853],[0.623057,0.838555],[0.54749,0.146699],[0.660839,0.175806],[0.774188,0.466878],[0.576458,0.388512],[0.425323,0.619131],[0.727589,0.531809]]"
49ee1790f19320fa51e52c26,frames/49ee1790f19320fa51e52c26.png,"[[0.150615,0.534975],[0.11205,0.885747],[0.242991,0.632235],[0.199045,0.41061],[0.128193,0.696011],[0.607117,0.187392],[0.547924,0.232035],[0.431332,0.672094],[0.583798,0.153908],[0.698597,0.735871],[0.734471,0.133181],[0.767655,0.365967],[0.793664,0.185797],[0.648373,0.480764],[0.815188,0.165069],[0.19187,0.747032],[0.446579,0.624262],[0.734471,0.227251],[0.185592,0.55889],[0.975,0.841103],[0.53178,0.955556],[0.103081,0.955556],[0.25196,0.777326],[0.326399,0.694417],[0.640301,0.110859],[0.315638,0.064621],[0.548821,0.05346]]"
4a098ecd60f9d7496acb2807,frames/4a098ecd60f9d7496acb2807.png,"[[0.499631,0.657194],[0.348497,0.762428],[0.505552,0.155568],[0.527339,0.863183],[0.382502,0.265367],[0.442956,0.287756],[0.484517,0.227303],[0.421545,0.594502],[0.625573,0.247455],[0.435399,0.187001]]"
4a236a8cd460c1ab5b7fcf4e,frames/4a236a8cd460c1ab5b7fcf4e.png,"[[0.851656,0.429165],[0.584025,0.448454],[0.579505,0.665453],[0.798311,0.659022],[0.939359,0.421128],[0.897766,0.557757],[0.241198,0.845886],[0.025,0.357514],[0.858891,0.652593],[0.090525,0.742249],[0.308462,0.61629],[0.951508,0.946335],[0.441198,0.742249],[0.392767,0.461631],[0.869898,0.60194],[0.469001,0.566862],[0.750615,0.600346],[0.37426,0.353618],[0.34344,0.775732],[0.622364,0.394665],[0.736265,0.702389],[0.414948,0.66706],[0.386489,0.565268],[0.290525,0.475981],[0.79187,0.727899],[0.055548,0.343644],[0.402633,0.442499],[0.274382,0.409015],[0.310256,0.278274],[0.226848,0.41061],[0.112947,0.55889],[0.121019,0.442499],[0.860031,0.289433],[0.923711,0.512653],[0.943437,0.600346],[0.064516,0.461631],[0.026848,0.61629],[0.973039,0.370749]]"
4a4fac181dd0155e1d46f080,frames/4a4fac181dd0155e1d46f080.png,"[[0.422364,0.614696],[0.327296,0.908068],[0.386489,0.933579],[0.63761,0.169852],[0.496803,0.590779],[0.2977,0.900097],[0.185592,0.3564],[0.594561,0.705578],[0.729987,0.129992],[0.425951,0.72471],[0.55779,0.57324],[0.494113,0.311756],[0.514741,0.514247],[0.498597,0.372343],[0.59187,0.225657],[0.57214,0.442499],[0.416983,0.565268],[0.395458,0.334078],[0.459135,0.42496],[0.920125,0.174636]]"
4a737ae72a45ebd1e00a9117,frames/4a737ae72a45ebd1e00a9117.png,"[[0.456809,0.135504],[0.571417,0.616892],[0.459329,0.238498],[0.468145,0.195957],[0.397616,0.245215],[0.674693,0.3706],[0.63313,0.267606],[0.571417,0.419858],[0.522301,0.858706],[0.557568,0.207152]]"
4a79015a71da4c5ebaacb93b,frames/4a79015a71da4c5ebaacb93b.png,"[[0.025,0.756599],[0.162274,0.570051],[0.303978,0.466414],[0.643888,0.158691],[0.390077,0.643394],[0.604427,0.450471],[0.575727,0.047082],[0.660929,0.247979],[0.72909,0.676878],[0.555996,0.223419],[0.820914,0.225026],[0.77214,0.455254],[0.812781,0.126975],[0.676249,0.355225],[0.363171,0.533381],[0.495009,0.423365],[0.382005,0.844292],[0.633126,0.517436],[0.596684,0.242708],[0.458347,0.324685],[0.563171,0.475981],[0.433126,0.668906],[0.457341,0.322917],[0.204427,0.247979],[0.576623,0.292622],[0.421467,0.743843],[0.504875,0.581212],[0.43761,0.614696],[0.458238,0.345239],[0.395458,0.584401],[0.569449,0.584401],[0.526399,0.570051],[0.433126,0.554107],[0.560193,0.41996],[0.545804,0.662965],[0.620445,0.774875],[0.53861,0.43115],[0.673502,0.955556]]"
4a92f6c331998da42b3acf9e,frames/4a92f6c331998da42b3acf9e.png,"[[0.057341,0.416988],[0.029539,0.729493],[0.138059,0.936768],[0.214292,0.43931],[0.333574,0.651367],[0.375727,0.817186],[0.410705,0.76776],[0.435816,0.710361],[0.434023,0.303783],[0.365862,0.633829],[0.57483,0.332483],[0.486041,0.539758],[0.523709,0.668906],[0.421467,0.522219],[0.553305,0.343644],[0.664516,0.249574],[0.54344,0.499897],[0.558687,0.705578],[0.621467,0.069404],[0.725502,0.468008],[0.729987,0.672094],[0.527967,0.1977],[0.791078,0.242708],[0.769449,0.447282],[0.853461,0.168768],[0.453754,0.534975],[0.037009,0.927457],[0.546955,0.388981],[0.493609,0.71046],[0.306669,0.839508],[0.425798,0.400232],[0.479143,0.742607],[0.58945,0.515965],[0.621096,0.250744],[0.504459,0.466136],[0.463772,0.798867]]"
4a97546c424373a94fc30527,frames/4a97546c424373a94fc30527.png,"[[0.66462,0.408663],[0.481998,0.3706],[0.497112,0.473594],[0.580234,0.272083],[0.629354,0.787056],[0.357314,0.807208],[0.618021,0.590023],[0.533636,0.80273],[0.411469,0.912442],[0.648245,0.704213]]"
4aa0a30dcdd38761bc72b20e,frames/4aa0a30dcdd38761bc72b20e.png,"[[0.55001,0.637043],[0.430361,0.798252],[0.473182,0.155655],[0.400134,0.851988],[0.386281,0.258649],[0.474442,0.289995],[0.483258,0.220586],[0.510966,0.469117],[0.687286,0.397469],[0.430361,0.218347]]"
4aa2d59676c76b9de3be6830,frames/4aa2d59676c76b9de3be6830.png,"[[0.445474,0.310146],[0.481998,0.3706],[0.495853,0.520614],[0.59787,0.251932],[0.654542,0.876618],[0.68099,0.330298],[0.727589,0.417619],[0.630615,0.390751],[0.696104,0.585545],[0.658323,0.807208]]"
4aa30e01df6f5864f18f81f7,frames/4aa30e01df6f5864f18f81f7.png,"[[0.441826,0.602386],[0.494748,0.821913],[0.754948,0.757231],[0.484825,0.308377],[0.546568,0.565145],[0.606682,0.417619],[0.701141,0.594502],[0.648245,0.106396],[0.713734,0.422097],[0.756557,0.433293]]"
4aae8e543d041eb3a250847d,frames/4aae8e543d041eb3a250847d.png,"[[0.195458,0.322917],[0.21788,0.413799],[0.171243,0.662528],[0.19187,0.888936],[0.153305,0.475981],[0.852859,0.885747],[0.435816,0.633829],[0.515637,0.868208],[0.488731,0.3277],[0.512947,0.416988],[0.582902,0.855453],[0.496803,0.377126],[0.692319,0.295811],[0.782005,0.576429],[0.115638,0.338861],[0.928195,0.128398]]"
4ae464bd3b173860f1c2ccb1,frames/4ae464bd3b173860f1c2ccb1.png,"[[0.324606,0.621074],[0.593664,0.362778],[0.530884,0.128398],[0.728193,0.676878],[0.729595,0.419521],[0.847133,0.286107],[0.764965,0.45366],[0.760337,0.057857],[0.633754,0.287715],[0.752409,0.083754],[0.526159,0.337544],[0.347027,0.17623],[0.341646,0.764571],[0.654617,0.525475],[0.643826,0.678951],[0.371243,0.644989],[0.359584,0.721522],[0.429538,0.316539],[0.688731,0.287839],[0.485144,0.629046],[0.478866,0.858642],[0.268104,0.490331],[0.447476,0.841103],[0.561377,0.348428],[0.464516,0.762976],[0.516534,0.461631],[0.416086,0.705578],[0.445682,0.735871],[0.440301,0.542947],[0.440301,0.287839],[0.503081,0.6992],[0.398148,0.394665],[0.394152,0.752251],[0.446593,0.646164],[0.47643,0.361656],[0.489088,0.911383],[0.473718,0.955556]]"
4afc846ed73c2da692bd128d,frames/4afc846ed73c2da692bd128d.png,"[[0.735368,0.858642],[0.84568,0.842697],[0.077969,0.047082],[0.503978,0.691228],[0.440301,0.480764],[0.933578,0.380315],[0.311153,0.576429],[0.320122,0.678472],[0.872586,0.047082],[0.256445,0.233629],[0.765862,0.214496],[0.695906,0.091726]]"
4b0300ff975cdfca2acae72d,frames/4b0300ff975cdfca2acae72d.png,"[[0.76048,0.863425],[0.818773,0.908068],[0.521019,0.821969],[0.181108,0.044444],[0.117431,0.831536],[0.564965,0.468008],[0.703081,0.935174],[0.432229,0.511058],[0.145234,0.621074],[0.79187,0.208118],[0.041198,0.665717],[0.332677,0.65615]]"
4b4fef58f94be8c45d1f8419,frames/4b4fef58f94be8c45d1f8419.png,"[[0.589052,0.070572],[0.480739,0.372839],[0.493333,0.487029],[0.580234,0.238498],[0.635651,0.778101],[0.417767,0.791535],[0.720031,0.442248],[0.542452,0.637043],[0.441696,0.928115],[0.653281,0.726604]]"
4b51799124081c8880c30d06,frames/4b51799124081c8880c30d06.png,"[[0.077072,0.169852],[0.622364,0.044444],[0.625951,0.935174],[0.787386,0.721522],[0.102184,0.651367],[0.842094,0.550918],[0.57483,0.397854],[0.89232,0.660933],[0.924609,0.362778],[0.975,0.332483],[0.900391,0.184203],[0.349718,0.270301],[0.113844,0.399449],[0.22057,0.955556],[0.739852,0.310161],[0.552409,0.198551],[0.207117,0.431338],[0.204427,0.126803],[0.373037,0.483953],[0.522812,0.153908]]"
4b8a1279dc6379c8a5ebbaa2,frames/4b8a1279dc6379c8a5ebbaa2.png,"[[0.539933,0.146699],[0.544971,0.500463],[0.471923,0.18924],[0.397616,0.218347],[0.371167,0.236259],[0.570161,0.251932],[0.568901,0.187001],[0.563865,0.401946],[0.521041,0.858706],[0.514744,0.247455]]"
4ba94ba7680da42a666ab326,frames/4ba94ba7680da42a666ab326.png,"[[0.026848,0.751815],[0.138955,0.58759],[0.371243,0.955556],[0.40353,0.509464],[0.640301,0.236818],[0.476175,0.635422],[0.601736,0.3277],[0.539852,0.295811],[0.429538,0.397854],[0.573934,0.063026],[0.677969,0.275085],[0.72909,0.676878],[0.558709,0.229849],[0.822727,0.221811],[0.77214,0.455254],[0.816391,0.141442],[0.642795,0.356833],[0.322812,0.61629],[0.430318,0.955556],[0.390535,0.744215],[0.432127,0.92585],[0.506669,0.531786],[0.341646,0.649772],[0.63492,0.554107],[0.592162,0.250744],[0.432127,0.319862],[0.562274,0.598751],[0.467207,0.528597],[0.433126,0.321322],[0.127296,0.321322],[0.508463,0.271896],[0.53178,0.550918],[0.475279,0.761382],[0.453754,0.498303],[0.458238,0.348428],[0.452857,0.42496],[0.538059,0.858642],[0.552409,0.423365],[0.477072,0.416988],[0.552099,0.365603],[0.510732,0.949136]]"
4bb4ce86fb30c156990c1fca,frames/4bb4ce86fb30c156990c1fca.png,"[[0.437416,0.608267],[0.493645,0.829754],[0.726281,0.763111],[0.488132,0.288776],[0.543259,0.557305],[0.611724,0.428815],[0.701141,0.596741],[0.638172,0.106396],[0.712479,0.413142],[0.760339,0.43777]]"
4bf1e32f73de1e78ed0236ad,frames/4bf1e32f73de1e78ed0236ad.png,"[[0.32079,0.408663],[0.463107,0.811686],[0.3422,0.592263],[0.568901,0.838555],[0.505928,0.18924],[0.604167,0.16685],[0.767891,0.639281],[0.650766,0.605696],[0.717516,0.569872],[0.752781,0.431054]]"
4bfd82a8e5015244de5ed8ba,frames/4bfd82a8e5015244de5ed8ba.png,"[[0.224158,0.350022],[0.296803,0.361183],[0.166759,0.660933],[0.081557,0.672094],[0.694112,0.506275],[0.401736,0.745437],[0.626848,0.542947],[0.167655,0.833131],[0.712947,0.939957],[0.665413,0.343644],[0.639404,0.442499],[0.048373,0.625857],[0.545234,0.499897],[0.120122,0.294217],[0.476175,0.306972]]"
4c0e8e279addf202b4f1df5a,frames/4c0e8e279addf202b4f1df5a.png,"[[0.025,0.431338],[0.461826,0.611507],[0.438507,0.520625],[0.830438,0.887342],[0.333574,0.6705],[0.834023,0.252762],[0.85375,0.169852],[0.764965,0.225657],[0.418777,0.233629],[0.632229,0.203335],[0.610705,0.044444],[0.16048,0.051865]]"
4c0fa7204f1bcd1a6e9d4606,frames/4c0fa7204f1bcd1a6e9d4606.png,"[[0.355099,0.745437],[0.429538,0.345239],[0.730884,0.676878],[0.743157,0.427558],[0.770282,0.233064],[0.769449,0.464819],[0.781132,0.044444],[0.555996,0.044998],[0.890523,0.064621],[0.235816,0.104481],[0.674402,0.646978],[0.418777,0.678472],[0.365862,0.512653],[0.171243,0.721522],[0.170346,0.600346],[0.274382,0.337267],[0.567751,0.342367],[0.831766,0.744215],[0.281132,0.765111],[0.565942,0.350403],[0.572271,0.393803],[0.502651,0.509535],[0.858234,0.955556],[0.416086,0.252762],[0.439404,0.743843],[0.43492,0.316539],[0.539852,0.044444],[0.388283,0.750221],[0.413395,0.383504],[0.282453,0.917635],[0.485144,0.6992],[0.328193,0.747032],[0.269898,0.590779],[0.61788,0.659339],[0.248582,0.707244],[0.414948,0.252351],[0.475527,0.777969],[0.539722,0.912992],[0.455634,0.503106],[0.477334,0.419521],[0.480047,0.324685]]"
4c1d4bf08dbc251a5c5c5639,frames/4c1d4bf08dbc251a5c5c5639.png,"[[0.611724,0.151177],[0.483258,0.3706],[0.490815,0.478073],[0.581495,0.272083],[0.639427,0.75795],[0.41021,0.771383],[0.721292,0.451205],[0.508447,0.699735],[0.439177,0.896769],[0.652026,0.701974]]"
4c3e6bf8c24de8ec83193bde,frames/4c3e6bf8c24de8ec83193bde.png,"[[0.367389,0.778101],[0.47948,0.3706],[0.498371,0.502702],[0.587792,0.249694],[0.631875,0.831837],[0.56512,0.567633],[0.726333,0.446727],[0.570161,0.446727],[0.697365,0.751232],[0.643208,0.773623]]"
4c6d9fe982210dd27d77419f,frames/4c6d9fe982210dd27d77419f.png,"[[0.58918,0.65615],[0.581108,0.531786],[0.180211,0.359589],[0.538955,0.747032],[0.56048,0.044444],[0.144337,0.898503],[0.660032,0.662528],[0.65196,0.055054],[0.780211,0.525408],[0.534471,0.447282],[0.623261,0.428149],[0.443888,0.735871],[0.476175,0.525408],[0.442991,0.416988],[0.390973,0.397854],[0.056444,0.869803],[0.493216,0.311756],[0.42057,0.316539],[0.599942,0.236818]]"
4c71f11f124880b4488286ad,frames/4c71f11f124880b4488286ad.png,"[[0.629354,0.169089],[0.481998,0.3706],[0.493333,0.473594],[0.582755,0.267606],[0.638172,0.762428],[0.413989,0.766906],[0.721292,0.446727],[0.498371,0.708692],[0.436658,0.887813],[0.650766,0.704213]]"
4c77d1b6bcb2d372e2675bf5,frames/4c77d1b6bcb2d372e2675bf5.png,"[[0.590312,0.090723],[0.480739,0.372839],[0.495853,0.487029],[0.578974,0.258649],[0.634391,0.766906],[0.411469,0.766906],[0.717516,0.43777],[0.533636,0.648238],[0.437918,0.912442],[0.654542,0.717647]]"
4c80597850d2568cfbd5bf60,frames/4c80597850d2568cfbd5bf60.png,"[[0.19187,0.337267],[0.213395,0.416988],[0.364965,0.523814],[0.175727,0.659339],[0.230435,0.917635],[0.291422,0.45366],[0.465413,0.338861],[0.344337,0.354806],[0.863617,0.896908],[0.402633,0.509464],[0.513844,0.847481],[0.443888,0.423365],[0.541646,0.522219],[0.566759,0.831536],[0.446579,0.483953],[0.698597,0.233629],[0.708462,0.595562],[0.025,0.566862]]"
4c827e897ef268099b01a1f7,frames/4c827e897ef268099b01a1f7.png,"[[0.652026,0.352688],[0.599125,0.272083],[0.458069,0.187001],[0.345058,0.230818],[0.354794,0.28104],[0.542452,0.21163],[0.502149,0.16685],[0.560083,0.399707],[0.538673,0.863183],[0.407691,0.307907]]"
4cb0988579cb42a8b93ef258,frames/4cb0988579cb42a8b93ef258.png,"[[0.851062,0.716739],[0.17483,0.609912],[0.047476,0.705578],[0.866312,0.603535],[0.122812,0.705578],[0.748582,0.506321],[0.638275,0.397018],[0.032229,0.517436],[0.561377,0.707172],[0.958687,0.721522],[0.839406,0.576429],[0.677969,0.45366],[0.411602,0.499897],[0.224158,0.584401],[0.507566,0.25914],[0.535368,0.445687],[0.554202,0.55889],[0.784695,0.589185],[0.621467,0.57324],[0.54344,0.472792],[0.460032,0.370749],[0.692319,0.3277],[0.516534,0.606724],[0.402633,0.343644],[0.355099,0.514247],[0.579314,0.691228],[0.355996,0.343644],[0.677072,0.42496],[0.444785,0.58759],[0.739852,0.688039],[0.717431,0.394665],[0.025,0.240007],[0.85375,0.635422],[0.262723,0.423365],[0.137162,0.625857],[0.830438,0.431338],[0.068104,0.416988],[0.14613,0.562079],[0.093067,0.276462],[0.975,0.49989]]"
4cb4b8efa2119deba8895410,frames/4cb4b8efa2119deba8895410.png,"[[0.580234,0.634804],[0.480739,0.368361],[0.493333,0.478073],[0.575198,0.276561],[0.662099,0.717647],[0.309454,0.742277],[0.600385,0.80273],[0.539933,0.87214],[0.339681,0.838555],[0.660839,0.645999]]"
4d021b0e15359741240a852a,frames/4d021b0e15359741240a852a.png,"[[0.529857,0.115352],[0.47948,0.3706],[0.494593,0.489268],[0.581495,0.247455],[0.635651,0.782579],[0.459329,0.822881],[0.718776,0.426576],[0.560083,0.616892],[0.474442,0.952744],[0.650766,0.751232]]"
4d05742554c3ba789439d6c3,frames/4d05742554c3ba789439d6c3.png,"[[0.289628,0.740654],[0.526399,0.332483],[0.404427,0.255951],[0.72909,0.676878],[0.743157,0.427558],[0.830859,0.244315],[0.769449,0.45366],[0.776611,0.04982],[0.548763,0.094828],[0.799942,0.075782],[0.390973,0.203335],[0.552998,0.439143],[0.333574,0.338861],[0.393664,0.295811],[0.223261,0.447282],[0.223261,0.676878],[0.205323,0.81081],[0.329987,0.45366],[0.54153,0.369692],[0.598492,0.270033],[0.407714,0.433988],[0.637371,0.252351],[0.895961,0.776362],[0.333573,0.514357],[0.457443,0.454883],[0.421277,0.40184],[0.484568,0.416307],[0.065942,0.955556],[0.528872,0.580261],[0.575888,0.419521],[0.623809,0.393803],[0.637371,0.250744],[0.577696,0.290929],[0.357081,0.81494],[0.596355,0.721522],[0.573037,0.841103],[0.517431,0.490331],[0.921914,0.955556],[0.515637,0.853858]]"
4d1fe12d69b8a164de2d1e55,frames/4d1fe12d69b8a164de2d1e55.png,"[[0.665875,0.706453],[0.481998,0.368361],[0.497112,0.478073],[0.556307,0.267606],[0.749,0.57435],[0.32079,0.693019],[0.293082,0.466878],[0.602906,0.851988],[0.437918,0.115352],[0.669656,0.59898]]"
4d2b2e16d6033a9cada09a70,frames/4d2b2e16d6033a9cada09a70.png,"[[0.31827,0.737798],[0.353535,0.717647],[0.465626,0.247455],[0.521424,0.259036],[0.516004,0.563156],[0.586531,0.798252],[0.620536,0.240737],[0.59787,0.298952],[0.673432,0.446727],[0.678474,0.543005]]"
4d58a89b74843c81980c0564,frames/4d58a89b74843c81980c0564.png,"[[0.668396,0.713169],[0.481998,0.372839],[0.494593,0.478073],[0.400134,0.251932],[0.754036,0.578829],[0.288044,0.498224],[0.335903,0.260888],[0.607943,0.843032],[0.381243,0.137743],[0.660839,0.596741]]"
4d61e543fc846c8d7e389c80,frames/4d61e543fc846c8d7e389c80.png,"[[0.025,0.742249],[0.208911,0.624262],[0.252857,0.643394],[0.60353,0.083754],[0.252857,0.809215],[0.508463,0.888936],[0.587386,0.044444],[0.635816,0.198551],[0.72909,0.676878],[0.560517,0.229849],[0.836289,0.236278],[0.77214,0.447282],[0.78927,0.096435],[0.655454,0.397018],[0.442991,0.314944],[0.645682,0.468008],[0.596684,0.252351],[0.281556,0.088537],[0.550615,0.45366],[0.43761,0.370749],[0.257341,0.955556],[0.492747,0.774875],[0.572783,0.487106],[0.366848,0.91876],[0.664509,0.81804],[0.397423,0.397576],[0.440588,0.648576],[0.582675,0.376793],[0.707566,0.955556],[0.044785,0.828347],[0.527296,0.329294],[0.527296,0.461631],[0.486041,0.955556]]"
4dbb3cca8c103ddc959c967e,frames/4dbb3cca8c103ddc959c967e.png,"[[0.025,0.691228],[0.316534,0.58759],[0.618777,0.350022],[0.634023,0.088537],[0.728193,0.676878],[0.675345,0.305396],[0.832672,0.270033],[0.766759,0.450471],[0.758528,0.069109],[0.651838,0.340758],[0.724606,0.129992],[0.568655,0.252351],[0.183798,0.203335],[0.321916,0.821969],[0.373934,0.890531],[0.669905,0.589424],[0.592567,0.763685],[0.616848,0.399175],[0.347924,0.609912],[0.462723,0.614696],[0.495906,0.774138],[0.503081,0.888936],[0.632229,0.778921],[0.367655,0.525408],[0.435816,0.316539],[0.421467,0.45366],[0.598148,0.450471],[0.464516,0.488736],[0.435816,0.603535],[0.513844,0.472792],[0.434023,0.365967],[0.401736,0.416988],[0.594561,0.762976],[0.45196,0.922418],[0.427745,0.896908],[0.472588,0.946335],[0.102184,0.955556]]"
4de5cbad44e800bd03961f3f,frames/4de5cbad44e800bd03961f3f.png,"[[0.582755,0.641521],[0.47948,0.372839],[0.495853,0.478073],[0.576458,0.276561],[0.665875,0.726604],[0.308195,0.742277],[0.601646,0.811686],[0.534895,0.874379],[0.347238,0.831837],[0.660839,0.645999]]"
4e0448c60367839d3a4ca730,frames/4e0448c60367839d3a4ca730.png,"[[0.333384,0.39299],[0.573938,0.827359],[0.315752,0.487029],[0.623057,0.84751],[0.589052,0.184762],[0.663359,0.178044],[0.765375,0.466878],[0.542452,0.359405],[0.419026,0.560917],[0.723812,0.558678]]"
4e076b1d9155fcb0fe73392f,frames/4e076b1d9155fcb0fe73392f.png,"[[0.675953,0.220586],[0.480739,0.368361],[0.493333,0.480312],[0.581495,0.278801],[0.636911,0.751232],[0.405172,0.771383],[0.717516,0.448966],[0.50089,0.722125],[0.439177,0.867661],[0.653281,0.697496]]"
4e275b823098954217c1561b,frames/4e275b823098954217c1561b.png,"[[0.902187,0.442499],[0.865414,0.60194],[0.878867,0.181013],[0.464516,0.590779],[0.183798,0.475981],[0.448373,0.643394],[0.564965,0.727899],[0.720122,0.501492],[0.850164,0.68485],[0.898594,0.627451],[0.457341,0.533381],[0.195458,0.632235],[0.866312,0.271896],[0.719225,0.743843],[0.185592,0.362778],[0.515637,0.727899],[0.852859,0.43931],[0.530884,0.624262],[0.456445,0.41061],[0.77752,0.665717],[0.586489,0.668906],[0.462723,0.472792],[0.145234,0.461631],[0.686938,0.821969],[0.529987,0.283056],[0.310256,0.405826],[0.675279,0.554107],[0.262723,0.405826],[0.523709,0.523814],[0.157262,0.384158],[0.763171,0.468008],[0.807117,0.354806],[0.755099,0.81081],[0.912047,0.255951],[0.0977,0.638611],[0.923711,0.721522],[0.086938,0.506275],[0.876172,0.386693],[0.089628,0.421771],[0.960477,0.589185],[0.23492,0.955556]]"
4e3516e22fec024353cc1688,frames/4e3516e22fec024353cc1688.png,"[[0.48703,0.72587],[0.533336,0.847394],[0.585156,0.914036],[0.571927,0.500463],[0.467184,0.4201],[0.415248,0.569872],[0.645724,0.605696],[0.779229,0.245215],[0.730109,0.406424],[0.764115,0.448966]]"
4e61dfd1f185e655d209a912,frames/4e61dfd1f185e655d209a912.png,"[[0.028642,0.740654],[0.139852,0.581212],[0.37752,0.951118],[0.435816,0.517436],[0.63761,0.252762],[0.496803,0.644989],[0.588283,0.305378],[0.533574,0.289433],[0.415189,0.450471],[0.57214,0.059837],[0.679762,0.278274],[0.72909,0.676878],[0.566846,0.226633],[0.822727,0.221811],[0.77214,0.455254],[0.820914,0.147872],[0.628329,0.356833],[0.296803,0.632235],[0.39596,0.916206],[0.431223,0.6542],[0.419469,0.893703],[0.495009,0.555701],[0.338059,0.638611],[0.635816,0.593968],[0.591259,0.25396],[0.432127,0.319862],[0.558687,0.598751],[0.475279,0.520625],[0.431332,0.318133],[0.099494,0.334078],[0.502184,0.289433],[0.532677,0.531786],[0.487834,0.801243],[0.486041,0.455254],[0.459135,0.348428],[0.468104,0.41061],[0.538059,0.951118]]"
4ed86277b54c02df7691b8c6,frames/4ed86277b54c02df7691b8c6.png,"[[0.876977,0.422736],[0.622,0.488639],[0.61115,0.657415],[0.825437,0.628482],[0.964961,0.436121],[0.937555,0.570617],[0.224158,0.849075],[0.891438,0.689564],[0.08066,0.702389],[0.295009,0.638611],[0.951508,0.868208],[0.427745,0.756599],[0.383798,0.479169],[0.869898,0.60194],[0.450166,0.57324],[0.790937,0.5738],[0.396864,0.360047],[0.347027,0.783704],[0.593664,0.354806],[0.71205,0.688039],[0.441168,0.650986],[0.409808,0.565268],[0.327296,0.450471],[0.763171,0.740654],[0.056444,0.340456],[0.446579,0.472792],[0.300391,0.378721],[0.306669,0.295811],[0.248373,0.373938],[0.139852,0.565268],[0.173037,0.455254],[0.869898,0.262329],[0.911156,0.488736],[0.927297,0.633829],[0.104875,0.416988],[0.04927,0.606724],[0.945234,0.362778],[0.025,0.420176]]"
4edb2c7031b03982b5610a71,frames/4edb2c7031b03982b5610a71.png,"[[0.149718,0.416988],[0.169449,0.667311],[0.304875,0.43931],[0.59187,0.483953],[0.23761,0.812403],[0.538059,0.461631],[0.140749,0.955556],[0.559584,0.262329],[0.616086,0.401043],[0.458238,0.350022],[0.310256,0.718333],[0.168552,0.778921],[0.431332,0.917635],[0.41788,0.321322],[0.486937,0.110859]]"
4edfa25f48d6bdca3404a19d,frames/4edfa25f48d6bdca3404a19d.png,"[[0.9475,0.456492],[0.675345,0.491854],[0.685291,0.609193],[0.87607,0.591512],[0.186489,0.871397],[0.942977,0.737785],[0.036714,0.637017],[0.222364,0.696011],[0.975,0.764571],[0.39187,0.702389],[0.349718,0.528597],[0.871688,0.598751],[0.408911,0.598751],[0.876172,0.550918],[0.418564,0.433988],[0.356893,0.694417],[0.484247,0.391476],[0.686041,0.683256],[0.502651,0.649378],[0.454651,0.554107],[0.383798,0.487142],[0.706669,0.732682],[0.050166,0.350022],[0.535368,0.483953],[0.363171,0.359589],[0.335368,0.306972],[0.298597,0.350022],[0.252857,0.546135],[0.251063,0.455254],[0.931781,0.177824],[0.866312,0.506275],[0.848375,0.705578],[0.231332,0.361183],[0.104875,0.605129],[0.867203,0.399449],[0.105772,0.431338],[0.11205,0.534975],[0.067207,0.260735],[0.951508,0.646583]]"
4f0c4aa740e305a25344b088,frames/4f0c4aa740e305a25344b088.png,"[[0.032229,0.718333],[0.258238,0.657744],[0.384695,0.72471],[0.619673,0.142747],[0.321916,0.853858],[0.248373,0.936768],[0.635816,0.163475],[0.728193,0.676878],[0.590355,0.213775],[0.852562,0.242708],[0.77214,0.447282],[0.772995,0.091613],[0.6437,0.413092],[0.616983,0.442499],[0.604821,0.263604],[0.228641,0.129992],[0.414292,0.542947],[0.46631,0.409015],[0.379438,0.859607],[0.529617,0.370399],[0.660912,0.654971],[0.292207,0.637385],[0.624941,0.31764],[0.71205,0.955556],[0.110256,0.794865],[0.509359,0.316539],[0.507566,0.716739],[0.470795,0.762976],[0.433126,0.707172],[0.62057,0.801243],[0.476175,0.802838],[0.541646,0.468008],[0.588283,0.350022],[0.431332,0.892125]]"
4f11e32ae000ebcba1428cd9,frames/4f11e32ae000ebcba1428cd9.png,"[[0.81368,0.514357],[0.776611,0.755467],[0.975,0.634912],[0.15779,0.863425],[0.025,0.625857],[0.134471,0.761382],[0.321019,0.625857],[0.254651,0.694417],[0.867203,0.603535],[0.270795,0.721522],[0.491801,0.483817],[0.459135,0.576429],[0.388283,0.436121],[0.64927,0.705578],[0.674441,0.562579],[0.607117,0.654556],[0.521916,0.565268],[0.634023,0.702389],[0.044785,0.365967],[0.715637,0.365967],[0.46362,0.306972],[0.387386,0.25914],[0.365862,0.487142],[0.399942,0.589185],[0.43492,0.517436],[0.738955,0.562079],[0.667207,0.632235],[0.356893,0.377126],[0.240301,0.665717],[0.700391,0.464819],[0.280659,0.41061],[0.326399,0.490331],[0.128193,0.338861],[0.792767,0.625857],[0.139852,0.578024],[0.907562,0.445687]]"
4f21b4890e54e597e925e4a4,frames/4f21b4890e54e597e925e4a4.png,"[[0.236713,0.458442],[0.169449,0.665717],[0.145234,0.576429],[0.674382,0.506275],[0.257341,0.831536],[0.581108,0.520625],[0.169449,0.828347],[0.627745,0.372343],[0.628641,0.42496],[0.514741,0.428149],[0.041198,0.128398],[0.40353,0.61629],[0.21788,0.898503]]"
4f46646cf585168165d71900,frames/4f46646cf585168165d71900.png,"[[0.065413,0.173041],[0.625951,0.044444],[0.619673,0.939957],[0.782902,0.751815],[0.091422,0.643394],[0.862719,0.55889],[0.592767,0.405826],[0.903078,0.673689],[0.949719,0.361183],[0.865414,0.192174],[0.358687,0.303783],[0.118328,0.412204],[0.225055,0.955556],[0.74613,0.359589],[0.555996,0.192174],[0.147027,0.455254],[0.200839,0.129992],[0.368552,0.491925],[0.519225,0.169852]]"
4f7edbdd83335c9a9f3cd2ff,frames/4f7edbdd83335c9a9f3cd2ff.png,"[[0.733885,0.637043],[0.481998,0.377318],[0.490815,0.478073],[0.709958,0.350449],[0.75026,0.581068],[0.353535,0.34821],[0.345978,0.276561],[0.602906,0.851988],[0.324568,0.227303],[0.660839,0.605696]]"
4f967e4fd5a2f70a3ee514ff,frames/4f967e4fd5a2f70a3ee514ff.png,"[[0.025,0.756599],[0.164965,0.565268],[0.310256,0.468008],[0.645682,0.158691],[0.409808,0.632235],[0.608911,0.42496],[0.578417,0.047082],[0.665413,0.255951],[0.72909,0.676878],[0.554188,0.220204],[0.820914,0.225026],[0.77214,0.455254],[0.812781,0.128583],[0.675345,0.350403],[0.366759,0.539758],[0.448402,0.955556],[0.493216,0.428149],[0.384695,0.821969],[0.634023,0.522219],[0.596684,0.242708],[0.45473,0.321469],[0.57214,0.503086],[0.45196,0.660933],[0.454651,0.321322],[0.194561,0.260735],[0.568552,0.283056],[0.435816,0.710361],[0.51205,0.584401],[0.442095,0.605129],[0.465413,0.350022],[0.400839,0.566862],[0.567655,0.621074],[0.520122,0.554107],[0.434023,0.531786],[0.560193,0.402374],[0.534113,0.682149],[0.616848,0.798856]]"
4fac621f093343d633d5648e,frames/4fac621f093343d633d5648e.png,"[[0.741443,0.639281],[0.481998,0.377318],[0.490815,0.478073],[0.760339,0.417619],[0.751521,0.57435],[0.349757,0.352688],[0.357314,0.285518],[0.606682,0.851988],[0.308195,0.25641],[0.662099,0.59898]]"
4fc83e075b95957323af148b,frames/4fc83e075b95957323af148b.png,"[[0.025,0.721522],[0.201736,0.617885],[0.358687,0.858642],[0.515637,0.877775],[0.42057,0.389882],[0.62057,0.350022],[0.647476,0.702389],[0.499494,0.665717],[0.597252,0.305378],[0.553305,0.181013],[0.424158,0.633829],[0.599045,0.058243],[0.694112,0.3277],[0.728193,0.672094],[0.555092,0.229849],[0.820914,0.233064],[0.773934,0.45366],[0.825437,0.159123],[0.037913,0.955556],[0.575888,0.379336],[0.545147,0.400232],[0.323709,0.617885],[0.361602,0.519179],[0.461964,0.421128],[0.615671,0.880843],[0.633754,0.316647],[0.438455,0.609193],[0.433935,0.51275],[0.106669,0.880964],[0.605323,0.727899],[0.454651,0.643394],[0.384695,0.643394],[0.564965,0.892125],[0.535201,0.331114],[0.458347,0.366476],[0.435816,0.939957]]"
4ff19fc60ea9f7b0906397aa,frames/4ff19fc60ea9f7b0906397aa.png,"[[0.421545,0.509419],[0.481998,0.368361],[0.495853,0.518375],[0.596609,0.249694],[0.654542,0.892291],[0.659578,0.16685],[0.730109,0.328059],[0.626833,0.39299],[0.765375,0.563156],[0.659578,0.827359]]"
5004d7fcaa2854c8ab230b5e,frames/5004d7fcaa2854c8ab230b5e.png,"[[0.054651,0.544542],[0.173037,0.249574],[0.648373,0.064621],[0.482453,0.632235],[0.631332,0.380315],[0.739852,0.488736],[0.145234,0.137964],[0.834023,0.43931],[0.823258,0.058243],[0.564965,0.169852],[0.963172,0.498303],[0.538955,0.721522],[0.80353,0.192174],[0.03492,0.649772],[0.969445,0.158691],[0.941648,0.21609],[0.492319,0.058243],[0.327296,0.09332],[0.312947,0.751815],[0.755996,0.174636],[0.71205,0.074187],[0.53178,0.044444]]"
500d5cc0da7c41fc44f0a15b,frames/500d5cc0da7c41fc44f0a15b.png,"[[0.063619,0.345239],[0.216983,0.222468],[0.660032,0.044444],[0.595458,0.879369],[0.599045,0.780515],[0.727296,0.499897],[0.06631,0.94474],[0.665413,0.137964],[0.308462,0.421771],[0.527296,0.044444],[0.600839,0.181013],[0.832227,0.254357],[0.155099,0.225657],[0.843891,0.665717],[0.667207,0.756599],[0.736265,0.044444],[0.882453,0.066215],[0.934469,0.142747],[0.445682,0.952712],[0.975,0.354806]]"
5058ef523b9aca061cef3eb8,frames/5058ef523b9aca061cef3eb8.png,"[[0.577696,0.467743],[0.400481,0.462921],[0.483664,0.433988],[0.588546,0.662237],[0.025,0.580261],[0.65455,0.485424],[0.618777,0.58759],[0.337162,0.58759],[0.103013,0.453276],[0.650933,0.668667],[0.047476,0.632235],[0.155099,0.817186],[0.908461,0.455254],[0.758687,0.605129],[0.921914,0.517436],[0.975,0.494546],[0.961062,0.718496],[0.936266,0.595562],[0.489628,0.646583],[0.869742,0.798867],[0.638507,0.659339],[0.616983,0.399449],[0.867203,0.60194],[0.891422,0.790082],[0.627745,0.528597],[0.440301,0.654556],[0.264857,0.385765],[0.288731,0.678472],[0.782005,0.683256],[0.882453,0.729493],[0.250391,0.593119],[0.17752,0.399449],[0.14344,0.550918],[0.9255,0.834725],[0.04927,0.311756],[0.08335,0.412204],[0.046579,0.509464]]"
5092c3e49f9004d692b6c873,frames/5092c3e49f9004d692b6c873.png,"[[0.891422,0.517436],[0.865414,0.60194],[0.839906,0.204131],[0.481556,0.603535],[0.965859,0.487142],[0.225055,0.490331],[0.435816,0.605129],[0.549718,0.621074],[0.698597,0.461631],[0.77752,0.657744],[0.874383,0.609912],[0.465413,0.511058],[0.269001,0.637017],[0.850164,0.271896],[0.668104,0.76776],[0.246579,0.397854],[0.506669,0.691228],[0.832227,0.503086],[0.511153,0.578024],[0.537162,0.372343],[0.719225,0.676878],[0.604427,0.621074],[0.525502,0.445687],[0.112947,0.464819],[0.717431,0.818781],[0.529987,0.275085],[0.243888,0.475981],[0.720122,0.542947],[0.22057,0.428149],[0.482453,0.491925],[0.128329,0.294144],[0.794561,0.41061],[0.842094,0.321322],[0.782902,0.807621],[0.885141,0.252762],[0.068104,0.617885],[0.951508,0.649772],[0.064516,0.487142],[0.942547,0.409015],[0.047476,0.386693]]"
5095f6ac063e565c05fa65d7,frames/5095f6ac063e565c05fa65d7.png,"[[0.601646,0.623608],[0.47948,0.368361],[0.495853,0.487029],[0.575198,0.272083],[0.643208,0.737798],[0.354794,0.782579],[0.563865,0.713169],[0.537414,0.813925],[0.371167,0.903485],[0.652026,0.668389]]"
50c781900d8be84c48157305,frames/50c781900d8be84c48157305.png,"[[0.025,0.688039],[0.327296,0.57324],[0.652857,0.389882],[0.595458,0.088537],[0.728193,0.676878],[0.697949,0.372907],[0.829953,0.270033],[0.764965,0.447282],[0.755816,0.061072],[0.630138,0.292538],[0.733574,0.09332],[0.555996,0.292538],[0.259135,0.203335],[0.330884,0.764571],[0.656416,0.562246],[0.630337,0.8692],[0.686092,0.509488],[0.358687,0.621074],[0.401736,0.798054],[0.476175,0.874586],[0.501288,0.922418],[0.390077,0.624262],[0.427745,0.316539],[0.625951,0.343644],[0.509359,0.654556],[0.441198,0.660933],[0.42057,0.442499],[0.419673,0.598751],[0.57483,0.554107],[0.436713,0.828347],[0.445682,0.710361],[0.486937,0.710361],[0.042095,0.936768],[0.469001,0.332483],[0.426848,0.523814],[0.52909,0.512653],[0.573037,0.420176],[0.53178,0.278274],[0.514741,0.276679],[0.562274,0.955556]]"
50ca1a9046ea70ec51adcbb2,frames/50ca1a9046ea70ec51adcbb2.png,"[[0.152409,0.817186],[0.504875,0.383504],[0.409808,0.555701],[0.475279,0.421771],[0.262723,0.946335],[0.616983,0.413799],[0.424158,0.416988],[0.298597,0.794865],[0.480659,0.740654],[0.367655,0.389882],[0.142543,0.397854],[0.586489,0.351617],[0.525502,0.386693],[0.364068,0.391476]]"
50fadfdd4d2b0b3c2bbcc825,frames/50fadfdd4d2b0b3c2bbcc825.png,"[[0.095906,0.42496],[0.200839,0.326106],[0.639404,0.05346],[0.478866,0.955556],[0.447476,0.845886],[0.8125,0.896908],[0.352409,0.487142],[0.486041,0.208118],[0.837609,0.388288],[0.211602,0.150719],[0.921914,0.238413],[0.816984,0.25914],[0.410705,0.871397],[0.86093,0.300594],[0.651063,0.163475],[0.644785,0.173041],[0.955102,0.372343],[0.897703,0.568457],[0.356893,0.099698],[0.433126,0.531786]]"
50fbc92c4207b34d0e0e6e7c,frames/50fbc92c4207b34d0e0e6e7c.png,"[[0.485928,0.418141],[0.425288,0.71607],[0.538849,0.641588],[0.55649,0.43382],[0.559797,0.819954],[0.638172,0.448966],[0.693583,0.531809],[0.483258,0.148938],[0.709958,0.417619],[0.755297,0.43777]]"
510f71f24e21a6e31d0cedb8,frames/510f71f24e21a6e31d0cedb8.png,"[[0.040301,0.550918],[0.099494,0.483953],[0.067207,0.756599],[0.060929,0.841103],[0.147924,0.778921],[0.115638,0.874586],[0.050166,0.955556],[0.122812,0.946335],[0.120122,0.118831],[0.183798,0.051865],[0.233126,0.166664],[0.288731,0.214496],[0.197252,0.45366],[0.240301,0.643394],[0.24927,0.855453],[0.241198,0.955556],[0.423261,0.534975],[0.505772,0.809215],[0.582902,0.495114],[0.61788,0.657744],[0.629538,0.514247],[0.714741,0.806026],[0.741646,0.554107],[0.623261,0.158691],[0.703081,0.332483],[0.763171,0.069404],[0.77752,0.362778],[0.801736,0.423365],[0.810703,0.169852],[0.854648,0.445687],[0.695009,0.129992]]"
51153667c4572a5ee2eae3b8,frames/51153667c4572a5ee2eae3b8.png,"[[0.03761,0.275085],[0.500391,0.609912],[0.451063,0.456847],[0.87707,0.6992],[0.318328,0.688039],[0.817883,0.236818],[0.642991,0.133181],[0.904875,0.228846],[0.747027,0.211307],[0.390077,0.044444],[0.655548,0.206524]]"
513e49862d546c7500f9cabf,frames/513e49862d546c7500f9cabf.png,"[[0.027745,0.72471],[0.121916,0.584401],[0.361377,0.94474],[0.44927,0.528597],[0.625951,0.299],[0.641198,0.955556],[0.506669,0.632235],[0.590077,0.299],[0.534471,0.254357],[0.37752,0.512653],[0.582902,0.059837],[0.686041,0.283056],[0.72909,0.676878],[0.556901,0.231456],[0.825437,0.221811],[0.773037,0.45366],[0.820914,0.152694],[0.594875,0.350403],[0.557805,0.382551],[0.294112,0.61629],[0.354369,0.792436],[0.544242,0.602764],[0.420373,0.782792],[0.517431,0.584401],[0.364965,0.665717],[0.604427,0.668906],[0.565038,0.260389],[0.43303,0.321469],[0.563171,0.651367],[0.46362,0.455254],[0.433126,0.321322],[0.046579,0.348428],[0.507566,0.295811],[0.503081,0.539758],[0.545234,0.947929],[0.535368,0.397854]]"
515a3d297390747b155eef9a,frames/515a3d297390747b155eef9a.png,"[[0.447993,0.59898],[0.483258,0.368361],[0.493333,0.513897],[0.596609,0.25641],[0.654542,0.899007],[0.657062,0.148938],[0.728849,0.276561],[0.628094,0.388512],[0.767891,0.619131],[0.670917,0.838555]]"
515deb577853054c76912a9e,frames/515deb577853054c76912a9e.png,"[[0.305676,0.498224],[0.688547,0.807208],[0.3422,0.321342],[0.509706,0.319103],[0.74774,0.572111],[0.704922,0.126548],[0.743964,0.198196],[0.518522,0.164611],[0.649505,0.787056],[0.416507,0.737798]]"
517030409ceaed148c2e0f9b,frames/517030409ceaed148c2e0f9b.png,"[[0.519225,0.898503],[0.786489,0.90169],[0.960477,0.600346],[0.586489,0.447282],[0.91743,0.68485],[0.975,0.445687],[0.827742,0.267112],[0.412498,0.340456],[0.054651,0.461631],[0.244785,0.791676],[0.808914,0.557296],[0.586489,0.195362],[0.04927,0.702389],[0.288731,0.173041],[0.479762,0.251168],[0.686938,0.080565],[0.445682,0.514247]]"
51b05a59a8560b21ffb3e3c8,frames/51b05a59a8560b21ffb3e3c8.png,"[[0.592828,0.632565],[0.480739,0.3706],[0.498371,0.480312],[0.575198,0.276561],[0.649505,0.731081],[0.340941,0.766906],[0.573938,0.73332],[0.538673,0.811686],[0.358573,0.883334],[0.657062,0.670628]]"
51b97d5b44274f6b4bba0a97,frames/51b97d5b44274f6b4bba0a97.png,"[[0.051063,0.431338],[0.034023,0.729493],[0.137162,0.922418],[0.23761,0.420176],[0.330884,0.654556],[0.387386,0.774138],[0.402633,0.721522],[0.421467,0.702389],[0.43492,0.310161],[0.37752,0.614696],[0.568552,0.311756],[0.477072,0.533381],[0.527296,0.691228],[0.426848,0.570051],[0.550615,0.338861],[0.636713,0.294217],[0.547027,0.550918],[0.573037,0.727899],[0.636713,0.082159],[0.711153,0.45366],[0.72909,0.676878],[0.521638,0.189664],[0.791078,0.234671],[0.767655,0.450471],[0.852562,0.175197],[0.435816,0.487142],[0.033392,0.92585],[0.545147,0.390588],[0.521638,0.724926],[0.294112,0.877775],[0.455634,0.424343],[0.488184,0.773147],[0.56323,0.485424],[0.602109,0.305396],[0.510788,0.477387],[0.484568,0.885665]]"
51d140f9a84866bee3478b05,frames/51d140f9a84866bee3478b05.png,"[[0.658323,0.69078],[0.481998,0.372839],[0.495853,0.482551],[0.54875,0.245215],[0.696104,0.661672],[0.385021,0.874379],[0.358573,0.679584],[0.605422,0.858706],[0.281746,0.426576],[0.66462,0.59898]]"
51d81123c63acb0b19f5036a,frames/51d81123c63acb0b19f5036a.png,"[[0.045682,0.447282],[0.031332,0.727899],[0.147924,0.908068],[0.24927,0.416988],[0.327296,0.646583],[0.383798,0.750221],[0.388283,0.696011],[0.415189,0.681661],[0.436713,0.305378],[0.401736,0.592374],[0.55779,0.306972],[0.477969,0.533381],[0.526399,0.688039],[0.448373,0.598751],[0.555996,0.345239],[0.631332,0.321322],[0.565862,0.600346],[0.576623,0.740654],[0.641198,0.080565],[0.703081,0.445687],[0.728193,0.672094],[0.515309,0.183234],[0.786557,0.226633],[0.767655,0.450471],[0.854367,0.175197],[0.431332,0.45366],[0.032488,0.922635],[0.548763,0.388981],[0.544242,0.753858],[0.294112,0.898503],[0.461964,0.433988],[0.512597,0.803689],[0.548763,0.466136],[0.599396,0.332722],[0.506268,0.462921],[0.469197,0.93871]]"
51e1a13616fd58c20232aaf8,frames/51e1a13616fd58c20232aaf8.png,"[[0.961375,0.405826],[0.866312,0.60194],[0.939852,0.192174],[0.41788,0.58759],[0.142543,0.458442],[0.502184,0.624262],[0.613395,0.742249],[0.793664,0.568457],[0.912047,0.688039],[0.972141,0.648178],[0.40353,0.566862],[0.132677,0.590779],[0.864516,0.275085],[0.784695,0.65615],[0.098597,0.318133],[0.539852,0.762976],[0.924609,0.359589],[0.607117,0.643394],[0.329987,0.506275],[0.869898,0.624262],[0.523709,0.681661],[0.37483,0.522219],[0.183798,0.517436],[0.660929,0.705578],[0.542543,0.455254],[0.421467,0.28465],[0.634023,0.539758],[0.318328,0.431338],[0.650166,0.609912],[0.21332,0.390588],[0.698597,0.506275],[0.778417,0.458442],[0.706669,0.855453],[0.961375,0.241601],[0.161377,0.665717],[0.837609,0.751815],[0.155996,0.557296],[0.797252,0.351617],[0.155099,0.36756],[0.886937,0.542947],[0.288731,0.871397],[0.107566,0.480764],[0.068104,0.402638]]"
51f567283820d9676afbda66,frames/51f567283820d9676afbda66.png,"[[0.9255,0.25914],[0.866312,0.60194],[0.289628,0.600346],[0.025,0.428149],[0.636713,0.651367],[0.750615,0.688039],[0.945234,0.536569],[0.34344,0.584401],[0.873484,0.174636],[0.66631,0.702389],[0.734471,0.727899],[0.170346,0.651367],[0.35779,0.490331],[0.238507,0.716739],[0.34613,0.442499],[0.621467,0.509464],[0.558687,0.743843],[0.405323,0.198551],[0.506669,0.450471],[0.48335,0.554107],[0.975,0.621074],[0.421277,0.433988],[0.534471,0.58759],[0.636713,0.576429],[0.692319,0.888936],[0.339852,0.668906],[0.674382,0.605129],[0.32909,0.544542],[0.730884,0.444093],[0.336265,0.365967],[0.555996,0.450471],[0.399045,0.632235],[0.316534,0.423365],[0.269001,0.42496],[0.275279,0.475981],[0.849273,0.694417],[0.89232,0.68485],[0.074382,0.547729],[0.921914,0.562079],[0.951508,0.483953],[0.975,0.565268]]"
522ffaa6e93552abe423c308,frames/522ffaa6e93552abe423c308.png,"[[0.025,0.359589],[0.032229,0.716739],[0.163171,0.490331],[0.347027,0.735871],[0.274382,0.877775],[0.506669,0.75341],[0.456445,0.321322],[0.37214,0.847481],[0.616983,0.401043],[0.541646,0.598751],[0.540749,0.659339],[0.569449,0.334078],[0.651063,0.227251],[0.535368,0.399449],[0.571243,0.688039],[0.60622,0.063026],[0.717431,0.43931],[0.729987,0.676878],[0.549667,0.218597],[0.812781,0.242708],[0.769449,0.447282],[0.847133,0.162338],[0.412498,0.764571],[0.039722,0.933888],[0.547859,0.384158],[0.499938,0.514357],[0.276175,0.673689],[0.423085,0.385765],[0.470102,0.55615],[0.594875,0.615624],[0.623809,0.233064],[0.55238,0.511143],[0.436648,0.758681],[0.027745,0.877775],[0.611602,0.842697],[0.518328,0.477575]]"
52391722ef24a2f65de4df95,frames/52391722ef24a2f65de4df95.png,"[[0.532376,0.146699],[0.534895,0.487029],[0.480739,0.178044],[0.402653,0.195957],[0.36487,0.247455],[0.567641,0.247455],[0.577719,0.184762],[0.558823,0.406424],[0.52356,0.867661],[0.517263,0.249694]]"
524a39196b003fd0a3f1effd,frames/524a39196b003fd0a3f1effd.png,"[[0.61424,0.603457],[0.483258,0.3706],[0.495853,0.480312],[0.573938,0.276561],[0.645724,0.751232],[0.356054,0.80273],[0.560083,0.726604],[0.536155,0.811686],[0.38754,0.907964],[0.654542,0.686301]]"
52520629895690fb79369aa1,frames/52520629895690fb79369aa1.png,"[[0.025,0.742249],[0.196355,0.562079],[0.230435,0.498303],[0.608911,0.13637],[0.324606,0.705578],[0.585592,0.550918],[0.582005,0.047082],[0.643888,0.225657],[0.72909,0.676878],[0.560517,0.237886],[0.822727,0.225026],[0.773037,0.450471],[0.803736,0.109294],[0.66992,0.366476],[0.359584,0.386693],[0.659135,0.469603],[0.596684,0.242708],[0.53178,0.420176],[0.366759,0.914446],[0.250166,0.133181],[0.582005,0.365967],[0.274382,0.955556],[0.373037,0.514247],[0.314741,0.755004],[0.442095,0.340456],[0.270795,0.73906],[0.504875,0.434526],[0.413395,0.868208],[0.388283,0.672094],[0.548502,0.498296],[0.555696,0.539862],[0.571884,0.589424],[0.449581,0.554251],[0.659113,0.912365],[0.393826,0.728512],[0.460373,0.941142]]"
52f123040647f50a3c924430,frames/52f123040647f50a3c924430.png,"[[0.222364,0.316539],[0.225951,0.409015],[0.171243,0.667311],[0.155099,0.952712],[0.028642,0.600346],[0.846578,0.81081],[0.736265,0.688039],[0.539852,0.743843],[0.371243,0.557296],[0.486937,0.377126],[0.632229,0.90169],[0.687834,0.300594],[0.841195,0.423365],[0.173934,0.271896],[0.232229,0.509464],[0.373934,0.487142]]"
53053ce1b558cfc18c43e928,frames/53053ce1b558cfc18c43e928.png,"[[0.48262,0.816033],[0.534439,0.831714],[0.564208,0.892476],[0.59949,0.559265],[0.445134,0.478902],[0.403913,0.518375],[0.646984,0.594502],[0.806938,0.307907],[0.73263,0.417619],[0.761594,0.442248]]"
5306e1de6db8cfb5d08bc2f6,frames/5306e1de6db8cfb5d08bc2f6.png,"[[0.910258,0.592374],[0.077969,0.458442],[0.866312,0.603535],[0.079763,0.673689],[0.914742,0.501492],[0.744062,0.279678],[0.518328,0.633829],[0.849273,0.420176],[0.303978,0.546135],[0.335368,0.637017],[0.526399,0.389882],[0.605323,0.434526],[0.634023,0.654556],[0.975,0.499897],[0.793664,0.58759],[0.414292,0.45366],[0.367655,0.525408],[0.786489,0.28465],[0.61788,0.727899],[0.334471,0.337267],[0.425055,0.649772],[0.708462,0.696011],[0.443888,0.399449],[0.582902,0.3277],[0.58918,0.61629],[0.661826,0.598751],[0.63761,0.402638],[0.025054,0.350022],[0.761377,0.676878],[0.396355,0.401043],[0.190077,0.576429],[0.830438,0.45366],[0.165862,0.450471],[0.328193,0.436121],[0.095779,0.180019],[0.890523,0.397854],[0.923711,0.399449],[0.898594,0.828347],[0.975,0.294217]]"
53572d8fe542e4d969f444f5,frames/53572d8fe542e4d969f444f5.png,"[[0.578974,0.652716],[0.47948,0.368361],[0.494593,0.478073],[0.575198,0.272083],[0.660839,0.717647],[0.330865,0.751232],[0.587792,0.75795],[0.539933,0.807208],[0.344719,0.863183],[0.660839,0.652716]]"
5357f04e346f3fce9829c489,frames/5357f04e346f3fce9829c489.png,"[[0.323308,0.417619],[0.572677,0.838555],[0.328346,0.534048],[0.625573,0.827359],[0.539933,0.131026],[0.660839,0.169089],[0.775448,0.4624],[0.591568,0.401946],[0.430361,0.64376],[0.721292,0.527331]]"
5358b20c2f2665c288425d21,frames/5358b20c2f2665c288425d21.png,"[[0.622364,0.534975],[0.593664,0.444093],[0.183798,0.361183],[0.380211,0.638611],[0.74344,0.565268],[0.725502,0.665717],[0.529987,0.550918],[0.642095,0.442499],[0.176623,0.951118],[0.480659,0.644989],[0.44927,0.362778],[0.460929,0.466414],[0.063619,0.887342],[0.39187,0.275085],[0.622364,0.283056],[0.312947,0.928796],[0.219673,0.605129],[0.54613,0.372343],[0.334477,0.416307]]"
535c35ae54f8c53af4eed170,frames/535c35ae54f8c53af4eed170.png,"[[0.775707,0.535253],[0.772995,0.663844],[0.971008,0.58669],[0.159584,0.865019],[0.975,0.694417],[0.025,0.629046],[0.170346,0.740654],[0.368552,0.665717],[0.277072,0.65615],[0.862719,0.593968],[0.308462,0.644989],[0.975,0.480764],[0.455634,0.488639],[0.399942,0.58759],[0.43492,0.428149],[0.654651,0.694417],[0.628329,0.622053],[0.563171,0.621074],[0.472588,0.568457],[0.658238,0.688039],[0.044785,0.351617],[0.660032,0.383504],[0.436713,0.351617],[0.37214,0.25914],[0.384695,0.447282],[0.339852,0.568457],[0.386489,0.528597],[0.782005,0.534975],[0.721916,0.688039],[0.326399,0.377126],[0.19187,0.660933],[0.737162,0.436121],[0.251063,0.444093],[0.278866,0.542947],[0.118328,0.292622],[0.830438,0.589185],[0.094113,0.568457],[0.943437,0.42496]]"
536727cb4e3b4beee98de1a0,frames/536727cb4e3b4beee98de1a0.png,"[[0.911156,0.955556],[0.045682,0.169852],[0.51205,0.659339],[0.434023,0.45366],[0.900391,0.657744],[0.322812,0.683256],[0.804427,0.232035],[0.695009,0.13637],[0.61788,0.125209],[0.951508,0.303783],[0.738955,0.17623],[0.477969,0.044444]]"
53672a1473e2f3d2b165ba74,frames/53672a1473e2f3d2b165ba74.png,"[[0.665875,0.701974],[0.480739,0.372839],[0.495853,0.480312],[0.546229,0.236259],[0.74774,0.578829],[0.308195,0.675106],[0.300638,0.433293],[0.605422,0.851988],[0.43288,0.11983],[0.665875,0.603457]]"
538fec7a2202caadd5777512,frames/538fec7a2202caadd5777512.png,"[[0.361092,0.679584],[0.784266,0.527331],[0.352276,0.28104],[0.401394,0.612414],[0.689807,0.155655],[0.727589,0.258649],[0.716255,0.478073],[0.514744,0.126548],[0.528598,0.713169],[0.589052,0.827359]]"
53961cde255290c21f7af0fc,frames/53961cde255290c21f7af0fc.png,"[[0.227745,0.338861],[0.226848,0.405826],[0.17214,0.662528],[0.15779,0.955556],[0.038507,0.598751],[0.847477,0.745437],[0.647476,0.790082],[0.551512,0.662528],[0.362274,0.6705],[0.513844,0.316539],[0.628641,0.908068],[0.686041,0.306972],[0.729987,0.421771],[0.215189,0.278274],[0.187386,0.514247],[0.397252,0.512653],[0.308462,0.391476]]"
5396b27fed0e2155d1554543,frames/5396b27fed0e2155d1554543.png,"[[0.397616,0.095201],[0.400134,0.686301],[0.431621,0.80273],[0.454291,0.717647],[0.495853,0.366122],[0.640688,0.18924],[0.649505,0.822881],[0.668396,0.731081],[0.770411,0.518375],[0.772932,0.359405]]"
539ea6e4c7dae74af54a6588,frames/539ea6e4c7dae74af54a6588.png,"[[0.483722,0.827794],[0.538849,0.798393],[0.567516,0.890516],[0.598385,0.569065],[0.444031,0.482822],[0.388799,0.428815],[0.638172,0.567633],[0.818271,0.352688],[0.73263,0.413142],[0.760339,0.440009]]"
539f13b875c3d1fe8bbacdf8,frames/539f13b875c3d1fe8bbacdf8.png,"[[0.692319,0.58759],[0.857344,0.71355],[0.456445,0.806026],[0.717431,0.512653],[0.590973,0.772543],[0.382005,0.25914],[0.216983,0.536569],[0.462723,0.509464],[0.469001,0.646583],[0.767655,0.292622],[0.218777,0.73906],[0.769449,0.635422],[0.048373,0.853858],[0.42057,0.554107]]"
53c20d9ddc1002408bc8efd8,frames/53c20d9ddc1002408bc8efd8.png,"[[0.025,0.350022],[0.025,0.721522],[0.122812,0.499897],[0.356893,0.817186],[0.274382,0.924012],[0.528193,0.785299],[0.445682,0.361183],[0.616086,0.401043],[0.571243,0.648178],[0.521019,0.668906],[0.580211,0.321322],[0.634023,0.188986],[0.547924,0.696011],[0.599942,0.05346],[0.721916,0.41061],[0.729987,0.676878],[0.551476,0.223419],[0.820008,0.239493],[0.769449,0.447282],[0.848039,0.159123],[0.41788,0.903285],[0.04153,0.933888],[0.555092,0.388981],[0.526159,0.440417],[0.265413,0.648178],[0.421277,0.42595],[0.458347,0.485424],[0.609342,0.71046],[0.618384,0.236278],[0.510788,0.541683],[0.399577,0.702422],[0.069897,0.879369],[0.62057,0.783704],[0.538955,0.522219],[0.43761,0.455254],[0.521019,0.955556]]"
53d3d58dbc0df8bf76a91468,frames/53d3d58dbc0df8bf76a91468.png,"[[0.271691,0.637017],[0.541646,0.278274],[0.431332,0.204929],[0.728193,0.676878],[0.744966,0.424343],[0.852562,0.258782],[0.764965,0.455254],[0.775707,0.046606],[0.518022,0.135012],[0.77214,0.070998],[0.397252,0.153908],[0.462723,0.933579],[0.61325,0.450335],[0.303081,0.397854],[0.40622,0.300594],[0.251063,0.480764],[0.274382,0.727899],[0.306669,0.578024],[0.344337,0.409015],[0.474622,0.405054],[0.44388,0.421128],[0.556901,0.397018],[0.480952,0.813332],[0.569559,0.376121],[0.405002,0.461314],[0.397769,0.364869],[0.54153,0.430772],[0.54153,0.326292],[0.912234,0.798867],[0.372452,0.430772],[0.557805,0.678311],[0.444785,0.379336],[0.492705,0.472565],[0.04153,0.940317],[0.63285,0.890488],[0.559613,0.385765],[0.598492,0.353618],[0.54153,0.324685]]"
53e988b432dd4655bb97655c,frames/53e988b432dd4655bb97655c.png,"[[0.495906,0.721522],[0.37483,0.955556],[0.590973,0.044444],[0.564068,0.667311],[0.303081,0.917635],[0.183798,0.361183],[0.685144,0.732682],[0.680659,0.063026],[0.354202,0.791676],[0.652857,0.637017],[0.556893,0.299],[0.583798,0.536569],[0.498597,0.372343],[0.608014,0.294217],[0.51205,0.388288],[0.486041,0.643394],[0.453754,0.472792],[0.40353,0.456847],[0.423261,0.394665],[0.087835,0.933579]]"
541bd41ca84410ef8c208dc0,frames/541bd41ca84410ef8c208dc0.png,"[[0.025,0.740654],[0.245682,0.635422],[0.310256,0.732682],[0.613395,0.125209],[0.338955,0.799649],[0.311153,0.917635],[0.586489,0.044444],[0.631332,0.163475],[0.728193,0.676878],[0.581312,0.220204],[0.845328,0.244315],[0.77214,0.447282],[0.780228,0.094828],[0.649125,0.40184],[0.626848,0.461631],[0.603917,0.268426],[0.248373,0.125209],[0.48335,0.536569],[0.441198,0.383504],[0.46397,0.848417],[0.579077,0.354411],[0.624941,0.702933],[0.453178,0.309647],[0.397423,0.638983],[0.603359,0.367201],[0.717431,0.955556],[0.101288,0.818781],[0.512947,0.310161],[0.492319,0.65615],[0.435816,0.778921],[0.414292,0.806026],[0.660929,0.904879],[0.498597,0.900097],[0.555099,0.432932],[0.54613,0.386693],[0.480659,0.946335]]"
542b2f7a902360ed32574877,frames/542b2f7a902360ed32574877.png,"[[0.473799,0.498503],[0.495851,0.816033],[0.576333,0.557305],[0.553182,0.394619],[0.536644,0.559265],[0.618021,0.417619],[0.696104,0.52957],[0.509706,0.135504],[0.712479,0.426576],[0.756557,0.440009]]"
54406fd474e13a8ec0e0f175,frames/54406fd474e13a8ec0e0f175.png,"[[0.483722,0.835634],[0.556698,0.798327],[0.564208,0.902276],[0.605,0.563185],[0.440723,0.480862],[0.401394,0.397469],[0.634391,0.567633],[0.819531,0.3706],[0.73137,0.413142],[0.766635,0.446727]]"
5452c69dae0b3f7cec0956a1,frames/5452c69dae0b3f7cec0956a1.png,"[[0.437416,0.608267],[0.491442,0.820275],[0.708641,0.757231],[0.483722,0.288776],[0.541054,0.555344],[0.611724,0.426576],[0.694844,0.590023],[0.636911,0.106396],[0.713734,0.413142],[0.757818,0.440009]]"
54626dda4ece3f7a099fc3cf,frames/54626dda4ece3f7a099fc3cf.png,"[[0.199942,0.321322],[0.225055,0.41061],[0.173037,0.665717],[0.164965,0.917635],[0.060032,0.533381],[0.852859,0.880964],[0.545234,0.629046],[0.524606,0.849075],[0.446579,0.365967],[0.489628,0.409015],[0.597252,0.863425],[0.696803,0.283056],[0.859133,0.576429],[0.140749,0.270301],[0.865414,0.069404],[0.390077,0.409015]]"
5474b7b2682a03e178e76f6d,frames/5474b7b2682a03e178e76f6d.png,"[[0.219673,0.874586],[0.48012,0.320514],[0.669898,0.539758],[0.477072,0.412204],[0.277969,0.909662],[0.618777,0.423365],[0.451063,0.450471],[0.303081,0.798054],[0.464516,0.629046],[0.307566,0.555701],[0.156893,0.373938],[0.554202,0.372343],[0.524606,0.477575],[0.306669,0.550918],[0.567655,0.238413]]"
548643e9fe8e18b3d1321bd0,frames/548643e9fe8e18b3d1321bd0.png,"[[0.686031,0.684062],[0.480739,0.372839],[0.493333,0.487029],[0.43414,0.359405],[0.74774,0.572111],[0.310714,0.466878],[0.344719,0.236259],[0.606682,0.858706],[0.372427,0.164611],[0.662099,0.601219]]"
54c35f87550ad7ed1c57e576,frames/54c35f87550ad7ed1c57e576.png,"[[0.446236,0.623947],[0.558693,0.825833],[0.595078,0.884635],[0.459467,0.488703],[0.668948,0.335818],[0.464366,0.388512],[0.662099,0.583306],[0.69988,0.11983],[0.721292,0.401946],[0.754036,0.442248]]"
5501c5f964c991b327572f5b,frames/5501c5f964c991b327572f5b.png,"[[0.293216,0.576429],[0.225055,0.509464],[0.298597,0.149125],[0.681556,0.044444],[0.669001,0.853858],[0.519225,0.643394],[0.79187,0.354806],[0.28335,0.955556],[0.134471,0.849075],[0.662723,0.080565],[0.236713,0.300594],[0.544337,0.044444],[0.809805,0.265518],[0.475279,0.546135],[0.54613,0.082159],[0.795458,0.219279],[0.229538,0.083754],[0.786489,0.142747],[0.929984,0.589185],[0.684247,0.941551]]"
550689f055c9e91f4a70862e,frames/550689f055c9e91f4a70862e.png,"[[0.741443,0.637043],[0.481998,0.368361],[0.489555,0.471356],[0.730109,0.469117],[0.74774,0.578829],[0.36361,0.446727],[0.764115,0.305669],[0.602906,0.851988],[0.382502,0.863183],[0.669656,0.603457]]"
5533cf753f4a7ad19dc6b0fb,frames/5533cf753f4a7ad19dc6b0fb.png,"[[0.907711,0.462921],[0.737732,0.839051],[0.162274,0.877775],[0.033058,0.588832],[0.073485,0.672094],[0.290525,0.61629],[0.164965,0.743843],[0.869,0.598751],[0.228641,0.778921],[0.54153,0.480601],[0.552409,0.565268],[0.298597,0.442499],[0.61788,0.742249],[0.801023,0.54329],[0.657341,0.667311],[0.609808,0.61629],[0.563171,0.662528],[0.068104,0.479169],[0.830438,0.416988],[0.438507,0.184203],[0.426848,0.343644],[0.411602,0.522219],[0.536265,0.609912],[0.481556,0.517436],[0.671691,0.581212],[0.629538,0.480764],[0.456445,0.42496],[0.335368,0.696011],[0.566759,0.42496],[0.344337,0.365967],[0.407117,0.520625],[0.192767,0.389882],[0.678866,0.635422],[0.257341,0.654556],[0.86093,0.557296],[0.903078,0.362778],[0.025,0.219279],[0.937164,0.740654],[0.03761,0.43931],[0.033126,0.517436],[0.958687,0.536569]]"
5541dffcb3a0fb8465c195f9,frames/5541dffcb3a0fb8465c195f9.png,"[[0.972141,0.412204],[0.866312,0.60194],[0.349718,0.667311],[0.137162,0.378721],[0.590973,0.61629],[0.692319,0.732682],[0.857344,0.584401],[0.356893,0.611507],[0.862719,0.27349],[0.868102,0.644989],[0.602633,0.756599],[0.656445,0.732682],[0.296803,0.60194],[0.960477,0.648178],[0.433126,0.632235],[0.316534,0.592374],[0.26631,0.498303],[0.640301,0.621074],[0.516534,0.498303],[0.397252,0.211307],[0.604427,0.373938],[0.384695,0.464819],[0.805323,0.590779],[0.293791,0.413092],[0.634023,0.539758],[0.689628,0.517436],[0.641198,0.857047],[0.23761,0.688039],[0.750615,0.688039],[0.248373,0.584401],[0.749718,0.442499],[0.248373,0.372343],[0.764068,0.499897],[0.332677,0.758193],[0.205323,0.517436],[0.103081,0.3277],[0.081557,0.483953],[0.975,0.774138],[0.975,0.740654]]"
555516080a4950812c30ddef,frames/555516080a4950812c30ddef.png,"[[0.182005,0.361183],[0.324606,0.705578],[0.975,0.539758],[0.286041,0.799649],[0.60353,0.332483],[0.677072,0.265518],[0.030435,0.550918],[0.726399,0.683256],[0.130884,0.955556],[0.592767,0.613101],[0.837188,0.540075],[0.646412,0.435594],[0.444785,0.692778],[0.482759,0.409876],[0.470102,0.122153],[0.708462,0.152314],[0.291422,0.436121],[0.648373,0.155503],[0.38918,0.829942],[0.418777,0.128398],[0.197252,0.791676],[0.424158,0.383504],[0.486937,0.351617]]"
5557073fde60a95a952787bc,frames/5557073fde60a95a952787bc.png,"[[0.025,0.691228],[0.326399,0.578024],[0.64927,0.391476],[0.609808,0.077376],[0.728193,0.676878],[0.694333,0.350403],[0.829953,0.270033],[0.766759,0.450471],[0.755816,0.061072],[0.6437,0.311825],[0.728193,0.091726],[0.553284,0.279678],[0.242991,0.206524],[0.32909,0.788488],[0.667207,0.565443],[0.623142,0.830831],[0.679797,0.466322],[0.355996,0.613101],[0.442095,0.764571],[0.461826,0.823564],[0.552409,0.863425],[0.373934,0.57324],[0.429538,0.314944],[0.46631,0.402638],[0.619673,0.391476],[0.526399,0.617885],[0.418777,0.696011],[0.418777,0.405826],[0.425951,0.544542],[0.580211,0.609912],[0.434023,0.834725],[0.42057,0.75341],[0.490525,0.785299],[0.068104,0.941551],[0.468104,0.337267],[0.458238,0.464819],[0.503081,0.444093],[0.555996,0.397854],[0.519225,0.321322],[0.507566,0.316539]]"
559bb2c4e4f8fd9c6cd58f82,frames/559bb2c4e4f8fd9c6cd58f82.png,"[[0.746484,0.637043],[0.485777,0.377318],[0.495853,0.473594],[0.733885,0.460161],[0.745224,0.594502],[0.367389,0.448966],[0.767891,0.319103],[0.607943,0.858706],[0.390059,0.876618],[0.667135,0.605696]]"
559f98bfd08ee7d5a50cde48,frames/559f98bfd08ee7d5a50cde48.png,"[[0.745224,0.641521],[0.481998,0.368361],[0.490815,0.478073],[0.772932,0.466878],[0.751521,0.578829],[0.344719,0.366122],[0.349757,0.276561],[0.605422,0.851988],[0.299379,0.296713],[0.665875,0.596741]]"
55ac5523ebdb6ba62976dfc0,frames/55ac5523ebdb6ba62976dfc0.png,"[[0.485777,0.124308],[0.480739,0.3706],[0.494593,0.478073],[0.584016,0.247455],[0.635651,0.793774],[0.471923,0.811686],[0.720031,0.426576],[0.56512,0.605696],[0.487036,0.952744],[0.652026,0.753471]]"
55cc3e10fa50f0d99512504f,frames/55cc3e10fa50f0d99512504f.png,"[[0.852562,0.493461],[0.764857,0.789222],[0.151512,0.852264],[0.033126,0.611507],[0.113844,0.740654],[0.30285,0.627093],[0.234023,0.727899],[0.863617,0.600346],[0.247476,0.769354],[0.512597,0.487032],[0.492319,0.57324],[0.373037,0.43931],[0.63761,0.72471],[0.697949,0.528824],[0.613395,0.640206],[0.555996,0.579618],[0.615189,0.705578],[0.054651,0.402638],[0.765862,0.388288],[0.460929,0.281461],[0.392767,0.294217],[0.362274,0.475981],[0.445682,0.624262],[0.438507,0.528597],[0.719225,0.57324],[0.651063,0.627451],[0.390077,0.362778],[0.26362,0.651367],[0.65196,0.477575],[0.307566,0.365967],[0.379314,0.517436],[0.155099,0.361183],[0.745234,0.627451],[0.188283,0.600346],[0.896805,0.503086],[0.966758,0.480764],[0.025,0.316539],[0.975,0.764571]]"
55ce8bf71297ec3a2b490e66,frames/55ce8bf71297ec3a2b490e66.png,"[[0.402653,0.710931],[0.767891,0.547482],[0.356054,0.296713],[0.396356,0.612414],[0.653281,0.09744],[0.723812,0.265367],[0.722552,0.473594],[0.521041,0.135504],[0.45555,0.661672],[0.582755,0.838555]]"
55f5e5c3c4542da7130d49b1,frames/55f5e5c3c4542da7130d49b1.png,"[[0.294112,0.681661],[0.540749,0.295811],[0.416983,0.225657],[0.72909,0.676878],[0.742253,0.421128],[0.845328,0.250744],[0.764965,0.455254],[0.776611,0.04982],[0.539722,0.112509],[0.781108,0.075782],[0.408014,0.169852],[0.462723,0.955556],[0.585373,0.434347],[0.315638,0.377126],[0.399942,0.292622],[0.232229,0.464819],[0.225951,0.694417],[0.347027,0.71355],[0.341646,0.420176],[0.551476,0.377729],[0.442977,0.955556],[0.579505,0.339151],[0.418564,0.43881],[0.422181,0.385765],[0.6003,0.273249],[0.898672,0.787614],[0.34804,0.506321],[0.51983,0.573831],[0.433935,0.400232],[0.486376,0.461314],[0.037913,0.932279],[0.591259,0.749038],[0.566846,0.35844],[0.624712,0.382551],[0.605725,0.273249],[0.570463,0.342367],[0.393248,0.900132],[0.521916,0.887342]]"
5621e0bd18244bf37951ad24,frames/5621e0bd18244bf37951ad24.png,"[[0.495853,0.639281],[0.339681,0.746755],[0.503788,0.158703],[0.524952,0.870442],[0.395097,0.267606],[0.439177,0.278801],[0.47696,0.236259],[0.416507,0.583306],[0.623057,0.247455],[0.431621,0.200435]]"
562617b2589a052ec7778ab7,frames/562617b2589a052ec7778ab7.png,"[[0.31953,0.547482],[0.609203,0.851988],[0.371167,0.287756],[0.612979,0.341493],[0.730109,0.648238],[0.626833,0.104157],[0.706182,0.155655],[0.571417,0.155655],[0.665875,0.567633],[0.379983,0.630326]]"
5640e66ea6eb53f11eb2ebad,frames/5640e66ea6eb53f11eb2ebad.png,"[[0.634391,0.704213],[0.47948,0.3706],[0.494593,0.478073],[0.573938,0.267606],[0.673432,0.66615],[0.427842,0.827359],[0.495853,0.919158],[0.561344,0.831837],[0.308195,0.592263],[0.663359,0.610175]]"
56768ddec6e31e4d8f9fedea,frames/56768ddec6e31e4d8f9fedea.png,"[[0.971242,0.409015],[0.866312,0.60194],[0.352409,0.660933],[0.135368,0.377126],[0.595458,0.61629],[0.693216,0.729493],[0.865414,0.57324],[0.35779,0.598751],[0.868102,0.25914],[0.869898,0.643394],[0.608014,0.755004],[0.667207,0.743843],[0.2977,0.606724],[0.963172,0.646583],[0.426848,0.637017],[0.316534,0.590779],[0.274382,0.498303],[0.633126,0.613101],[0.517431,0.498303],[0.396355,0.214496],[0.599045,0.373938],[0.38918,0.469603],[0.810703,0.600346],[0.302832,0.417914],[0.625055,0.542947],[0.685144,0.514247],[0.642991,0.852264],[0.250166,0.696011],[0.747027,0.676878],[0.254651,0.57324],[0.749718,0.447282],[0.255548,0.372343],[0.754202,0.506275],[0.338059,0.75341],[0.215189,0.520625],[0.102184,0.310161],[0.093216,0.475981],[0.96407,0.76776],[0.975,0.747032]]"
5689a120ae2d6e29b9408000,frames/5689a120ae2d6e29b9408000.png,"[[0.533636,0.146699],[0.521041,0.489268],[0.47696,0.184762],[0.419026,0.180284],[0.36487,0.240737],[0.570161,0.240737],[0.570161,0.175806],[0.557568,0.399707],[0.532376,0.843032],[0.516133,0.237089]]"
569aa6c3f8915c011f903144,frames/569aa6c3f8915c011f903144.png,"[[0.215189,0.487142],[0.173037,0.665717],[0.182902,0.57324],[0.653754,0.499897],[0.270795,0.809215],[0.568552,0.517436],[0.162274,0.829942],[0.602633,0.350022],[0.618777,0.42496],[0.509359,0.409015],[0.052857,0.114048],[0.313844,0.6992],[0.213395,0.922418]]"
569d9a78942b85eb3d09f75d,frames/569d9a78942b85eb3d09f75d.png,"[[0.56638,0.547482],[0.655802,0.534048],[0.471923,0.171328],[0.295601,0.426576],[0.376205,0.28104],[0.54749,0.216108],[0.513484,0.178044],[0.55001,0.406424],[0.580234,0.87214],[0.405172,0.209391]]"
56c3caa62be79280a2e4b5dc,frames/56c3caa62be79280a2e4b5dc.png,"[[0.472697,0.457342],[0.494748,0.810153],[0.566411,0.508303],[0.539952,0.4201],[0.503568,0.612187],[0.611724,0.431054],[0.697365,0.518375],[0.481998,0.146699],[0.717516,0.422097],[0.756557,0.440009]]"
56c511e239aaf39803eb966f,frames/56c511e239aaf39803eb966f.png,"[[0.791982,0.530431],[0.781132,0.732962],[0.975,0.609193],[0.16048,0.853858],[0.025,0.629046],[0.144337,0.758193],[0.340749,0.640206],[0.256445,0.688039],[0.863617,0.606724],[0.281556,0.696011],[0.489088,0.487032],[0.442991,0.584401],[0.408014,0.43931],[0.650166,0.6992],[0.659975,0.585082],[0.599942,0.640206],[0.502184,0.578024],[0.64927,0.702389],[0.045682,0.354806],[0.690525,0.370749],[0.456445,0.332483],[0.384695,0.241601],[0.364068,0.472792],[0.37752,0.584401],[0.423261,0.523814],[0.759584,0.546135],[0.677072,0.648178],[0.347027,0.394665],[0.225951,0.676878],[0.711153,0.455254],[0.272588,0.442499],[0.308462,0.487142],[0.125502,0.310161],[0.808016,0.611507],[0.122812,0.576429],[0.923711,0.442499]]"
56cae27a9f71858ccce54d1b,frames/56cae27a9f71858ccce54d1b.png,"[[0.811875,0.435594],[0.575888,0.422736],[0.573176,0.686349],[0.77842,0.660631],[0.917766,0.431688],[0.867023,0.554542],[0.267207,0.834725],[0.030638,0.391203],[0.830859,0.634912],[0.114741,0.778921],[0.342543,0.606724],[0.94075,0.955556],[0.468104,0.727899],[0.396355,0.431338],[0.869898,0.60194],[0.512947,0.554107],[0.712947,0.605129],[0.345327,0.360047],[0.329987,0.761382],[0.61788,0.421771],[0.741646,0.71355],[0.375165,0.681526],[0.35779,0.531786],[0.277072,0.487142],[0.819672,0.72471],[0.062722,0.338861],[0.365862,0.431338],[0.248373,0.447282],[0.286937,0.332483],[0.195458,0.442499],[0.074382,0.528597],[0.11205,0.442499],[0.858234,0.299],[0.94075,0.534975],[0.025,0.372343],[0.975,0.58759]]"
56caf9b1c63f315ce9b0c7ed,frames/56caf9b1c63f315ce9b0c7ed.png,"[[0.63313,0.693019],[0.480739,0.372839],[0.494593,0.482551],[0.576458,0.267606],[0.668396,0.639281],[0.390059,0.876618],[0.475701,0.80273],[0.594089,0.854227],[0.308195,0.59898],[0.660839,0.59898]]"
56cdb3b6552d7a8061136363,frames/56cdb3b6552d7a8061136363.png,"[[0.498371,0.661672],[0.481998,0.3706],[0.502149,0.502702],[0.590312,0.247455],[0.634391,0.838555],[0.626833,0.498224],[0.723812,0.451205],[0.576458,0.453444],[0.668396,0.659433],[0.646984,0.782579]]"
56daa55dbe42b90ccca750d2,frames/56daa55dbe42b90ccca750d2.png,"[[0.571417,0.184762],[0.6155,0.298952],[0.470664,0.187001],[0.392578,0.216108],[0.358573,0.276561],[0.563865,0.267606],[0.503409,0.18924],[0.556307,0.399707],[0.528598,0.858706],[0.440437,0.287756]]"
57235cfee732469cb39207a8,frames/57235cfee732469cb39207a8.png,"[[0.198148,0.338861],[0.213395,0.409015],[0.23761,0.531786],[0.182902,0.672094],[0.235816,0.922418],[0.272588,0.469603],[0.400327,0.371994],[0.373934,0.391476],[0.877969,0.939957],[0.442991,0.337267],[0.415189,0.487142],[0.503081,0.847481],[0.503081,0.28465],[0.482453,0.445687],[0.540749,0.531786],[0.559584,0.812403],[0.48335,0.506275],[0.676175,0.863425],[0.584695,0.233629],[0.685144,0.260735],[0.700391,0.613101],[0.025,0.625857]]"
572de48c0c0874cec937ab19,frames/572de48c0c0874cec937ab19.png,"[[0.405442,0.333857],[0.397724,0.584745],[0.434108,0.684709],[0.60974,0.433014],[0.607208,0.635707],[0.659578,0.460161],[0.713734,0.491506],[0.639427,0.135504],[0.711219,0.426576],[0.757818,0.43777]]"
572f46607aa9a7c3be584972,frames/572f46607aa9a7c3be584972.png,"[[0.592828,0.104157],[0.480739,0.377318],[0.493333,0.478073],[0.584016,0.267606],[0.635651,0.766906],[0.411469,0.771383],[0.721292,0.446727],[0.531117,0.663911],[0.437918,0.903485],[0.654542,0.713169]]"
578630d5b3d68d703db672a8,frames/578630d5b3d68d703db672a8.png,"[[0.028642,0.727899],[0.243888,0.665717],[0.378417,0.745437],[0.610705,0.142747],[0.298597,0.900097],[0.242991,0.955556],[0.633126,0.16188],[0.728193,0.676878],[0.59578,0.215382],[0.854367,0.247531],[0.773037,0.450471],[0.76757,0.086791],[0.65455,0.406663],[0.611602,0.420176],[0.604821,0.263604],[0.21788,0.131586],[0.384695,0.539758],[0.453754,0.431338],[0.346164,0.934747],[0.657315,0.650175],[0.240948,0.605411],[0.597063,0.298456],[0.121019,0.775732],[0.496803,0.287839],[0.512947,0.743843],[0.504875,0.75341],[0.401736,0.627451],[0.599045,0.740654],[0.46362,0.751815],[0.486937,0.528597],[0.568552,0.3277],[0.450166,0.834725],[0.552409,0.372343],[0.54613,0.464819],[0.472588,0.311756],[0.536265,0.41061]]"
578c588b4e83bd3e3c493ad7,frames/578c588b4e83bd3e3c493ad7.png,"[[0.741443,0.634804],[0.480739,0.3706],[0.490815,0.478073],[0.587792,0.359405],[0.751521,0.572111],[0.344719,0.397469],[0.47822,0.108635],[0.604167,0.838555],[0.275449,0.460161],[0.659578,0.596741]]"
57a8493d14c97f8e4b47b57c,frames/57a8493d14c97f8e4b47b57c.png,"[[0.742703,0.64376],[0.481998,0.368361],[0.490815,0.478073],[0.730109,0.460161],[0.742703,0.583306],[0.36361,0.451205],[0.752781,0.278801],[0.602906,0.84751],[0.36487,0.811686],[0.660839,0.59898]]"
57b4745e60f0011bcdb29aac,frames/57b4745e60f0011bcdb29aac.png,"[[0.477107,0.839554],[0.546568,0.804273],[0.570823,0.906196],[0.602797,0.569065],[0.440723,0.469102],[0.396356,0.417619],[0.636911,0.57435],[0.81701,0.361644],[0.733885,0.413142],[0.767891,0.442248]]"
57bb712e0c3d4cf96ccca814,frames/57bb712e0c3d4cf96ccca814.png,"[[0.503568,0.841514],[0.588443,0.826545],[0.564208,0.908156],[0.602797,0.551425],[0.427493,0.480862],[0.435399,0.301191],[0.648245,0.558678],[0.81701,0.397469],[0.741443,0.419858],[0.764115,0.446727]]"
57db05f6778f77565b008600,frames/57db05f6778f77565b008600.png,"[[0.480739,0.811686],[0.698625,0.773623],[0.352276,0.287756],[0.361092,0.619131],[0.625573,0.151177],[0.721292,0.276561],[0.721292,0.466878],[0.56638,0.099679],[0.347238,0.500463],[0.585271,0.838555]]"
57e104dc19417c7f6411556f,frames/57e104dc19417c7f6411556f.png,"[[0.607943,0.511658],[0.659578,0.388512],[0.453031,0.16685],[0.310714,0.350449],[0.368648,0.285518],[0.55001,0.216108],[0.502149,0.16685],[0.561344,0.413142],[0.546229,0.878856],[0.406432,0.218347]]"
57e1bb3e9ae54e4f71288607,frames/57e1bb3e9ae54e4f71288607.png,"[[0.665875,0.701974],[0.481998,0.3706],[0.493333,0.478073],[0.551266,0.247455],[0.746484,0.578829],[0.311973,0.681823],[0.293082,0.457921],[0.604167,0.851988],[0.437918,0.11983],[0.663359,0.601219]]"
581e105fe3570e6f05174a35,frames/581e105fe3570e6f05174a35.png,"[[0.741443,0.637043],[0.481998,0.368361],[0.488296,0.478073],[0.572677,0.175806],[0.74774,0.583306],[0.3422,0.422097],[0.406432,0.180284],[0.604167,0.84751],[0.270411,0.426576],[0.667135,0.59898]]"
58358c3cda2dd87b2e37246b,frames/58358c3cda2dd87b2e37246b.png,"[[0.947031,0.334078],[0.866312,0.60194],[0.310256,0.617885],[0.084247,0.405826],[0.608014,0.65615],[0.71205,0.727899],[0.930883,0.536569],[0.34613,0.576429],[0.875281,0.240007],[0.955992,0.657744],[0.635816,0.702389],[0.703978,0.758193],[0.267207,0.617885],[0.378417,0.512653],[0.28335,0.646583],[0.320122,0.461631],[0.614292,0.581212],[0.538059,0.613101],[0.399045,0.204929],[0.555996,0.42496],[0.444785,0.514247],[0.93268,0.609912],[0.361602,0.451669],[0.575727,0.581212],[0.63492,0.579618],[0.644785,0.855453],[0.298597,0.71355],[0.714741,0.621074],[0.294112,0.528597],[0.736265,0.444093],[0.294112,0.394665],[0.648373,0.464819],[0.373934,0.688039],[0.272588,0.461631],[0.182005,0.378721],[0.207117,0.466414],[0.886937,0.743843],[0.947031,0.71355],[0.057341,0.487142],[0.974828,0.544542],[0.975,0.464819]]"
583a049f28a47302631d3a21,frames/583a049f28a47302631d3a21.png,"[[0.060929,0.546135],[0.11205,0.775732],[0.253754,0.791676],[0.188283,0.680067],[0.2977,0.648178],[0.038507,0.908068],[0.17752,0.416988],[0.442095,0.468008],[0.341646,0.498303],[0.120122,0.605129],[0.542543,0.911257],[0.593664,0.185797],[0.55779,0.300594],[0.629538,0.772543],[0.695009,0.955556],[0.77752,0.836319],[0.544337,0.192174],[0.742543,0.531786],[0.769449,0.058243],[0.786489,0.350022],[0.813398,0.361183],[0.739852,0.292622],[0.862719,0.321322],[0.121019,0.691228],[0.471691,0.654556],[0.807117,0.200146],[0.133574,0.401043],[0.951508,0.629046],[0.605323,0.869803],[0.218777,0.919229],[0.309359,0.935174],[0.15779,0.908068]]"
585297fbdc67887b85aac1f9,frames/585297fbdc67887b85aac1f9.png,"[[0.52356,0.621369],[0.422805,0.75795],[0.479096,0.143026],[0.454291,0.87214],[0.395097,0.260888],[0.444215,0.276561],[0.473182,0.236259],[0.458069,0.518375],[0.653281,0.352688],[0.435399,0.209391]]"
586d1382237f422a5332fb8d,frames/586d1382237f422a5332fb8d.png,"[[0.442095,0.609912],[0.295906,0.632235],[0.968555,0.464819],[0.755996,0.225657],[0.319225,0.102887],[0.476175,0.055054],[0.596355,0.088537],[0.051063,0.365967],[0.132677,0.955556],[0.084247,0.509464],[0.190077,0.506275],[0.180211,0.57324],[0.57214,0.807621],[0.04927,0.786893]]"
58864d48c6ed74f0945d0091,frames/58864d48c6ed74f0945d0091.png,"[[0.2977,0.702389],[0.537162,0.316539],[0.414292,0.232035],[0.72909,0.676878],[0.743157,0.421128],[0.843516,0.252351],[0.764965,0.455254],[0.777516,0.04982],[0.537913,0.112509],[0.79187,0.074187],[0.405323,0.181013],[0.561092,0.435946],[0.32909,0.354806],[0.399045,0.294217],[0.225951,0.45366],[0.222364,0.691228],[0.303978,0.75341],[0.339852,0.43931],[0.537009,0.369692],[0.609342,0.303789],[0.433935,0.427558],[0.420373,0.400232],[0.620191,0.257174],[0.898672,0.787614],[0.355273,0.506321],[0.502651,0.509535],[0.426702,0.40184],[0.474622,0.442025],[0.051476,0.922635],[0.567751,0.695993],[0.577696,0.385765],[0.630138,0.388981],[0.617479,0.260389],[0.575888,0.29736],[0.405002,0.85191],[0.526399,0.806026],[0.51205,0.933579],[0.500391,0.420176],[0.975,0.955556]]"
588bd73f229674e4f7cf6b1b,frames/588bd73f229674e4f7cf6b1b.png,"[[0.416507,0.175806],[0.61424,0.630326],[0.454291,0.245215],[0.481998,0.175806],[0.377465,0.287756],[0.678474,0.596741],[0.668396,0.372839],[0.571417,0.419858],[0.43414,0.876618],[0.602906,0.278801]]"
58b363d36488420b274e665a,frames/58b363d36488420b274e665a.png,"[[0.20353,0.742249],[0.74613,0.23044],[0.46631,0.165069],[0.520122,0.102887],[0.194561,0.871397],[0.26362,0.951118],[0.962273,0.517436],[0.12909,0.520625],[0.123709,0.799649],[0.363171,0.423365],[0.336265,0.732682],[0.762274,0.12202],[0.349718,0.818781],[0.66362,0.155503],[0.473485,0.58759],[0.326399,0.495114],[0.407117,0.506275]]"
5917b62568700c72733f76d1,frames/5917b62568700c72733f76d1.png,"[[0.699494,0.204929],[0.602633,0.069404],[0.180211,0.361183],[0.936266,0.386693],[0.196355,0.839508],[0.482453,0.681661],[0.895008,0.721522],[0.257341,0.812403],[0.573037,0.3277],[0.642991,0.420176],[0.032229,0.633829],[0.345234,0.295811],[0.592767,0.455254],[0.141646,0.783704],[0.767655,0.550918],[0.622904,0.532039],[0.518926,0.54329],[0.553284,0.501499],[0.438455,0.594726],[0.336286,0.393803],[0.456539,0.13019],[0.074984,0.194486],[0.776623,0.118831],[0.425951,0.373938],[0.61788,0.254357],[0.414292,0.877775]]"
592858d69e34ef163d7764dd,frames/592858d69e34ef163d7764dd.png,"[[0.025,0.750221],[0.164965,0.565268],[0.332677,0.472792],[0.653754,0.169852],[0.431332,0.632235],[0.602633,0.386693],[0.469898,0.383504],[0.57483,0.055054],[0.667207,0.270301],[0.72909,0.676878],[0.555996,0.223419],[0.820914,0.218597],[0.77214,0.455254],[0.81368,0.138227],[0.669016,0.350403],[0.37214,0.554107],[0.404098,0.945139],[0.490525,0.483953],[0.383798,0.745437],[0.61788,0.528597],[0.596684,0.242708],[0.45021,0.326292],[0.580211,0.550918],[0.46631,0.609912],[0.450166,0.329294],[0.173934,0.275085],[0.552409,0.263924],[0.499494,0.688039],[0.498597,0.625857],[0.436713,0.584401],[0.465413,0.351617],[0.410705,0.523814],[0.563171,0.683256],[0.552409,0.512653],[0.453754,0.483953],[0.569186,0.394379],[0.496344,0.730111],[0.609653,0.877193]]"
5952e31e21e2d8aad52a34ab,frames/5952e31e21e2d8aad52a34ab.png,"[[0.415248,0.610175],[0.481998,0.368361],[0.492074,0.509419],[0.59787,0.247455],[0.648245,0.883334],[0.636911,0.160132],[0.667135,0.229543],[0.624318,0.377318],[0.746484,0.787056],[0.704922,0.766906]]"
595b9516d41e805287050036,frames/595b9516d41e805287050036.png,"[[0.225055,0.780515],[0.445682,0.743843],[0.455548,0.863425],[0.628641,0.383504],[0.476175,0.547729],[0.311153,0.847481],[0.397252,0.428149],[0.421467,0.673689],[0.182902,0.359589],[0.521916,0.523814],[0.695009,0.522219],[0.421467,0.676878],[0.616086,0.477575],[0.486041,0.423365],[0.518328,0.329294],[0.45196,0.359589],[0.601736,0.326106],[0.549718,0.177824],[0.687834,0.877775]]"
596c42a381f1a690357b2398,frames/596c42a381f1a690357b2398.png,"[[0.694844,0.471356],[0.481998,0.368361],[0.498371,0.480312],[0.572677,0.276561],[0.640688,0.773623],[0.353535,0.818403],[0.562604,0.695257],[0.542452,0.811686],[0.401394,0.892291],[0.649505,0.704213]]"
596c7ac83ebe72cf781e9540,frames/596c7ac83ebe72cf781e9540.png,"[[0.339681,0.258649],[0.668396,0.663911],[0.461847,0.238498],[0.492074,0.195957],[0.415248,0.399707],[0.670917,0.592263],[0.68099,0.401946],[0.573938,0.426576],[0.36487,0.782579],[0.634391,0.328059]]"
599a3549828e83d7d70fd7d9,frames/599a3549828e83d7d70fd7d9.png,"[[0.577719,0.650477],[0.47948,0.3706],[0.497112,0.471356],[0.575198,0.272083],[0.663359,0.722125],[0.308195,0.726604],[0.599125,0.798252],[0.537414,0.858706],[0.343459,0.84751],[0.66462,0.648238]]"
59b939d700c09e6942b68fd5,frames/59b939d700c09e6942b68fd5.png,"[[0.334643,0.560917],[0.420285,0.793774],[0.426583,0.269844],[0.704922,0.25641],[0.629354,0.607936],[0.66462,0.220586],[0.630615,0.043519],[0.561344,0.21163],[0.645724,0.446727],[0.329606,0.377318]]"
59c10746da6dfa563ed0bb5e,frames/59c10746da6dfa563ed0bb5e.png,"[[0.221467,0.351617],[0.295906,0.372343],[0.173934,0.662528],[0.070794,0.694417],[0.71205,0.512653],[0.429538,0.732682],[0.629538,0.544542],[0.173037,0.829942],[0.703978,0.933579],[0.677072,0.321322],[0.641198,0.464819],[0.044785,0.627451],[0.554202,0.499897],[0.13178,0.289433],[0.479762,0.314944]]"
59cd41fd2fbbee0f703db0e4,frames/59cd41fd2fbbee0f703db0e4.png,"[[0.409808,0.609912],[0.342543,0.877775],[0.422364,0.922418],[0.644785,0.214496],[0.469898,0.57324],[0.296803,0.885747],[0.541646,0.955556],[0.180211,0.361183],[0.596355,0.696011],[0.786489,0.203335],[0.542543,0.955556],[0.487834,0.718333],[0.558687,0.542947],[0.530884,0.300594],[0.486937,0.480764],[0.507566,0.372343],[0.578417,0.225657],[0.625951,0.525408],[0.416086,0.554107],[0.419673,0.326106],[0.456445,0.420176]]"
59fdff1ae2b6a34cedadf9bf,frames/59fdff1ae2b6a34cedadf9bf.png,"[[0.161377,0.372343],[0.338059,0.643394],[0.241198,0.879369],[0.629538,0.332483],[0.63761,0.27349],[0.032229,0.557296],[0.642991,0.691228],[0.508463,0.455254],[0.744966,0.660631],[0.590355,0.461314],[0.392344,0.66706],[0.458347,0.09322],[0.686938,0.195362],[0.22057,0.401043],[0.609808,0.160286],[0.366759,0.780515],[0.412498,0.316539],[0.257341,0.649772],[0.440301,0.622668],[0.461826,0.386693],[0.510256,0.098103],[0.568552,0.260735]]"
5a248701fb4ea27468ba964e,frames/5a248701fb4ea27468ba964e.png,"[[0.43492,0.657744],[0.399045,0.93039],[0.628641,0.117237],[0.512947,0.635422],[0.2977,0.890531],[0.182902,0.361183],[0.629538,0.75341],[0.702184,0.13637],[0.342543,0.79646],[0.561377,0.566862],[0.502184,0.310161],[0.480659,0.531786],[0.4977,0.370749],[0.590973,0.254357],[0.526399,0.43931],[0.451063,0.578024],[0.371243,0.3277],[0.472588,0.442499],[0.394561,0.377126],[0.469001,0.3277]]"
5a512818f096c1a47c7aad25,frames/5a512818f096c1a47c7aad25.png,"[[0.369449,0.745437],[0.418777,0.275085],[0.729987,0.678472],[0.74587,0.419521],[0.810969,0.242708],[0.768552,0.455254],[0.776611,0.04982],[0.57408,0.072324],[0.814289,0.080565],[0.33178,0.227251],[0.57548,0.464724],[0.378417,0.380315],[0.385592,0.321322],[0.210705,0.444093],[0.123709,0.61629],[0.329987,0.877775],[0.292319,0.491925],[0.507172,0.303789],[0.405002,0.617231],[0.650933,0.366476],[0.875164,0.720104],[0.313682,0.700815],[0.46558,0.393803],[0.348944,0.43881],[0.577696,0.514357],[0.597588,0.450061],[0.598492,0.430772],[0.653645,0.350403],[0.577696,0.366476],[0.384206,0.805296],[0.504875,0.590779],[0.46631,0.705578],[0.419673,0.547729],[0.862719,0.955556],[0.45196,0.592374],[0.496803,0.479169],[0.476175,0.332483],[0.54344,0.522219],[0.425951,0.359589],[0.469001,0.420176],[0.57483,0.044444]]"
5a5648ee3c05ded56a6551ca,frames/5a5648ee3c05ded56a6551ca.png,"[[0.765862,0.606724],[0.873484,0.716739],[0.629538,0.458442],[0.510256,0.955556],[0.306669,0.24479],[0.082453,0.799649],[0.488731,0.629046],[0.55779,0.45366],[0.684247,0.798054],[0.396355,0.539758],[0.496803,0.080565]]"
5a8b06db5734064f7bf7206f,frames/5a8b06db5734064f7bf7206f.png,"[[0.743964,0.630326],[0.480739,0.377318],[0.489555,0.473594],[0.692328,0.487029],[0.746484,0.585545],[0.359832,0.433293],[0.596609,0.108635],[0.605422,0.84751],[0.295601,0.639281],[0.662099,0.596741]]"
5ab1fd1540d2ac0fc423928e,frames/5ab1fd1540d2ac0fc423928e.png,"[[0.391109,0.343657],[0.407647,0.561225],[0.457261,0.73567],[0.610516,0.43382],[0.634771,0.610227],[0.673432,0.487029],[0.708698,0.493746],[0.673432,0.148938],[0.709958,0.433293],[0.759078,0.43777]]"
5ac84c81db6a49fe1574d7cd,frames/5ac84c81db6a49fe1574d7cd.png,"[[0.427842,0.155655],[0.592828,0.621369],[0.449253,0.245215],[0.486151,0.190057],[0.36487,0.278801],[0.677214,0.572111],[0.660839,0.357166],[0.573938,0.417619],[0.503409,0.887813],[0.601646,0.247455]]"
5ae0775b5768aa4a56ccead5,frames/5ae0775b5768aa4a56ccead5.png,"[[0.496953,0.751351],[0.537747,0.861115],[0.588464,0.917956],[0.571927,0.508303],[0.464979,0.41226],[0.413841,0.563171],[0.643208,0.592263],[0.783005,0.251932],[0.73137,0.422097],[0.765375,0.451205]]"
5b13adde2cbc376e8b22ccda,frames/5b13adde2cbc376e8b22ccda.png,"[[0.056444,0.397854],[0.154202,0.638611],[0.522812,0.416988],[0.208911,0.68485],[0.494113,0.409015],[0.163171,0.955556],[0.600839,0.413799],[0.445682,0.378721],[0.309359,0.745437],[0.271691,0.450471],[0.430435,0.922418],[0.390077,0.354806],[0.061826,0.487142],[0.562274,0.303783],[0.498597,0.318133]]"
5b15bade7927905f5fa03919,frames/5b15bade7927905f5fa03919.png,"[[0.355996,0.740654],[0.434023,0.354806],[0.730884,0.676878],[0.744966,0.421128],[0.771186,0.228242],[0.769449,0.464819],[0.781132,0.044444],[0.55238,0.044444],[0.881555,0.069404],[0.225055,0.12202],[0.659113,0.640582],[0.39187,0.648178],[0.336265,0.503086],[0.199942,0.691228],[0.167655,0.613101],[0.271691,0.340456],[0.478239,0.951568],[0.565942,0.342367],[0.831766,0.741],[0.313682,0.729749],[0.569559,0.342367],[0.574984,0.376121],[0.499034,0.54329],[0.858234,0.955556],[0.432229,0.267112],[0.492319,0.6992],[0.410705,0.292622],[0.37752,0.955556],[0.539852,0.044444],[0.441198,0.702389],[0.413395,0.377126],[0.330884,0.847481],[0.491422,0.627451],[0.329987,0.774138],[0.295009,0.622668],[0.611602,0.707172],[0.232308,0.715282],[0.427605,0.268426],[0.518022,0.847088],[0.535201,0.955556],[0.496322,0.475779],[0.479143,0.411485],[0.473718,0.335936]]"
5b21fe23388bab13b4820e49,frames/5b21fe23388bab13b4820e49.png,"[[0.025,0.351617],[0.031332,0.718333],[0.149718,0.495114],[0.356893,0.742249],[0.272588,0.885747],[0.504875,0.75341],[0.454651,0.321322],[0.373934,0.885747],[0.630435,0.402638],[0.544337,0.617885],[0.536265,0.65615],[0.571243,0.334078],[0.650166,0.214496],[0.568552,0.683256],[0.600839,0.059837],[0.721916,0.43931],[0.729987,0.676878],[0.549667,0.220204],[0.81368,0.247531],[0.769449,0.447282],[0.848039,0.159123],[0.416983,0.778921],[0.038817,0.937101],[0.547859,0.382551],[0.499938,0.480601],[0.268104,0.665717],[0.422181,0.39541],[0.466484,0.530431],[0.599396,0.62366],[0.622,0.233064],[0.544242,0.535253],[0.438455,0.765111],[0.033126,0.877775],[0.612498,0.828347],[0.513844,0.479169],[0.500391,0.428149]]"
5b227b7fde2563642b992640,frames/5b227b7fde2563642b992640.png,"[[0.859133,0.694417],[0.158687,0.593968],[0.025,0.68485],[0.866312,0.603535],[0.123709,0.694417],[0.770282,0.509535],[0.65455,0.364869],[0.025,0.531786],[0.559584,0.702389],[0.96407,0.735871],[0.880656,0.566862],[0.682453,0.455254],[0.395458,0.512653],[0.236713,0.590779],[0.533574,0.300594],[0.550615,0.445687],[0.573934,0.58759],[0.822367,0.578024],[0.653754,0.566862],[0.530884,0.495114],[0.44927,0.386693],[0.721019,0.311756],[0.550615,0.598751],[0.399045,0.340456],[0.34613,0.546135],[0.616983,0.65615],[0.363171,0.343644],[0.655548,0.41061],[0.468104,0.544542],[0.717431,0.673689],[0.706669,0.378721],[0.025,0.249574],[0.850164,0.637017],[0.295906,0.442499],[0.129987,0.625857],[0.829539,0.442499],[0.086041,0.420176],[0.171243,0.534975],[0.103013,0.263604],[0.957789,0.488736]]"
5b38240700606531b57fdeee,frames/5b38240700606531b57fdeee.png,"[[0.034023,0.334078],[0.490525,0.600346],[0.439404,0.503086],[0.867203,0.694417],[0.319225,0.681661],[0.823258,0.238413],[0.651063,0.16188],[0.895906,0.219279],[0.751512,0.220874],[0.365862,0.05346],[0.657341,0.203335]]"
5b3c8b8006e0320b1ab295a6,frames/5b3c8b8006e0320b1ab295a6.png,"[[0.453031,0.135504],[0.570161,0.614653],[0.461847,0.245215],[0.475701,0.195957],[0.400134,0.236259],[0.670917,0.408663],[0.635651,0.260888],[0.575198,0.419858],[0.522301,0.858706],[0.568901,0.218347]]"
5b427558343989d4b8dc91c3,frames/5b427558343989d4b8dc91c3.png,"[[0.025,0.745437],[0.196355,0.593968],[0.242991,0.554107],[0.599045,0.114048],[0.252857,0.702389],[0.580211,0.659339],[0.578417,0.044444],[0.63761,0.225657],[0.72909,0.676878],[0.558709,0.228242],[0.827242,0.231456],[0.77214,0.447282],[0.798311,0.101257],[0.66992,0.366476],[0.39187,0.340456],[0.652857,0.466414],[0.596684,0.242708],[0.278866,0.094915],[0.566759,0.397854],[0.405323,0.491925],[0.365862,0.865019],[0.438507,0.337267],[0.312947,0.863425],[0.419673,0.783704],[0.535013,0.616601],[0.516128,0.453532],[0.566488,0.528672],[0.414509,0.667761],[0.662711,0.897976],[0.38933,0.640582],[0.485552,0.770079],[0.552998,0.371997]]"
5b48bb58f4d7acfeb21c6cca,frames/5b48bb58f4d7acfeb21c6cca.png,"[[0.578974,0.657194],[0.480739,0.3706],[0.497112,0.482551],[0.575198,0.276561],[0.662099,0.722125],[0.330865,0.742277],[0.594089,0.787056],[0.542452,0.811686],[0.343459,0.858706],[0.665875,0.652716]]"
5b5e30532e4e240c11e19889,frames/5b5e30532e4e240c11e19889.png,"[[0.575727,0.472792],[0.87707,0.683256],[0.709359,0.614696],[0.825953,0.498303],[0.523709,0.432932],[0.73178,0.887342],[0.582902,0.372343],[0.348821,0.329294],[0.51205,0.343644],[0.698597,0.126803],[0.46362,0.506275],[0.870797,0.444093],[0.298597,0.063026],[0.025054,0.498303],[0.975,0.550918]]"
5b6a5c4233537e9a1ccaf5ed,frames/5b6a5c4233537e9a1ccaf5ed.png,"[[0.117431,0.447282],[0.216086,0.187392],[0.669001,0.044444],[0.631332,0.863425],[0.586489,0.747032],[0.745234,0.468008],[0.107566,0.955556],[0.664516,0.126803],[0.300391,0.380315],[0.536265,0.044444],[0.751512,0.27349],[0.421467,0.65615],[0.597252,0.181013],[0.836711,0.204929],[0.166759,0.166664],[0.805323,0.60194],[0.673485,0.933579]]"
5b8980954079b42a59c893fc,frames/5b8980954079b42a59c893fc.png,"[[0.230435,0.885747],[0.470795,0.3277],[0.688731,0.555701],[0.480659,0.412204],[0.279762,0.912851],[0.621467,0.420176],[0.45196,0.472792],[0.302184,0.79646],[0.468104,0.622668],[0.305772,0.58759],[0.16048,0.373938],[0.555099,0.365967],[0.521019,0.475981],[0.309359,0.58759],[0.573934,0.247979]]"
5b9a583576a316c3523bf89e,frames/5b9a583576a316c3523bf89e.png,"[[0.512225,0.605696],[0.408951,0.737798],[0.489555,0.144459],[0.466885,0.887813],[0.386281,0.267606],[0.445474,0.285518],[0.472042,0.230818],[0.447993,0.534048],[0.653281,0.339254],[0.437918,0.209391]]"
5b9ba4882ffd2dcbccd13c6b,frames/5b9ba4882ffd2dcbccd13c6b.png,"[[0.479762,0.595562],[0.322812,0.657744],[0.93268,0.412204],[0.745234,0.181013],[0.754202,0.225657],[0.344337,0.125209],[0.512947,0.083754],[0.612498,0.044444],[0.141646,0.192174],[0.121019,0.911257],[0.095906,0.409015],[0.17752,0.321322],[0.219673,0.576429],[0.499494,0.955556]]"
5bccb007fa9ab3adc99b2f9a,frames/5bccb007fa9ab3adc99b2f9a.png,"[[0.045682,0.547729],[0.035817,0.436121],[0.073485,0.751815],[0.135368,0.825158],[0.185592,0.73906],[0.199942,0.841103],[0.147924,0.955556],[0.126399,0.238413],[0.384695,0.13637],[0.309359,0.338861],[0.173934,0.554107],[0.267207,0.65615],[0.258238,0.791676],[0.534471,0.868208],[0.60622,0.305378],[0.573934,0.58759],[0.688731,0.578024],[0.707566,0.807621],[0.75779,0.598751],[0.573934,0.137964],[0.728193,0.412204],[0.766759,0.064621],[0.773934,0.361183],[0.804427,0.41061],[0.773037,0.227251],[0.863617,0.420176],[0.678866,0.118831],[0.073485,0.657744],[0.43761,0.874586],[0.934469,0.080565],[0.036714,0.249574],[0.742543,0.165069],[0.708462,0.044444]]"
5bccc0f9f47f2cd8bffba133,frames/5bccc0f9f47f2cd8bffba133.png,"[[0.463107,0.737798],[0.481998,0.368361],[0.497112,0.498224],[0.590312,0.249694],[0.63313,0.831837],[0.606682,0.522853],[0.723812,0.446727],[0.571417,0.453444],[0.677214,0.681823],[0.648245,0.778101]]"
5beb7ca55708a04fa70dbb0b,frames/5beb7ca55708a04fa70dbb0b.png,"[[0.327086,0.43777],[0.560083,0.84751],[0.333384,0.55196],[0.619276,0.827359],[0.508447,0.070572],[0.658323,0.16685],[0.791823,0.498224],[0.620536,0.500463],[0.546229,0.693019],[0.73263,0.466878]]"
5c9a526a1efa68bcc06dc2a7,frames/5c9a526a1efa68bcc06dc2a7.png,"[[0.327086,0.695257],[0.330865,0.751232],[0.461847,0.247455],[0.503409,0.227303],[0.521041,0.560917],[0.677214,0.616892],[0.646984,0.328059],[0.592828,0.305669],[0.618021,0.487029],[0.698625,0.558678]]"
5cb0467fbc39ef0bbf263850,frames/5cb0467fbc39ef0bbf263850.png,"[[0.754202,0.893719],[0.82057,0.863425],[0.544337,0.922418],[0.175727,0.044444],[0.134471,0.857047],[0.550615,0.531786],[0.699494,0.935174],[0.431332,0.495114],[0.295009,0.565268],[0.834922,0.278274],[0.115638,0.565268],[0.329987,0.660933],[0.782902,0.21609],[0.640301,0.066215],[0.34613,0.511058]]"
5cb0c2e7ee24db409ba5abcd,frames/5cb0c2e7ee24db409ba5abcd.png,"[[0.210705,0.766165],[0.741646,0.227251],[0.461826,0.332483],[0.482453,0.16188],[0.151512,0.3277],[0.136265,0.841103],[0.353305,0.416988],[0.268104,0.688039],[0.770346,0.118831],[0.335368,0.790082],[0.669001,0.165069],[0.451063,0.654556],[0.268104,0.432932],[0.422364,0.488736],[0.409808,0.171447],[0.709359,0.117237],[0.943437,0.735871]]"
5cd3f655c1acbb0d77f2f8d6,frames/5cd3f655c1acbb0d77f2f8d6.png,"[[0.210705,0.766165],[0.742543,0.228846],[0.462723,0.287839],[0.492319,0.118831],[0.277072,0.955556],[0.975,0.402638],[0.155996,0.362778],[0.129987,0.836319],[0.355099,0.41061],[0.275279,0.705578],[0.766759,0.115642],[0.339852,0.809215],[0.669001,0.169852],[0.455548,0.624262],[0.276175,0.447282],[0.416086,0.509464],[0.40622,0.125209],[0.712947,0.125209],[0.972141,0.718333]]"
5cf6c27bfef42be54f9b746a,frames/5cf6c27bfef42be54f9b746a.png,"[[0.620191,0.48221],[0.427605,0.503106],[0.527967,0.467743],[0.614766,0.675097],[0.70247,0.504712],[0.656358,0.594726],[0.327296,0.609912],[0.102109,0.464528],[0.679866,0.668667],[0.025,0.657744],[0.153305,0.818781],[0.966758,0.461631],[0.810703,0.581212],[0.975,0.511058],[0.975,0.613101],[0.488731,0.643394],[0.876977,0.848696],[0.63761,0.6992],[0.567655,0.394665],[0.864516,0.598751],[0.904875,0.798054],[0.618777,0.547729],[0.475279,0.691228],[0.281132,0.372907],[0.287834,0.705578],[0.773037,0.678472],[0.854648,0.721522],[0.257624,0.625268],[0.211602,0.432932],[0.165862,0.576429],[0.937164,0.829942],[0.050166,0.334078],[0.142543,0.409015],[0.08335,0.542947],[0.054651,0.442499],[0.025,0.480764]]"
5cf71ed28fa2ad2135232d4f,frames/5cf71ed28fa2ad2135232d4f.png,"[[0.537414,0.645999],[0.436658,0.787056],[0.47822,0.151177],[0.435399,0.89453],[0.388799,0.267606],[0.464366,0.287756],[0.47696,0.225064],[0.485777,0.50718],[0.669656,0.372839],[0.429102,0.198196]]"
5d3184367d1f4b166069b92b,frames/5d3184367d1f4b166069b92b.png,"[[0.196355,0.332483],[0.213395,0.412204],[0.34613,0.522219],[0.173934,0.659339],[0.232229,0.919229],[0.285144,0.445687],[0.458238,0.350022],[0.342543,0.361183],[0.861828,0.911257],[0.392767,0.499897],[0.510256,0.852264],[0.451063,0.43931],[0.540749,0.523814],[0.573934,0.813997],[0.448373,0.483953],[0.692319,0.955556],[0.554202,0.252762],[0.700391,0.233629],[0.703978,0.60194],[0.025,0.58759]]"
5d3b4c54e5f4f7c6284cde03,frames/5d3b4c54e5f4f7c6284cde03.png,"[[0.764965,0.852264],[0.834023,0.844292],[0.128193,0.044444],[0.101288,0.955556],[0.530884,0.605129],[0.66631,0.955556],[0.431332,0.495114],[0.873484,0.338861],[0.241198,0.533381],[0.323709,0.681661],[0.826852,0.169852],[0.316534,0.394665],[0.74344,0.217685]]"
5dc732aa3abc81e3963f91de,frames/5dc732aa3abc81e3963f91de.png,"[[0.182902,0.423365],[0.168552,0.6705],[0.26362,0.487142],[0.610705,0.506275],[0.257341,0.828347],[0.539852,0.483953],[0.13178,0.955556],[0.569449,0.270301],[0.619673,0.421771],[0.471691,0.354806],[0.092319,0.044444],[0.307566,0.743843],[0.199045,0.845886],[0.428641,0.922418],[0.43492,0.294217]]"
5dd1ccde5e7933a579b8f39b,frames/5dd1ccde5e7933a579b8f39b.png,"[[0.898594,0.659339],[0.140749,0.550918],[0.866312,0.603535],[0.111153,0.688039],[0.827242,0.51275],[0.677154,0.348796],[0.025,0.547729],[0.559584,0.676878],[0.975,0.72471],[0.942547,0.565268],[0.77214,0.423365],[0.365862,0.517436],[0.26631,0.629046],[0.534471,0.343644],[0.562274,0.444093],[0.586489,0.622668],[0.879766,0.512653],[0.715637,0.58759],[0.49501,0.476781],[0.396355,0.450471],[0.781108,0.28465],[0.576623,0.637017],[0.368552,0.295811],[0.353305,0.589185],[0.642095,0.680067],[0.37483,0.388288],[0.613395,0.365967],[0.492319,0.550918],[0.6977,0.651367],[0.684247,0.386693],[0.025,0.271896],[0.814289,0.646583],[0.33178,0.456847],[0.122812,0.617885],[0.827742,0.444093],[0.127296,0.442499],[0.247476,0.490331],[0.110246,0.207344],[0.924609,0.45366],[0.966758,0.445687],[0.975,0.839508]]"
5dde238db1a7505519a4be17,frames/5dde238db1a7505519a4be17.png,"[[0.743964,0.639281],[0.481998,0.3706],[0.489555,0.478073],[0.619276,0.124308],[0.745224,0.581068],[0.3422,0.401946],[0.374945,0.236259],[0.605422,0.84751],[0.276709,0.417619],[0.667135,0.592263]]"
5de81c9b87a7159871927df2,frames/5de81c9b87a7159871927df2.png,"[[0.252857,0.691228],[0.556893,0.350022],[0.46631,0.114048],[0.72909,0.676878],[0.735924,0.424343],[0.85618,0.273249],[0.764965,0.45366],[0.764857,0.051428],[0.588546,0.281285],[0.766759,0.085348],[0.376623,0.114048],[0.330884,0.841103],[0.645624,0.491901],[0.587171,0.853212],[0.364068,0.593968],[0.384695,0.951118],[0.428641,0.310161],[0.559584,0.21609],[0.493216,0.774138],[0.262723,0.520625],[0.510256,0.217685],[0.405323,0.774138],[0.476175,0.71355],[0.323709,0.595562],[0.462723,0.362778],[0.435816,0.499897],[0.401736,0.405826],[0.47643,0.532039],[0.500843,0.433988],[0.515309,0.712067],[0.471005,0.766718],[0.626521,0.856732],[0.459252,0.416307],[0.583121,0.742607],[0.383302,0.774756],[0.491801,0.413092],[0.48728,0.893703]]"
5df3da6ea57bf90c4b7aee80,frames/5df3da6ea57bf90c4b7aee80.png,"[[0.260032,0.632235],[0.551512,0.299],[0.431332,0.166664],[0.729987,0.673689],[0.744966,0.424343],[0.855273,0.27164],[0.765862,0.45366],[0.775707,0.04982],[0.521638,0.184842],[0.75779,0.063026],[0.37214,0.120425],[0.441198,0.890531],[0.621344,0.447138],[0.320122,0.442499],[0.431332,0.318133],[0.415189,0.834725],[0.268104,0.506275],[0.269898,0.721522],[0.35779,0.928796],[0.291422,0.498303],[0.355099,0.41061],[0.457443,0.466136],[0.423989,0.495068],[0.585834,0.536861],[0.460155,0.63009],[0.560517,0.411485],[0.36974,0.514357],[0.381494,0.371299],[0.513501,0.604371],[0.512597,0.350403],[0.526159,0.517572],[0.943883,0.810118],[0.420373,0.413092],[0.568655,0.821369],[0.461964,0.382551],[0.497226,0.432381],[0.087642,0.955556],[0.667208,0.955556],[0.536105,0.408269]]"
5dfcb887ee0842c499543f8f,frames/5dfcb887ee0842c499543f8f.png,"[[0.025,0.428149],[0.138059,0.654556],[0.513844,0.409015],[0.214292,0.57324],[0.477072,0.434526],[0.195458,0.955556],[0.614292,0.405826],[0.436713,0.388288],[0.309359,0.758193],[0.345234,0.405826],[0.435816,0.904879],[0.398148,0.365967],[0.070794,0.483953],[0.601736,0.306972],[0.506669,0.321322],[0.390973,0.362778]]"
5e04830f24407e19f0c64389,frames/5e04830f24407e19f0c64389.png,"[[0.542452,0.87214],[0.672177,0.742277],[0.348497,0.220586],[0.323308,0.569872],[0.589052,0.191479],[0.721292,0.287756],[0.723812,0.466878],[0.536155,0.090723],[0.310714,0.440009],[0.635651,0.834076]]"
5e071fdc8b7f2ede51afa6ad,frames/5e071fdc8b7f2ede51afa6ad.png,"[[0.181108,0.362778],[0.24927,0.654556],[0.421467,0.721522],[0.904875,0.71355],[0.261826,0.812403],[0.62057,0.299],[0.669001,0.348428],[0.027745,0.603535],[0.37752,0.329294],[0.631332,0.544542],[0.161377,0.790082],[0.630435,0.665717],[0.735924,0.522394],[0.537009,0.478994],[0.555996,0.633304],[0.425798,0.506321],[0.360429,0.367418],[0.458347,0.149479],[0.027063,0.390588],[0.708462,0.173041],[0.413395,0.42496],[0.622364,0.236818],[0.408911,0.869803],[0.423261,0.120425],[0.213395,0.900097]]"
5e0cf62a3fcf20b77abdb3ab,frames/5e0cf62a3fcf20b77abdb3ab.png,"[[0.179314,0.361183],[0.32909,0.721522],[0.947922,0.57324],[0.286041,0.791676],[0.604427,0.340456],[0.679762,0.281461],[0.027745,0.555701],[0.727296,0.6705],[0.129987,0.947929],[0.608911,0.654556],[0.853461,0.511143],[0.6437,0.433988],[0.475527,0.689564],[0.471005,0.422736],[0.469197,0.118938],[0.700391,0.149125],[0.312947,0.42496],[0.651063,0.163475],[0.388283,0.839508],[0.414292,0.110859],[0.202633,0.834725],[0.435816,0.365967],[0.488731,0.354806]]"
5e24b617a5e736e023469c15,frames/5e24b617a5e736e023469c15.png,"[[0.975,0.420176],[0.866312,0.60194],[0.36048,0.660933],[0.13178,0.373938],[0.597252,0.617885],[0.689628,0.72471],[0.855547,0.57324],[0.975,0.688039],[0.356893,0.609912],[0.025,0.57324],[0.864516,0.27349],[0.862719,0.640206],[0.607117,0.762976],[0.64927,0.732682],[0.295906,0.598751],[0.954203,0.659339],[0.446579,0.662528],[0.317431,0.584401],[0.253754,0.506275],[0.63761,0.622668],[0.516534,0.499897],[0.394561,0.209712],[0.60622,0.372343],[0.373934,0.455254],[0.797252,0.58759],[0.283845,0.414699],[0.635816,0.525408],[0.687834,0.517436],[0.647476,0.863425],[0.230435,0.681661],[0.76048,0.694417],[0.240301,0.58759],[0.754202,0.43931],[0.242095,0.370749],[0.77483,0.506275],[0.334471,0.761382],[0.20353,0.520625],[0.103978,0.321322],[0.073485,0.475981],[0.975,0.769354]]"
5e4a3e315205d95125597685,frames/5e4a3e315205d95125597685.png,"[[0.902187,0.654556],[0.125295,0.520508],[0.866312,0.603535],[0.103081,0.673689],[0.854367,0.509535],[0.690716,0.342367],[0.025,0.550918],[0.56048,0.683256],[0.975,0.710361],[0.965859,0.590779],[0.782005,0.409015],[0.339852,0.523814],[0.275279,0.614696],[0.533574,0.338861],[0.573037,0.445687],[0.58918,0.643394],[0.907562,0.514247],[0.721916,0.565268],[0.485144,0.464819],[0.388283,0.432932],[0.784695,0.295811],[0.590077,0.665717],[0.361377,0.295811],[0.358687,0.621074],[0.64927,0.691228],[0.385592,0.397854],[0.605323,0.343644],[0.523709,0.562079],[0.703081,0.65615],[0.682453,0.394665],[0.025,0.275085],[0.801736,0.654556],[0.341646,0.455254],[0.12909,0.624262],[0.832227,0.434526],[0.135368,0.447282],[0.274382,0.506275],[0.109342,0.191271],[0.904875,0.436121],[0.957789,0.444093],[0.971242,0.847481]]"
5e92796a15f80477b14b8071,frames/5e92796a15f80477b14b8071.png,"[[0.458238,0.490331],[0.321916,0.668906],[0.896805,0.351617],[0.790973,0.13637],[0.750615,0.236818],[0.399942,0.340456],[0.551512,0.131586],[0.615189,0.044444],[0.166759,0.085348],[0.071691,0.871397],[0.077072,0.214496],[0.228641,0.144342],[0.301288,0.584401]]"
5ea3c4004961e0daaa001b80,frames/5ea3c4004961e0daaa001b80.png,"[[0.3422,0.171328],[0.405172,0.68854],[0.385021,0.753471],[0.480739,0.742277],[0.532376,0.310146],[0.602906,0.195957],[0.712479,0.737798],[0.669656,0.695257],[0.767891,0.527331],[0.781745,0.419858]]"
5ea5e593c996482bf8cf93fc,frames/5ea5e593c996482bf8cf93fc.png,"[[0.048373,0.533381],[0.180211,0.262329],[0.651063,0.070998],[0.46631,0.58759],[0.65196,0.377126],[0.730884,0.466414],[0.184695,0.147531],[0.859133,0.394665],[0.814289,0.077376],[0.564068,0.169852],[0.96407,0.483953],[0.592767,0.777326],[0.794561,0.160286],[0.796355,0.909662],[0.056444,0.643394],[0.963172,0.171447],[0.947031,0.232035],[0.500391,0.058243],[0.332677,0.063026],[0.332677,0.694417]]"
5eb75df80ddc8ff1411f9970,frames/5eb75df80ddc8ff1411f9970.png,"[[0.04927,0.55889],[0.042095,0.431338],[0.067207,0.745437],[0.123709,0.841103],[0.190077,0.73906],[0.197252,0.847481],[0.142543,0.955556],[0.12909,0.23044],[0.358687,0.118831],[0.306669,0.305378],[0.173934,0.554107],[0.261826,0.654556],[0.258238,0.791676],[0.532677,0.868208],[0.59187,0.351617],[0.573934,0.58759],[0.686041,0.562079],[0.707566,0.807621],[0.751512,0.58759],[0.57752,0.137964],[0.730884,0.405826],[0.762274,0.066215],[0.77483,0.359589],[0.804427,0.41061],[0.773037,0.227251],[0.85375,0.431338],[0.677072,0.120425],[0.062722,0.654556],[0.441198,0.885747],[0.94075,0.05346],[0.026848,0.243196],[0.73178,0.182608]]"
5ed2934748837a3646d20133,frames/5ed2934748837a3646d20133.png,"[[0.743964,0.632565],[0.481998,0.368361],[0.492074,0.478073],[0.674693,0.478073],[0.74774,0.57659],[0.356054,0.43777],[0.590312,0.106396],[0.602906,0.84751],[0.295601,0.623608],[0.665875,0.603457]]"
5edda1868e70980c39457f61,frames/5edda1868e70980c39457f61.png,"[[0.395519,0.345618],[0.402135,0.584745],[0.434108,0.71019],[0.614922,0.437741],[0.620438,0.608267],[0.665875,0.478073],[0.707437,0.487029],[0.659578,0.139981],[0.713734,0.419858],[0.755297,0.43777]]"
5eeb336733ddf56e60feb2c3,frames/5eeb336733ddf56e60feb2c3.png,"[[0.207117,0.402638],[0.173037,0.662528],[0.101288,0.629046],[0.686041,0.520625],[0.273485,0.836319],[0.607117,0.523814],[0.167655,0.828347],[0.660032,0.350022],[0.635816,0.416988],[0.042095,0.657744],[0.532677,0.455254],[0.065413,0.236818],[0.454651,0.420176],[0.224158,0.955556]]"
5ef319070db6330bb8a041b6,frames/5ef319070db6330bb8a041b6.png,"[[0.225951,0.332483],[0.223261,0.405826],[0.17214,0.667311],[0.153305,0.955556],[0.039404,0.584401],[0.846578,0.785299],[0.690525,0.785299],[0.550615,0.688039],[0.380211,0.640206],[0.501288,0.343644],[0.63761,0.908068],[0.686938,0.299],[0.786489,0.42496],[0.190973,0.275085],[0.225055,0.517436],[0.361377,0.498303]]"
5ef3d68c3d84eb8b21fd32e7,frames/5ef3d68c3d84eb8b21fd32e7.png,"[[0.572677,0.648238],[0.585271,0.811686],[0.473182,0.146699],[0.314492,0.695257],[0.377465,0.289995],[0.538673,0.236259],[0.499631,0.195957],[0.553786,0.419858],[0.662099,0.686301],[0.425323,0.209391]]"
5f347b42d47a5627fe94614f,frames/5f347b42d47a5627fe94614f.png,"[[0.058709,0.567401],[0.306448,0.496676],[0.025,0.811725],[0.296503,0.305396],[0.32634,0.39541],[0.38511,0.570617],[0.103013,0.641342],[0.480952,0.467743],[0.395056,0.490246],[0.384695,0.388288],[0.281132,0.475779],[0.508076,0.578653],[0.219673,0.678472],[0.196355,0.788488],[0.61788,0.383504],[0.510256,0.694417],[0.640301,0.614696],[0.68335,0.45366],[0.754007,0.626875],[0.751295,0.52561],[0.696803,0.624262],[0.555996,0.718333],[0.787461,0.781185],[0.612498,0.565268],[0.656445,0.354806],[0.865414,0.595562],[0.975,0.562079],[0.771243,0.475981],[0.177154,0.454883],[0.076175,0.383504],[0.061826,0.528597],[0.936266,0.688039]]"
5f3ab492d2d89e1d41d70e9e,frames/5f3ab492d2d89e1d41d70e9e.png,"[[0.05196,0.546135],[0.025,0.464819],[0.082453,0.761382],[0.151512,0.821969],[0.17752,0.735871],[0.207117,0.820375],[0.134471,0.955556],[0.144337,0.294217],[0.429538,0.220874],[0.310256,0.386693],[0.175727,0.554107],[0.272588,0.660933],[0.281556,0.775732],[0.54344,0.871397],[0.619673,0.238413],[0.54344,0.514247],[0.674382,0.622668],[0.717431,0.839508],[0.761377,0.605129],[0.565862,0.142747],[0.734471,0.45366],[0.773037,0.058243],[0.77483,0.361183],[0.809805,0.397854],[0.75779,0.249574],[0.863617,0.402638],[0.677072,0.12202],[0.0977,0.6705],[0.447476,0.829942],[0.898594,0.129992],[0.045682,0.27349],[0.766759,0.150719],[0.708462,0.051865],[0.963172,0.565268]]"
5f455c4218b7089309393f21,frames/5f455c4218b7089309393f21.png,"[[0.502149,0.708692],[0.373686,0.791535],[0.52482,0.151177],[0.570161,0.838555],[0.395097,0.25641],[0.437918,0.28104],[0.480739,0.227303],[0.402653,0.590023],[0.63313,0.236259],[0.444215,0.195957]]"
5f5e82daec9873ac75392eec,frames/5f5e82daec9873ac75392eec.png,"[[0.684771,0.316864],[0.47948,0.377318],[0.495853,0.480312],[0.581495,0.28104],[0.629354,0.751232],[0.345978,0.791535],[0.702401,0.457921],[0.521041,0.762428],[0.431621,0.883334],[0.652026,0.695257]]"
5f711bff2e63eb67d51580c6,frames/5f711bff2e63eb67d51580c6.png,"[[0.155996,0.372343],[0.332677,0.651367],[0.243888,0.874586],[0.627745,0.332483],[0.638507,0.275085],[0.027745,0.562079],[0.647476,0.696011],[0.500391,0.45366],[0.740445,0.663844],[0.597588,0.464528],[0.40681,0.683133],[0.461964,0.104472],[0.695009,0.181013],[0.22057,0.399449],[0.615189,0.155503],[0.364068,0.774138],[0.416086,0.306972],[0.262723,0.649772],[0.431332,0.614696],[0.464516,0.394665],[0.501288,0.098103]]"
5f7ab0eb296b4efa44f59a26,frames/5f7ab0eb296b4efa44f59a26.png,"[[0.025,0.420176],[0.46631,0.60194],[0.440301,0.528597],[0.837609,0.829942],[0.329987,0.672094],[0.831336,0.254357],[0.66631,0.181013],[0.876172,0.181013],[0.77483,0.222468],[0.399045,0.192174],[0.63761,0.200146],[0.60622,0.044444]]"
5f7ef87c1b52b5787cb41123,frames/5f7ef87c1b52b5787cb41123.png,"[[0.552526,0.630326],[0.592828,0.713169],[0.484517,0.148938],[0.298119,0.583306],[0.374945,0.285518],[0.54875,0.216108],[0.509706,0.209391],[0.54875,0.417619],[0.636911,0.762428],[0.422805,0.200435]]"
5fb7c964cf395e8abc8bbc5f,frames/5fb7c964cf395e8abc8bbc5f.png,"[[0.580234,0.654955],[0.481998,0.372839],[0.495853,0.480312],[0.573938,0.276561],[0.658323,0.722125],[0.328346,0.746755],[0.587792,0.766906],[0.538673,0.807208],[0.3422,0.854227],[0.662099,0.654955]]"
5fbfa1a4c29ea5225ce68e31,frames/5fbfa1a4c29ea5225ce68e31.png,"[[0.025,0.365967],[0.025,0.718333],[0.102184,0.576429],[0.352409,0.841103],[0.273485,0.955556],[0.541646,0.847481],[0.445682,0.345239],[0.615189,0.386693],[0.633126,0.667311],[0.505772,0.673689],[0.58918,0.306972],[0.60353,0.182608],[0.479762,0.6992],[0.602633,0.063026],[0.709359,0.377126],[0.729987,0.676878],[0.553284,0.225026],[0.823625,0.239493],[0.77214,0.450471],[0.839906,0.159123],[0.038817,0.945139],[0.56323,0.384158],[0.554188,0.406663],[0.299494,0.624262],[0.376069,0.443632],[0.447498,0.46935],[0.591259,0.792436],[0.637371,0.266818],[0.483664,0.559364],[0.398673,0.58669],[0.088731,0.868208],[0.631332,0.750221],[0.538955,0.611507],[0.381108,0.517436],[0.545234,0.890531],[0.537913,0.332722],[0.470102,0.337544]]"
6032540d9d1bacd980f6fb09,frames/6032540d9d1bacd980f6fb09.png,"[[0.025,0.691228],[0.312947,0.584401],[0.623261,0.3564],[0.634023,0.085348],[0.728193,0.676878],[0.674441,0.308611],[0.829953,0.270033],[0.766759,0.450471],[0.754912,0.064287],[0.65455,0.339151],[0.723709,0.126803],[0.568655,0.252351],[0.192767,0.204929],[0.316534,0.834725],[0.375727,0.898503],[0.669905,0.589424],[0.586272,0.766882],[0.634833,0.408768],[0.347924,0.605129],[0.464516,0.643394],[0.495906,0.772543],[0.501288,0.917635],[0.627745,0.79646],[0.367655,0.525408],[0.435816,0.316539],[0.426848,0.43931],[0.598148,0.442499],[0.473485,0.509464],[0.435816,0.611507],[0.514741,0.450471],[0.429538,0.361183],[0.400839,0.420176],[0.58918,0.755004],[0.460032,0.909662],[0.425055,0.857047],[0.475279,0.933579],[0.102184,0.955556],[0.490525,0.338861]]"
608ed4bd424a024e75682e1a,frames/608ed4bd424a024e75682e1a.png,"[[0.667135,0.710931],[0.483258,0.3706],[0.497112,0.478073],[0.426583,0.247455],[0.749,0.583306],[0.303157,0.547482],[0.330865,0.287756],[0.607943,0.854227],[0.405172,0.137743],[0.662099,0.594502]]"
60a326ff895f30e3a8125da9,frames/60a326ff895f30e3a8125da9.png,"[[0.339852,0.58759],[0.609808,0.378721],[0.563171,0.102887],[0.728193,0.676878],[0.732308,0.416307],[0.835383,0.276462],[0.764965,0.45366],[0.760337,0.057857],[0.642795,0.295751],[0.74344,0.080565],[0.556901,0.319862],[0.330884,0.206524],[0.34613,0.727899],[0.649222,0.559047],[0.673502,0.6182],[0.380211,0.627451],[0.383798,0.71355],[0.427745,0.321322],[0.634023,0.3277],[0.510256,0.646583],[0.502184,0.747032],[0.337162,0.498303],[0.425951,0.721522],[0.563171,0.409015],[0.444785,0.766165],[0.495906,0.614696],[0.447476,0.487142],[0.415189,0.633829],[0.438507,0.632235],[0.481556,0.483953],[0.492319,0.220874],[0.599045,0.751815],[0.411602,0.388288],[0.35889,0.819763],[0.484568,0.769933],[0.463772,0.31504]]"
60a3c0f2d16e0f90dd0f559d,frames/60a3c0f2d16e0f90dd0f559d.png,"[[0.169449,0.839508],[0.496208,0.360554],[0.540749,0.523814],[0.477072,0.42496],[0.26631,0.928796],[0.611602,0.442499],[0.438507,0.421771],[0.300391,0.790082],[0.475279,0.727899],[0.341646,0.444093],[0.158687,0.386693],[0.571243,0.361183],[0.523709,0.420176],[0.345234,0.450471]]"
60bdfe10bbda7cc309fbaba1,frames/60bdfe10bbda7cc309fbaba1.png,"[[0.061826,0.354806],[0.210705,0.203335],[0.657341,0.044444],[0.601736,0.882558],[0.605323,0.788488],[0.719225,0.475981],[0.073485,0.951118],[0.664516,0.139558],[0.305772,0.409015],[0.524606,0.044444],[0.738059,0.260735],[0.600839,0.181013],[0.83582,0.238413],[0.158687,0.198551],[0.842094,0.622668],[0.682453,0.798054],[0.72909,0.063026],[0.879766,0.066215],[0.957789,0.128398],[0.443888,0.955556]]"
60c27c93a11b18d59e18c0af,frames/60c27c93a11b18d59e18c0af.png,"[[0.52482,0.863183],[0.684771,0.773623],[0.348497,0.231781],[0.322049,0.563156],[0.587792,0.18924],[0.722552,0.265367],[0.722552,0.466878],[0.562604,0.099679],[0.306935,0.469117],[0.595349,0.822881]]"
60cb50bdb20535698ebef04f,frames/60cb50bdb20535698ebef04f.png,"[[0.025,0.72471],[0.197252,0.622668],[0.356893,0.857047],[0.504875,0.890531],[0.427745,0.402638],[0.616086,0.351617],[0.646579,0.716739],[0.491422,0.672094],[0.595458,0.305378],[0.558687,0.187392],[0.41788,0.629046],[0.598148,0.059837],[0.696803,0.329294],[0.728193,0.672094],[0.55238,0.229849],[0.820008,0.231456],[0.773934,0.45366],[0.827242,0.159123],[0.035201,0.955556],[0.5786,0.366476],[0.55238,0.39541],[0.327296,0.61629],[0.361602,0.530431],[0.468293,0.42595],[0.623809,0.892094],[0.635562,0.332722],[0.442073,0.62366],[0.445689,0.488639],[0.115638,0.879369],[0.601736,0.721522],[0.44927,0.65615],[0.382005,0.672094],[0.555996,0.896908],[0.535201,0.331114],[0.457443,0.366476],[0.448373,0.900097]]"
6155026a9458d473275bcf54,frames/6155026a9458d473275bcf54.png,"[[0.027745,0.72471],[0.12909,0.625857],[0.332677,0.922418],[0.426848,0.506275],[0.604427,0.343644],[0.632229,0.877775],[0.509359,0.643394],[0.587386,0.300594],[0.530884,0.222468],[0.381108,0.539758],[0.59187,0.063026],[0.694112,0.292622],[0.728193,0.672094],[0.556901,0.231456],[0.820008,0.231456],[0.773037,0.45366],[0.820914,0.152694],[0.580409,0.363262],[0.543338,0.403447],[0.291422,0.624262],[0.33719,0.684742],[0.565038,0.524001],[0.413139,0.684742],[0.190077,0.955556],[0.558687,0.629046],[0.382902,0.716739],[0.384695,0.955556],[0.585592,0.745437],[0.561421,0.286107],[0.436648,0.332722],[0.526399,0.662528],[0.459135,0.409015],[0.43761,0.338861],[0.033126,0.332483],[0.527296,0.332483]]"
615b0510d344d21f14c760ca,frames/615b0510d344d21f14c760ca.png,"[[0.60663,0.485424],[0.410427,0.480601],[0.499938,0.451669],[0.602109,0.673489],[0.025,0.567401],[0.671729,0.493461],[0.63285,0.591512],[0.335368,0.600346],[0.113862,0.443632],[0.657263,0.671882],[0.035817,0.635422],[0.156893,0.820375],[0.933578,0.464819],[0.786489,0.598751],[0.941648,0.528597],[0.975,0.723318],[0.956891,0.60194],[0.489628,0.659339],[0.876977,0.80851],[0.640301,0.6705],[0.593664,0.388288],[0.871688,0.598751],[0.89232,0.79646],[0.625055,0.534975],[0.452857,0.68485],[0.263953,0.393803],[0.286937,0.694417],[0.790973,0.688039],[0.869898,0.727899],[0.248582,0.610801],[0.182902,0.402638],[0.155099,0.57324],[0.922812,0.839508],[0.048373,0.338861],[0.104875,0.409015],[0.062722,0.525408],[0.025,0.423365]]"
616d1d5c34060e8752544cbb,frames/616d1d5c34060e8752544cbb.png,"[[0.728849,0.64376],[0.483258,0.3706],[0.490815,0.473594],[0.717516,0.457921],[0.749,0.583306],[0.385021,0.473594],[0.770411,0.493746],[0.601646,0.851988],[0.469404,0.843032],[0.667135,0.594502]]"
619942f8a689211baa951b8d,frames/619942f8a689211baa951b8d.png,"[[0.631946,0.493461],[0.433935,0.503106],[0.527063,0.477387],[0.614766,0.676704],[0.717841,0.511143],[0.657263,0.585082],[0.330884,0.617885],[0.090354,0.464528],[0.687099,0.675097],[0.025,0.648178],[0.154202,0.823564],[0.975,0.447282],[0.822367,0.576429],[0.975,0.519142],[0.486041,0.632235],[0.873359,0.855125],[0.633126,0.710361],[0.551512,0.397854],[0.868102,0.600346],[0.906672,0.799649],[0.616983,0.542947],[0.48335,0.6992],[0.282941,0.376121],[0.289628,0.6992],[0.758687,0.676878],[0.851961,0.721522],[0.25672,0.622053],[0.222364,0.434526],[0.173037,0.584401],[0.933578,0.823564],[0.048373,0.332483],[0.154202,0.397854],[0.090525,0.544542],[0.061826,0.444093],[0.025054,0.490331]]"
61c69fc5133e2f876b294425,frames/61c69fc5133e2f876b294425.png,"[[0.48262,0.437741],[0.492543,0.833674],[0.575234,0.518104],[0.543259,0.435781],[0.548771,0.737631],[0.612979,0.433293],[0.701141,0.531809],[0.468145,0.16685],[0.711219,0.417619],[0.761594,0.440009]]"
61c7f32a9405c37d16a22161,frames/61c7f32a9405c37d16a22161.png,"[[0.589052,0.084006],[0.481998,0.377318],[0.497112,0.487029],[0.577719,0.247455],[0.638172,0.766906],[0.412729,0.771383],[0.716255,0.440009],[0.541192,0.645999],[0.437918,0.914681],[0.650766,0.717647]]"
61e6a0fdb7e43c20a96e4647,frames/61e6a0fdb7e43c20a96e4647.png,"[[0.495853,0.634804],[0.480739,0.372839],[0.499631,0.500463],[0.589052,0.251932],[0.63313,0.843032],[0.629354,0.487029],[0.726333,0.457921],[0.577719,0.453444],[0.670917,0.64376],[0.645724,0.782579]]"
621d3e676f6b51e426af6350,frames/621d3e676f6b51e426af6350.png,"[[0.473182,0.135504],[0.553786,0.648238],[0.449253,0.227303],[0.445474,0.171328],[0.393838,0.247455],[0.660839,0.310146],[0.61424,0.227303],[0.577719,0.417619],[0.528598,0.87214],[0.543711,0.216108]]"
62243d147ec8afa8d8d40376,frames/62243d147ec8afa8d8d40376.png,"[[0.025,0.414699],[0.081313,0.575439],[0.209703,0.488639],[0.081313,0.879236],[0.262145,0.258782],[0.28927,0.339151],[0.283845,0.485424],[0.200662,0.628482],[0.353465,0.467743],[0.311873,0.408269],[0.364965,0.365967],[0.30012,0.430772],[0.415852,0.488639],[0.319225,0.598751],[0.290525,0.676878],[0.525502,0.509464],[0.425951,0.6992],[0.571243,0.606724],[0.597239,0.418024],[0.635562,0.615624],[0.649125,0.453276],[0.625951,0.629046],[0.575727,0.742249],[0.712416,0.745822],[0.681556,0.542947],[0.678866,0.383504],[0.867203,0.592374],[0.952922,0.40184],[0.975,0.520625],[0.871688,0.405826]]"
6227fa58a43a47c422b17e9c,frames/6227fa58a43a47c422b17e9c.png,"[[0.025,0.743843],[0.139852,0.58759],[0.373037,0.955556],[0.412498,0.517436],[0.63492,0.247979],[0.485144,0.635422],[0.596355,0.316539],[0.542543,0.299],[0.427745,0.420176],[0.57214,0.064621],[0.677969,0.278274],[0.72909,0.676878],[0.565038,0.220204],[0.822727,0.221811],[0.77214,0.455254],[0.820914,0.146264],[0.634659,0.360047],[0.313844,0.635422],[0.420373,0.955556],[0.403194,0.704029],[0.434839,0.92585],[0.503978,0.534975],[0.337162,0.649772],[0.635816,0.550918],[0.592162,0.250744],[0.432127,0.319862],[0.56048,0.598751],[0.471691,0.517436],[0.430435,0.318133],[0.117431,0.326106],[0.505772,0.278274],[0.530884,0.542947],[0.477969,0.777326],[0.455548,0.477575],[0.460032,0.343644],[0.453754,0.420176],[0.539852,0.885747],[0.535368,0.421771],[0.470795,0.412204],[0.552099,0.360807],[0.510732,0.955556]]"
6242bc8aad711be1f0812886,frames/6242bc8aad711be1f0812886.png,"[[0.657062,0.68854],[0.483258,0.3706],[0.494593,0.487029],[0.546229,0.247455],[0.696104,0.659433],[0.386281,0.87214],[0.339681,0.675106],[0.606682,0.863183],[0.279228,0.426576],[0.665875,0.592263]]"
624c006d881364f615077741,frames/624c006d881364f615077741.png,"[[0.025054,0.735871],[0.258238,0.646583],[0.381108,0.729493],[0.614292,0.13637],[0.339852,0.829942],[0.293216,0.911257],[0.631332,0.169852],[0.728193,0.676878],[0.581312,0.220204],[0.853461,0.242708],[0.77214,0.447282],[0.77842,0.091613],[0.646412,0.409876],[0.625055,0.458442],[0.603012,0.261996],[0.235816,0.131586],[0.445682,0.547729],[0.456445,0.386693],[0.432495,0.846818],[0.552099,0.338424],[0.63843,0.68055],[0.461272,0.333628],[0.304797,0.643781],[0.616848,0.336825],[0.718328,0.955556],[0.104875,0.81081],[0.512947,0.321322],[0.518328,0.688039],[0.436713,0.794865],[0.408911,0.775732],[0.636713,0.874586],[0.489628,0.880964],[0.553305,0.442499],[0.561377,0.394665],[0.450166,0.911257]]"
625bd10f96ff3da527c31d2f,frames/625bd10f96ff3da527c31d2f.png,"[[0.479312,0.825833],[0.534439,0.827794],[0.565312,0.884635],[0.598385,0.561225],[0.442929,0.461262],[0.398875,0.482551],[0.643208,0.57435],[0.810714,0.316864],[0.735146,0.410903],[0.766635,0.446727]]"
629cfdb2660110f247d1b3fe,frames/629cfdb2660110f247d1b3fe.png,"[[0.714995,0.446727],[0.480739,0.377318],[0.493333,0.478073],[0.573938,0.272083],[0.641948,0.766906],[0.357314,0.818403],[0.576458,0.670628],[0.541192,0.807208],[0.403913,0.892291],[0.650766,0.699735]]"
62b1cd8fdc5bb0cb3bad69b4,frames/62b1cd8fdc5bb0cb3bad69b4.png,"[[0.571417,0.64376],[0.54749,0.831837],[0.474442,0.169089],[0.338422,0.771383],[0.376205,0.298952],[0.52482,0.25641],[0.488296,0.218347],[0.551266,0.417619],[0.68225,0.616892],[0.427842,0.220586]]"
62b540cf9228dc7527fd7537,frames/62b540cf9228dc7527fd7537.png,"[[0.773898,0.522394],[0.768473,0.646164],[0.949305,0.572224],[0.161377,0.876181],[0.975,0.695993],[0.025,0.637017],[0.17214,0.751815],[0.37752,0.648178],[0.295009,0.643394],[0.866312,0.600346],[0.320122,0.625857],[0.975,0.488736],[0.455634,0.475779],[0.379314,0.598751],[0.433126,0.431338],[0.664516,0.683256],[0.626521,0.63009],[0.541646,0.603535],[0.458238,0.547729],[0.66362,0.683256],[0.046579,0.351617],[0.63761,0.394665],[0.422364,0.359589],[0.36048,0.262329],[0.38918,0.444093],[0.327296,0.557296],[0.371243,0.511058],[0.799045,0.536569],[0.733574,0.676878],[0.322812,0.377126],[0.176623,0.665717],[0.762274,0.43931],[0.222364,0.45366],[0.268104,0.539758],[0.123709,0.283056],[0.846578,0.605129],[0.057341,0.570051],[0.962273,0.420176]]"
62d3ed74ee438b78a051d15c,frames/62d3ed74ee438b78a051d15c.png,"[[0.350615,0.727899],[0.436713,0.294217],[0.730884,0.676878],[0.744966,0.427558],[0.798311,0.236278],[0.771243,0.464819],[0.777516,0.05625],[0.565942,0.051428],[0.856445,0.086943],[0.238507,0.227251],[0.628538,0.517481],[0.375727,0.428149],[0.379314,0.322917],[0.205323,0.468008],[0.115638,0.606724],[0.310256,0.444093],[0.407714,0.700815],[0.625616,0.364869],[0.851656,0.718496],[0.124712,0.955556],[0.364315,0.551328],[0.537913,0.416307],[0.623809,0.360047],[0.573176,0.376121],[0.436648,0.712067],[0.423261,0.442499],[0.418777,0.528597],[0.457341,0.6705],[0.861828,0.955556],[0.460929,0.389882],[0.452857,0.818781],[0.474382,0.348428],[0.570346,0.576429],[0.395458,0.380315],[0.383798,0.629046],[0.568552,0.044444],[0.477072,0.528597],[0.413395,0.340456],[0.482453,0.431338],[0.503978,0.428149]]"
62fce44c0a5299265d474f9b,frames/62fce44c0a5299265d474f9b.png,"[[0.454651,0.603535],[0.43761,0.483953],[0.816984,0.946335],[0.333574,0.673689],[0.840305,0.252762],[0.852859,0.166664],[0.768552,0.233629],[0.43492,0.299],[0.624158,0.192174],[0.616086,0.044444],[0.158687,0.055054]]"
6302d8f20b6e89d4c0dbb21a,frames/6302d8f20b6e89d4c0dbb21a.png,"[[0.033126,0.710361],[0.228641,0.635422],[0.477072,0.925607],[0.578417,0.220874],[0.682453,0.133181],[0.728193,0.676878],[0.622904,0.25396],[0.857984,0.261996],[0.773037,0.447282],[0.754007,0.075539],[0.687099,0.382551],[0.639404,0.294217],[0.602109,0.260389],[0.12909,0.085348],[0.37214,0.702389],[0.359584,0.576429],[0.671704,0.632589],[0.360552,0.629392],[0.529617,0.271278],[0.198148,0.71355],[0.487834,0.24479],[0.303978,0.941551],[0.54613,0.528597],[0.460929,0.348428],[0.569449,0.420176],[0.484247,0.533381],[0.359584,0.79646],[0.590077,0.383504],[0.467207,0.547729],[0.551512,0.378721],[0.521019,0.589185],[0.404427,0.539758],[0.515637,0.512653],[0.456445,0.45366],[0.477072,0.362778],[0.305772,0.743843],[0.509359,0.823564],[0.44927,0.412204],[0.538059,0.394665]]"
6316877192d2ec01b4246bba,frames/6316877192d2ec01b4246bba.png,"[[0.626833,0.695257],[0.484517,0.377318],[0.495853,0.478073],[0.576458,0.25641],[0.674693,0.648238],[0.420285,0.84751],[0.494593,0.887813],[0.577719,0.843032],[0.308195,0.592263],[0.665875,0.603457]]"
63519268d8ea9c726e838158,frames/63519268d8ea9c726e838158.png,"[[0.32079,0.708692],[0.3422,0.751232],[0.461847,0.236259],[0.505928,0.236259],[0.518522,0.572111],[0.659578,0.675106],[0.640688,0.292234],[0.594089,0.305669],[0.643208,0.469117],[0.692328,0.549721]]"
6379e47b8b3871a84a7aeb92,frames/6379e47b8b3871a84a7aeb92.png,"[[0.66631,0.506275],[0.624158,0.372343],[0.182005,0.361183],[0.293216,0.58759],[0.857344,0.61629],[0.581108,0.673689],[0.536265,0.622668],[0.687834,0.413799],[0.435816,0.657744],[0.454651,0.372343],[0.510256,0.495114],[0.070794,0.892125],[0.300391,0.206524],[0.625951,0.278274],[0.285144,0.952712],[0.158687,0.635422],[0.536265,0.386693],[0.421277,0.487032],[0.408619,0.348796],[0.522542,0.310218]]"
638cf97c23a44cb7697dd879,frames/638cf97c23a44cb7697dd879.png,"[[0.292319,0.68485],[0.526399,0.3277],[0.412498,0.219279],[0.72909,0.676878],[0.742253,0.421128],[0.842617,0.250744],[0.764965,0.455254],[0.773898,0.04982],[0.539722,0.112509],[0.784695,0.069404],[0.408014,0.169852],[0.456445,0.955556],[0.557495,0.432749],[0.318328,0.372343],[0.399942,0.292622],[0.233126,0.456847],[0.225055,0.6992],[0.336265,0.721522],[0.341646,0.420176],[0.542434,0.382551],[0.434839,0.955556],[0.601205,0.324685],[0.419469,0.435594],[0.419469,0.398625],[0.613862,0.268426],[0.898672,0.787614],[0.349848,0.506321],[0.513501,0.554542],[0.434839,0.398625],[0.480952,0.461314],[0.040626,0.927457],[0.586738,0.741],[0.570463,0.355225],[0.624712,0.382551],[0.615671,0.268426],[0.565942,0.332722],[0.403194,0.888881],[0.524606,0.853858]]"
63b23f2d66cc9611d5f66ebc,frames/63b23f2d66cc9611d5f66ebc.png,"[[0.555047,0.616892],[0.606682,0.695257],[0.480739,0.146699],[0.289303,0.567633],[0.378724,0.289995],[0.54875,0.227303],[0.513484,0.216108],[0.551266,0.401946],[0.636911,0.766906],[0.429102,0.227303]]"
63b7d2c8aecc606d8b925c29,frames/63b7d2c8aecc606d8b925c29.png,"[[0.63313,0.697496],[0.47948,0.368361],[0.492074,0.482551],[0.577719,0.251932],[0.673432,0.650477],[0.422805,0.831837],[0.495853,0.907964],[0.575198,0.84751],[0.308195,0.592263],[0.667135,0.601219]]"
63d9030a70bf496ad8452c7d,frames/63d9030a70bf496ad8452c7d.png,"[[0.434023,0.665717],[0.311153,0.614696],[0.755996,0.225657],[0.480659,0.055054],[0.564965,0.118831],[0.072588,0.592374],[0.154202,0.514247],[0.164068,0.629046],[0.733574,0.68485],[0.102184,0.696011],[0.077072,0.951118],[0.227745,0.828347],[0.418777,0.501492],[0.151512,0.044444]]"
6440008bf612dad7c3a2422c,frames/6440008bf612dad7c3a2422c.png,"[[0.477107,0.653348],[0.520106,0.835634],[0.57413,0.902276],[0.547672,0.488703],[0.473799,0.237815],[0.419026,0.471356],[0.638172,0.605696],[0.757818,0.195957],[0.723812,0.413142],[0.757818,0.446727]]"
6446b82e3852c160371c8b1d,frames/6446b82e3852c160371c8b1d.png,"[[0.198148,0.316539],[0.222364,0.409015],[0.17214,0.662528],[0.173934,0.903285],[0.094113,0.506275],[0.85375,0.890531],[0.506669,0.643394],[0.518328,0.847481],[0.464516,0.343644],[0.494113,0.402638],[0.579314,0.858642],[0.696803,0.283056],[0.833125,0.584401],[0.137162,0.27349],[0.877969,0.09332],[0.382902,0.394665]]"
645a762c6aff350e1eb83b71,frames/645a762c6aff350e1eb83b71.png,"[[0.472697,0.492623],[0.495851,0.825833],[0.571927,0.539664],[0.552078,0.39854],[0.528927,0.569065],[0.609203,0.419858],[0.693583,0.522853],[0.497112,0.146699],[0.714995,0.426576],[0.759078,0.446727]]"
6460162e09c4d5d0cbe39dd8,frames/6460162e09c4d5d0cbe39dd8.png,"[[0.703978,0.283056],[0.655548,0.160286],[0.182005,0.361183],[0.358687,0.428149],[0.862719,0.405826],[0.246579,0.813997],[0.490525,0.625857],[0.829539,0.627451],[0.321916,0.676878],[0.503978,0.3564],[0.643888,0.468008],[0.027745,0.729493],[0.277969,0.270301],[0.59187,0.362778],[0.095009,0.842697],[0.685144,0.431338],[0.554188,0.524001],[0.461059,0.577046],[0.549667,0.456492],[0.421277,0.689564],[0.308257,0.397018],[0.486376,0.114116],[0.167208,0.067502],[0.903977,0.064621],[0.472588,0.338861],[0.565862,0.276679]]"
647a6596e0994ffaf2843cbb,frames/647a6596e0994ffaf2843cbb.png,"[[0.586531,0.641521],[0.480739,0.368361],[0.495853,0.478073],[0.576458,0.276561],[0.672177,0.706453],[0.311973,0.751232],[0.576458,0.943788],[0.493333,0.896769],[0.36361,0.668389],[0.66462,0.632565]]"
64f73866c042d094772323da,frames/64f73866c042d094772323da.png,"[[0.306935,0.413142],[0.696104,0.778101],[0.339681,0.319103],[0.509706,0.301191],[0.713734,0.500463],[0.727589,0.164611],[0.765375,0.28104],[0.513484,0.160132],[0.625573,0.827359],[0.505928,0.807208]]"
650d6d5a10b374d927691e90,frames/650d6d5a10b374d927691e90.png,"[[0.147027,0.807621],[0.508463,0.383504],[0.384695,0.550918],[0.473485,0.42496],[0.262723,0.952712],[0.61788,0.409015],[0.429538,0.409015],[0.300391,0.79646],[0.477072,0.75341],[0.363171,0.386693],[0.134471,0.409015],[0.590973,0.354806],[0.522812,0.391476],[0.369449,0.380315]]"
6541997357a91ee57db406c9,frames/6541997357a91ee57db406c9.png,"[[0.060929,0.546135],[0.11205,0.775732],[0.259135,0.785299],[0.18918,0.667311],[0.302184,0.654556],[0.025054,0.908068],[0.179314,0.402638],[0.441198,0.466414],[0.342543,0.498303],[0.115638,0.609912],[0.537162,0.912851],[0.593664,0.185797],[0.559584,0.278274],[0.625951,0.762976],[0.701288,0.955556],[0.741646,0.845886],[0.545234,0.188986],[0.729987,0.550918],[0.769449,0.058243],[0.786489,0.350022],[0.814289,0.350022],[0.735368,0.292622],[0.862719,0.316539],[0.121916,0.6992],[0.46631,0.651367],[0.808016,0.200146],[0.150615,0.420176],[0.955102,0.654556],[0.60353,0.874586],[0.215189,0.922418],[0.308462,0.922418],[0.164965,0.885747]]"
656b136b5a46cf208b5afec0,frames/656b136b5a46cf208b5afec0.png,"[[0.381108,0.603535],[0.382005,0.834725],[0.452857,0.896908],[0.642991,0.275085],[0.472588,0.565268],[0.308462,0.896908],[0.384695,0.359589],[0.529987,0.821969],[0.179314,0.362778],[0.583798,0.705578],[0.813398,0.314944],[0.526399,0.813997],[0.539852,0.606724],[0.534471,0.495114],[0.530884,0.299],[0.425055,0.456847],[0.535368,0.372343],[0.555996,0.208118],[0.658238,0.648178],[0.387386,0.487142],[0.426848,0.318133],[0.472588,0.386693]]"
657bbcc22445bf09b44aa17c,frames/657bbcc22445bf09b44aa17c.png,"[[0.149718,0.475981],[0.199045,0.3277],[0.639404,0.077376],[0.423261,0.917635],[0.422364,0.431338],[0.631332,0.350022],[0.775727,0.45366],[0.225951,0.150719],[0.93268,0.350022],[0.799045,0.192174],[0.342543,0.955556],[0.769449,0.276679],[0.619673,0.181013],[0.958687,0.402638],[0.725502,0.635422],[0.358687,0.27349],[0.910258,0.203335],[0.903078,0.643394],[0.119225,0.887342]]"
6586577769f22cba959facf1,frames/6586577769f22cba959facf1.png,"[[0.469898,0.593968],[0.333574,0.665717],[0.941648,0.428149],[0.742543,0.181013],[0.755996,0.23044],[0.326399,0.131586],[0.507566,0.074187],[0.607117,0.047082],[0.138955,0.217685],[0.118328,0.939957],[0.0977,0.42496],[0.175727,0.402638],[0.199045,0.562079],[0.505772,0.917635]]"
65914cedd9945e2b100a4153,frames/65914cedd9945e2b100a4153.png,"[[0.584016,0.64376],[0.481998,0.377318],[0.495853,0.478073],[0.572677,0.276561],[0.665875,0.713169],[0.305676,0.742277],[0.602906,0.858706],[0.52356,0.876618],[0.347238,0.813925],[0.663359,0.645999]]"
65a20f72b282910ad25d3960,frames/65a20f72b282910ad25d3960.png,"[[0.291422,0.71355],[0.53178,0.3277],[0.40353,0.243196],[0.72909,0.676878],[0.743157,0.427558],[0.840805,0.250744],[0.767655,0.456847],[0.77842,0.04982],[0.539722,0.101257],[0.800839,0.075782],[0.40353,0.188986],[0.5512,0.432749],[0.337162,0.337267],[0.399045,0.294217],[0.223261,0.447282],[0.229538,0.681661],[0.264516,0.790082],[0.345234,0.45366],[0.54153,0.369692],[0.610246,0.287715],[0.444785,0.405054],[0.419469,0.397018],[0.619288,0.245922],[0.898672,0.787614],[0.353465,0.501499],[0.486376,0.483817],[0.424893,0.400232],[0.471005,0.435594],[0.055996,0.945139],[0.549667,0.663844],[0.581312,0.393803],[0.630138,0.388981],[0.618384,0.249137],[0.572271,0.282893],[0.386015,0.832621],[0.54613,0.766165],[0.539852,0.893719],[0.510256,0.445687],[0.968555,0.955556]]"
65b8cfd64f624cc6c238d5d5,frames/65b8cfd64f624cc6c238d5d5.png,"[[0.444031,0.604346],[0.496733,0.81714],[0.654615,0.586706],[0.530029,0.343657],[0.545464,0.545544],[0.609203,0.426576],[0.692328,0.538526],[0.610464,0.095201],[0.709958,0.417619],[0.765375,0.446727]]"
65bfd0f3ac2f9f2d5b43a75a,frames/65bfd0f3ac2f9f2d5b43a75a.png,"[[0.939852,0.421771],[0.866312,0.60194],[0.910258,0.165069],[0.432229,0.579618],[0.169449,0.461631],[0.487834,0.643394],[0.600839,0.742249],[0.762274,0.536569],[0.89232,0.683256],[0.941648,0.627451],[0.425055,0.546135],[0.154202,0.584401],[0.866312,0.27349],[0.747027,0.680067],[0.140749,0.340456],[0.517431,0.742249],[0.88425,0.386693],[0.582005,0.632235],[0.370346,0.461631],[0.850164,0.633829],[0.54344,0.702389],[0.412498,0.501492],[0.165862,0.506275],[0.671691,0.747032],[0.544337,0.394665],[0.404427,0.3277],[0.627745,0.554107],[0.2977,0.401043],[0.595458,0.578024],[0.175345,0.39541],[0.733574,0.488736],[0.787386,0.409015],[0.739852,0.836319],[0.946133,0.240007],[0.134471,0.654556],[0.868102,0.747032],[0.13178,0.534975],[0.840305,0.343644],[0.119225,0.399449],[0.907562,0.523814],[0.273485,0.911257],[0.074382,0.464819],[0.035817,0.399449]]"
65f7f8eb905b50d4a6c6eff9,frames/65f7f8eb905b50d4a6c6eff9.png,"[[0.475279,0.888936],[0.762274,0.935174],[0.593664,0.461631],[0.896805,0.678472],[0.952406,0.490331],[0.799942,0.326106],[0.472588,0.343644],[0.229538,0.72471],[0.84568,0.6705],[0.593664,0.203335],[0.358687,0.13637],[0.476175,0.27349],[0.690525,0.094915],[0.444785,0.477575]]"
660709c66538f9d7be2cc870,frames/660709c66538f9d7be2cc870.png,"[[0.619276,0.251932],[0.584016,0.292234],[0.463107,0.175806],[0.367389,0.207152],[0.36613,0.260888],[0.55001,0.209391],[0.504668,0.180284],[0.555047,0.408663],[0.52356,0.838555],[0.412729,0.307907]]"
6624121fa10971eb1cdf632f,frames/6624121fa10971eb1cdf632f.png,"[[0.668396,0.417619],[0.480739,0.372839],[0.497112,0.482551],[0.578974,0.276561],[0.631875,0.778101],[0.356054,0.807208],[0.610464,0.590023],[0.531117,0.80273],[0.407691,0.907964],[0.655802,0.701974]]"
66285cadbb865889c162c21f,frames/66285cadbb865889c162c21f.png,"[[0.660839,0.713169],[0.481998,0.368361],[0.495853,0.478073],[0.577719,0.272083],[0.723812,0.625848],[0.386281,0.778101],[0.285525,0.654955],[0.606682,0.851988],[0.386281,0.180284],[0.66462,0.603457]]"
6658cef0e207678ac3d78386,frames/6658cef0e207678ac3d78386.png,"[[0.733885,0.634804],[0.480739,0.368361],[0.490815,0.478073],[0.726333,0.460161],[0.738927,0.587784],[0.390059,0.457921],[0.777969,0.498224],[0.596609,0.84751],[0.522301,0.876618],[0.663359,0.594502]]"
6684e85504acd1d3902bf170,frames/6684e85504acd1d3902bf170.png,"[[0.568901,0.822881],[0.652026,0.75795],[0.417767,0.106396],[0.416507,0.80273],[0.592828,0.184762],[0.69988,0.285518],[0.723812,0.466878],[0.494593,0.227303],[0.395097,0.543005],[0.692328,0.773623]]"
668934e72df5d7e9dff8c2cd,frames/668934e72df5d7e9dff8c2cd.png,"[[0.31953,0.330298],[0.435399,0.782579],[0.347238,0.654955],[0.526079,0.843032],[0.522301,0.238498],[0.601646,0.18924],[0.752781,0.650477],[0.650766,0.628087],[0.741443,0.543005],[0.755297,0.433293]]"
668ea9f1a93336046f9cad10,frames/668ea9f1a93336046f9cad10.png,"[[0.481517,0.449501],[0.501363,0.819954],[0.567516,0.508303],[0.546568,0.431861],[0.535542,0.653348],[0.612979,0.426576],[0.698625,0.534048],[0.475701,0.16685],[0.714995,0.417619],[0.760339,0.43777]]"
66a329dac9fb08ca3c15b040,frames/66a329dac9fb08ca3c15b040.png,"[[0.580234,0.625848],[0.480739,0.377318],[0.492074,0.480312],[0.575198,0.276561],[0.673432,0.681823],[0.36487,0.851988],[0.526079,0.956481],[0.504668,0.887813],[0.304417,0.596741],[0.674693,0.619131]]"
66cbf0f3197438f7f328beaa,frames/66cbf0f3197438f7f328beaa.png,"[[0.587792,0.115352],[0.47948,0.3706],[0.495853,0.487029],[0.580234,0.236259],[0.636911,0.782579],[0.436658,0.80273],[0.714995,0.428815],[0.553786,0.634804],[0.461847,0.934831],[0.649505,0.737798]]"
66d029d1cd8f7fa5440767b8,frames/66d029d1cd8f7fa5440767b8.png,"[[0.228641,0.343644],[0.234023,0.41061],[0.171243,0.660933],[0.054651,0.648178],[0.816984,0.651367],[0.60353,0.740654],[0.578417,0.625857],[0.287834,0.76776],[0.633126,0.890531],[0.688731,0.316539],[0.678866,0.432932],[0.224158,0.278274],[0.142543,0.550918],[0.526399,0.539758],[0.234023,0.338861]]"
6723682cccedd7dc4dd7fdca,frames/6723682cccedd7dc4dd7fdca.png,"[[0.584016,0.641521],[0.480739,0.368361],[0.495853,0.478073],[0.575198,0.276561],[0.668396,0.713169],[0.299379,0.737798],[0.607943,0.89453],[0.519782,0.876618],[0.362351,0.807208],[0.669656,0.637043]]"
67270d8087ebabb2bdc51040,frames/67270d8087ebabb2bdc51040.png,"[[0.663359,0.408663],[0.47948,0.3706],[0.497112,0.482551],[0.578974,0.276561],[0.630615,0.778101],[0.369908,0.793774],[0.631875,0.538526],[0.531117,0.798252],[0.406432,0.923637],[0.650766,0.701974]]"
679d1a081224203865b87c0f,frames/679d1a081224203865b87c0f.png,"[[0.476005,0.522024],[0.498055,0.827794],[0.596182,0.555344],[0.553182,0.39658],[0.537747,0.553384],[0.611724,0.43777],[0.696104,0.522853],[0.531117,0.126548],[0.713734,0.426576],[0.759078,0.446727]]"
67afa1647e96a67573e44710,frames/67afa1647e96a67573e44710.png,"[[0.492543,0.790553],[0.537747,0.851315],[0.581849,0.923837],[0.592875,0.539664],[0.434108,0.474982],[0.406432,0.538526],[0.646984,0.592263],[0.796859,0.285518],[0.73137,0.413142],[0.764115,0.448966]]"
67b5e5a528d1b46114b66445,frames/67b5e5a528d1b46114b66445.png,"[[0.311973,0.357166],[0.737667,0.706453],[0.348497,0.28104],[0.446734,0.466878],[0.644469,0.397469],[0.728849,0.249694],[0.74774,0.368361],[0.514744,0.135504],[0.668396,0.746755],[0.584016,0.831837]]"
67ce3105c3d9c269dcb1cb0e,frames/67ce3105c3d9c269dcb1cb0e.png,"[[0.852859,0.721522],[0.169449,0.605129],[0.039404,0.6992],[0.866312,0.603535],[0.124606,0.696011],[0.752199,0.520787],[0.640988,0.385765],[0.025,0.520625],[0.559584,0.705578],[0.958687,0.735871],[0.851062,0.57324],[0.680659,0.444093],[0.402633,0.506275],[0.228641,0.589185],[0.510256,0.262329],[0.544337,0.43931],[0.567655,0.570051],[0.802633,0.576429],[0.643888,0.570051],[0.54613,0.477575],[0.453754,0.380315],[0.703978,0.321322],[0.536265,0.595562],[0.399045,0.338861],[0.352409,0.520625],[0.598148,0.668906],[0.354202,0.343644],[0.672588,0.423365],[0.45196,0.568457],[0.737162,0.688039],[0.716534,0.383504],[0.025,0.24479],[0.85375,0.635422],[0.271336,0.431688],[0.128193,0.629046],[0.833125,0.43931],[0.071691,0.413799],[0.155996,0.550918],[0.103013,0.274856],[0.975,0.501492]]"
67d2cb7ca65e7f8c4f8d3501,frames/67d2cb7ca65e7f8c4f8d3501.png,"[[0.443823,0.607067],[0.516798,0.817994],[0.659026,0.866994],[0.439621,0.465181],[0.657922,0.459302],[0.512225,0.267606],[0.68225,0.560917],[0.684771,0.09744],[0.718776,0.417619],[0.754036,0.446727]]"
68154e6542cc7cd000cc828b,frames/68154e6542cc7cd000cc828b.png,"[[0.286041,0.509464],[0.281556,0.605129],[0.244785,0.420176],[0.64927,0.196957],[0.345234,0.104481],[0.735368,0.955556],[0.712947,0.070998],[0.699494,0.617885],[0.495009,0.531786],[0.778417,0.28465],[0.199045,0.879369],[0.053754,0.79646],[0.208014,0.829942],[0.647476,0.077376],[0.17214,0.120425],[0.538955,0.044444],[0.817883,0.227251],[0.484247,0.455254],[0.521019,0.044444],[0.749718,0.236818]]"
6819f248628c4bff81a7488a,frames/6819f248628c4bff81a7488a.png,"[[0.621797,0.68854],[0.483258,0.368361],[0.492074,0.480312],[0.572677,0.272083],[0.674693,0.66615],[0.420285,0.838555],[0.499631,0.916919],[0.541192,0.843032],[0.309454,0.596741],[0.66462,0.601219]]"
6873357ce2d8b177e5b320d7,frames/6873357ce2d8b177e5b320d7.png,"[[0.492543,0.804273],[0.536644,0.849355],[0.582953,0.921877],[0.5955,0.541223],[0.449544,0.473022],[0.406432,0.531809],[0.648245,0.594502],[0.800641,0.292234],[0.733885,0.417619],[0.764115,0.448966]]"
68caabe784a323b215d97c50,frames/68caabe784a323b215d97c50.png,"[[0.437918,0.319103],[0.480739,0.368361],[0.495853,0.520614],[0.596609,0.258649],[0.649505,0.878856],[0.68099,0.339254],[0.721292,0.417619],[0.63313,0.408663],[0.696104,0.581068],[0.660839,0.80273]]"
68f0b3dc59e1a58c8bd4f8a0,frames/68f0b3dc59e1a58c8bd4f8a0.png,"[[0.896867,0.458099],[0.740445,0.832621],[0.15779,0.863425],[0.035817,0.609912],[0.067207,0.688039],[0.2977,0.609912],[0.169449,0.742249],[0.869,0.605129],[0.230435,0.783704],[0.536105,0.472565],[0.548821,0.562079],[0.311153,0.428149],[0.621467,0.735871],[0.788366,0.532039],[0.652857,0.659339],[0.605323,0.609912],[0.564965,0.665717],[0.064516,0.464819],[0.827742,0.416988],[0.43761,0.204929],[0.425055,0.338861],[0.40353,0.523814],[0.529987,0.625857],[0.476175,0.499897],[0.673485,0.58759],[0.629538,0.506275],[0.443888,0.41061],[0.32909,0.6992],[0.579314,0.436121],[0.342543,0.361183],[0.400839,0.517436],[0.17752,0.388288],[0.685144,0.637017],[0.251063,0.651367],[0.875281,0.550918],[0.909359,0.372343],[0.025054,0.225657],[0.942547,0.73906],[0.034023,0.428149],[0.028642,0.506275],[0.966758,0.531786]]"
691a8917d5c15e3ceec3db7e,frames/691a8917d5c15e3ceec3db7e.png,"[[0.035817,0.696011],[0.26631,0.590779],[0.485144,0.955556],[0.57752,0.275085],[0.682453,0.10767],[0.728193,0.676878],[0.626521,0.25396],[0.853461,0.261996],[0.773037,0.447282],[0.75672,0.078753],[0.679866,0.343974],[0.668104,0.219279],[0.592162,0.247531],[0.111153,0.106076],[0.344337,0.721522],[0.405323,0.637017],[0.669905,0.632589],[0.447783,0.658168],[0.547603,0.271278],[0.260032,0.688039],[0.486041,0.263924],[0.521019,0.432932],[0.558687,0.405826],[0.355996,0.912851],[0.625055,0.428149],[0.46362,0.444093],[0.555996,0.380315],[0.550615,0.632235],[0.455548,0.605129],[0.554202,0.584401],[0.40622,0.461631],[0.46631,0.338861],[0.338955,0.613101],[0.518328,0.643394],[0.432229,0.420176],[0.536265,0.412204],[0.411602,0.81081]]"
69530c58766b60ae546f1aea,frames/69530c58766b60ae546f1aea.png,"[[0.910258,0.21609],[0.866312,0.60194],[0.259135,0.592374],[0.655548,0.660933],[0.786489,0.629046],[0.954203,0.536569],[0.345234,0.584401],[0.86093,0.142747],[0.682453,0.710361],[0.75779,0.6992],[0.118328,0.662528],[0.340749,0.491925],[0.180211,0.702389],[0.387386,0.428149],[0.610705,0.45366],[0.582005,0.761382],[0.429538,0.181013],[0.488731,0.475981],[0.4977,0.562079],[0.44388,0.480601],[0.502184,0.625857],[0.615189,0.600346],[0.714741,0.93039],[0.362274,0.629046],[0.667207,0.579618],[0.36048,0.539758],[0.735368,0.445687],[0.355996,0.3277],[0.524606,0.475981],[0.408911,0.562079],[0.347924,0.399449],[0.295906,0.405826],[0.289628,0.466414],[0.831336,0.6992],[0.865414,0.629046],[0.082453,0.584401],[0.866312,0.57324],[0.898594,0.491925],[0.951508,0.517436],[0.025,0.517436],[0.975,0.483953]]"
6979fd331919454fca05eb2b,frames/6979fd331919454fca05eb2b.png,"[[0.065942,0.578653],[0.277516,0.493461],[0.054188,0.848696],[0.286557,0.282893],[0.325436,0.368085],[0.330861,0.541683],[0.127425,0.626875],[0.41766,0.458099],[0.367027,0.461314],[0.380211,0.380315],[0.302832,0.458099],[0.471909,0.535253],[0.268104,0.676878],[0.240301,0.740654],[0.57752,0.431338],[0.460032,0.71355],[0.610705,0.60194],[0.63492,0.416988],[0.695237,0.638126],[0.699758,0.480601],[0.656445,0.629046],[0.575727,0.73906],[0.758528,0.800474],[0.633126,0.544542],[0.661826,0.370749],[0.868102,0.598751],[0.971906,0.491854],[0.799045,0.442499],[0.095779,0.477387],[0.042991,0.343644],[0.025,0.495114]]"
69c6d04df17fd61fd34a86df,frames/69c6d04df17fd61fd34a86df.png,"[[0.226848,0.343644],[0.225951,0.409015],[0.167655,0.65615],[0.044785,0.633829],[0.834922,0.694417],[0.621467,0.772543],[0.565862,0.640206],[0.318328,0.732682],[0.634023,0.900097],[0.687834,0.316539],[0.686938,0.428149],[0.214292,0.276679],[0.159584,0.531786],[0.471691,0.536569],[0.251063,0.373938]]"
6a1c54b461625a92e6f3205d,frames/6a1c54b461625a92e6f3205d.png,"[[0.064134,0.58669],[0.371548,0.49989],[0.293791,0.332722],[0.341711,0.409876],[0.437552,0.62366],[0.036105,0.631697],[0.543338,0.470958],[0.471005,0.532039],[0.395458,0.412204],[0.238637,0.483817],[0.554188,0.615624],[0.181108,0.654556],[0.143742,0.795169],[0.682453,0.420176],[0.558687,0.683256],[0.712947,0.539758],[0.75779,0.442499],[0.810063,0.633304],[0.82182,0.554542],[0.74344,0.58759],[0.570346,0.727899],[0.831766,0.744215],[0.592767,0.590779],[0.676175,0.365967],[0.872586,0.598751],[0.975,0.665717],[0.773934,0.468008],[0.23761,0.533381],[0.105772,0.399449],[0.130884,0.576429],[0.876172,0.6992],[0.963172,0.72471],[0.061421,0.520787],[0.042991,0.444093]]"
6a60f081163fd1b69e735465,frames/6a60f081163fd1b69e735465.png,"[[0.571417,0.657194],[0.571417,0.834076],[0.473182,0.151177],[0.332124,0.75795],[0.373686,0.278801],[0.533636,0.247455],[0.493333,0.216108],[0.552526,0.408663],[0.678474,0.64376],[0.424064,0.204913]]"
6a66a0df0189b2a2b065f534,frames/6a66a0df0189b2a2b065f534.png,"[[0.318328,0.798054],[0.410705,0.254357],[0.729987,0.673689],[0.743157,0.422736],[0.816391,0.2411],[0.768552,0.455254],[0.776611,0.04982],[0.561421,0.073931],[0.810703,0.083754],[0.36048,0.225657],[0.570085,0.464724],[0.36048,0.377126],[0.38918,0.305378],[0.210705,0.444093],[0.170346,0.635422],[0.248373,0.818781],[0.284247,0.491925],[0.540626,0.372907],[0.535201,0.273249],[0.401385,0.532039],[0.666304,0.31504],[0.879688,0.745822],[0.347136,0.610801],[0.457443,0.432381],[0.371548,0.416307],[0.559613,0.514357],[0.59578,0.450061],[0.617479,0.432381],[0.669016,0.31504],[0.580409,0.308611],[0.370644,0.847088],[0.570346,0.61629],[0.533574,0.762976],[0.465413,0.506275],[0.861828,0.955556],[0.474382,0.707172],[0.547924,0.423365],[0.476175,0.332483],[0.521916,0.491925],[0.45196,0.354806]]"
6a83e7ee2e2c45d7fca8bb46,frames/6a83e7ee2e2c45d7fca8bb46.png,"[[0.952016,0.478994],[0.732308,0.834229],[0.170346,0.900097],[0.033126,0.578024],[0.065413,0.643394],[0.269001,0.61629],[0.135368,0.72471],[0.866312,0.603535],[0.20622,0.772543],[0.584025,0.475779],[0.575727,0.578024],[0.251063,0.444093],[0.596355,0.747032],[0.83357,0.540075],[0.682453,0.707172],[0.607117,0.605129],[0.535368,0.646583],[0.091422,0.517436],[0.876172,0.405826],[0.429538,0.147531],[0.454651,0.362778],[0.44927,0.542947],[0.558038,0.612061],[0.503081,0.517436],[0.622364,0.554107],[0.605323,0.391476],[0.507566,0.431338],[0.392767,0.707172],[0.56048,0.405826],[0.37752,0.397854],[0.456445,0.57324],[0.218777,0.380315],[0.665413,0.632235],[0.306669,0.705578],[0.848375,0.598751],[0.851961,0.3277],[0.025,0.169852],[0.901289,0.73906],[0.028642,0.420176],[0.061826,0.562079],[0.901289,0.550918],[0.041198,0.289433]]"
6ad7266f00eb9ea354cfd80d,frames/6ad7266f00eb9ea354cfd80d.png,"[[0.048763,0.413092],[0.080409,0.578653],[0.1654,0.491854],[0.095779,0.866376],[0.258528,0.25396],[0.271186,0.334329],[0.266666,0.491854],[0.225074,0.609193],[0.314586,0.451669],[0.296503,0.390588],[0.355996,0.332483],[0.31549,0.413092],[0.389631,0.483817],[0.321916,0.542947],[0.315638,0.622668],[0.473485,0.536569],[0.415189,0.691228],[0.538059,0.578024],[0.56048,0.461631],[0.597588,0.607586],[0.631946,0.472565],[0.595458,0.643394],[0.582902,0.729493],[0.676249,0.742607],[0.672588,0.520625],[0.692319,0.394665],[0.868102,0.593968],[0.938453,0.366476],[0.951508,0.517436],[0.904875,0.413799]]"
6aeb2812091fab4ea5cadcbf,frames/6aeb2812091fab4ea5cadcbf.png,"[[0.959586,0.405826],[0.866312,0.60194],[0.949719,0.203335],[0.416086,0.58759],[0.136265,0.450471],[0.513844,0.611507],[0.612498,0.732682],[0.799045,0.57324],[0.912047,0.691228],[0.974828,0.643394],[0.394561,0.568457],[0.124606,0.593968],[0.865414,0.27349],[0.790973,0.643394],[0.084247,0.306972],[0.540749,0.772543],[0.934469,0.345239],[0.615189,0.644989],[0.325502,0.509464],[0.878867,0.646583],[0.527296,0.691228],[0.369449,0.531786],[0.185592,0.523814],[0.660032,0.702389],[0.541646,0.464819],[0.422364,0.25914],[0.644785,0.528597],[0.320122,0.428149],[0.654651,0.611507],[0.218745,0.390588],[0.692319,0.514247],[0.764068,0.472792],[0.709359,0.857047],[0.968555,0.240007],[0.171243,0.662528],[0.833125,0.747032],[0.155996,0.555701],[0.797252,0.354806],[0.166759,0.365967],[0.872586,0.536569],[0.291422,0.865019],[0.11205,0.490331],[0.076175,0.412204]]"
6b2e3c978b529d49b67e8c19,frames/6b2e3c978b529d49b67e8c19.png,"[[0.025,0.743843],[0.256445,0.627451],[0.26631,0.732682],[0.599942,0.099698],[0.288731,0.806026],[0.388283,0.876181],[0.586489,0.044444],[0.633126,0.173041],[0.730884,0.676878],[0.566846,0.229849],[0.840805,0.244315],[0.77214,0.447282],[0.783845,0.090005],[0.65455,0.397018],[0.650166,0.472792],[0.597588,0.257174],[0.276175,0.117237],[0.527296,0.528597],[0.425055,0.378721],[0.517927,0.861206],[0.56379,0.399175],[0.630337,0.773276],[0.424402,0.320839],[0.383934,0.637385],[0.61325,0.397576],[0.712947,0.955556],[0.071691,0.829942],[0.520122,0.306972],[0.453754,0.605129],[0.45196,0.912851],[0.42057,0.928796],[0.738955,0.917635],[0.541646,0.933579]]"
6b3aabd107c747107790cf65,frames/6b3aabd107c747107790cf65.png,"[[0.585271,0.64376],[0.481998,0.372839],[0.495853,0.480312],[0.573938,0.28104],[0.674693,0.693019],[0.332124,0.791535],[0.533636,0.952744],[0.492074,0.903485],[0.308195,0.601219],[0.668396,0.632565]]"
6b44ac1199144242fa72ea01,frames/6b44ac1199144242fa72ea01.png,"[[0.065942,0.594726],[0.33719,0.507928],[0.295598,0.3279],[0.329956,0.406663],[0.405002,0.601157],[0.061421,0.641342],[0.513501,0.48221],[0.442977,0.522394],[0.393664,0.401043],[0.25672,0.461314],[0.531584,0.594726],[0.190077,0.6705],[0.169876,0.782871],[0.647476,0.401043],[0.534297,0.675097],[0.677969,0.568457],[0.735368,0.468008],[0.781132,0.641342],[0.77842,0.554542],[0.721916,0.603535],[0.556893,0.732682],[0.816391,0.766718],[0.587247,0.579267],[0.66362,0.362778],[0.872586,0.598751],[0.975,0.643394],[0.773037,0.466414],[0.21788,0.487142],[0.0977,0.399449],[0.105772,0.554107],[0.885141,0.691228],[0.97393,0.735871],[0.038817,0.532039],[0.026848,0.43931]]"
6b5e79b7611178047b8cf6e8,frames/6b5e79b7611178047b8cf6e8.png,"[[0.883305,0.42595],[0.615671,0.48221],[0.607534,0.662237],[0.809164,0.634912],[0.968297,0.432381],[0.926703,0.570617],[0.229538,0.841103],[0.025,0.353618],[0.894148,0.683133],[0.086938,0.710361],[0.295906,0.644989],[0.950617,0.877775],[0.43492,0.751815],[0.385592,0.475981],[0.869898,0.60194],[0.450166,0.58759],[0.780176,0.576533],[0.393248,0.360047],[0.345234,0.790082],[0.601736,0.361183],[0.722813,0.702389],[0.440264,0.647771],[0.40622,0.570051],[0.323709,0.458442],[0.766759,0.735871],[0.057341,0.340456],[0.43492,0.464819],[0.290525,0.378721],[0.312947,0.292622],[0.243888,0.391476],[0.128193,0.562079],[0.171243,0.450471],[0.868102,0.27349],[0.921914,0.495114],[0.924609,0.640206],[0.101288,0.428149],[0.04927,0.605129],[0.958687,0.36756],[0.028642,0.421771]]"
6b63a2a9b55ad938409b714a,frames/6b63a2a9b55ad938409b714a.png,"[[0.483722,0.833674],[0.570823,0.808193],[0.563104,0.910117],[0.596182,0.561225],[0.427493,0.476943],[0.417767,0.361644],[0.641948,0.572111],[0.818271,0.388512],[0.73263,0.419858],[0.766635,0.43777]]"
6b645ecde9744625cf4e485b,frames/6b645ecde9744625cf4e485b.png,"[[0.573938,0.654955],[0.484517,0.3706],[0.498371,0.478073],[0.575198,0.276561],[0.665875,0.717647],[0.315752,0.742277],[0.600385,0.80273],[0.533636,0.827359],[0.3422,0.843032],[0.66462,0.654955]]"
6b752b9337073a82bb2adc77,frames/6b752b9337073a82bb2adc77.png,"[[0.654542,0.68854],[0.480739,0.377318],[0.494593,0.478073],[0.542452,0.227303],[0.693583,0.661672],[0.382502,0.87214],[0.379983,0.695257],[0.601646,0.851988],[0.281746,0.448966],[0.663359,0.596741]]"
6b759c6e7189eebc3cff13a3,frames/6b759c6e7189eebc3cff13a3.png,"[[0.695906,0.397854],[0.669898,0.262329],[0.178417,0.361183],[0.296803,0.483953],[0.872586,0.490331],[0.398148,0.81081],[0.498597,0.621074],[0.8125,0.490331],[0.36048,0.662528],[0.475279,0.372343],[0.578417,0.483953],[0.025,0.834725],[0.253754,0.263924],[0.627745,0.283056],[0.076175,0.774138],[0.639404,0.412204],[0.511693,0.520787],[0.436648,0.580261],[0.497226,0.46935],[0.366123,0.745822],[0.284748,0.385765]]"
6b871aaa983235c269e3cdf1,frames/6b871aaa983235c269e3cdf1.png,"[[0.740182,0.632565],[0.481998,0.372839],[0.490815,0.473594],[0.726333,0.451205],[0.743964,0.581068],[0.369908,0.442248],[0.762854,0.390751],[0.602906,0.84751],[0.456809,0.916919],[0.659578,0.596741]]"
6ba85af3ae7dbe0170865903,frames/6ba85af3ae7dbe0170865903.png,"[[0.671691,0.487142],[0.659135,0.343644],[0.182005,0.361183],[0.23761,0.557296],[0.874383,0.584401],[0.474382,0.780515],[0.4977,0.625857],[0.808016,0.472792],[0.413395,0.654556],[0.478866,0.362778],[0.56048,0.491925],[0.042095,0.882558],[0.242991,0.263924],[0.627745,0.287839],[0.147924,0.637017],[0.585592,0.412204],[0.48728,0.520787],[0.392344,0.514357],[0.49813,0.385765],[0.36974,0.877628]]"
6bedf5c86d97706c5e671211,frames/6bedf5c86d97706c5e671211.png,"[[0.330865,0.708692],[0.481998,0.3706],[0.494593,0.498224],[0.584016,0.247455],[0.631875,0.813925],[0.544971,0.596741],[0.722552,0.446727],[0.575198,0.457921],[0.696104,0.773623],[0.646984,0.766906]]"
6c29dab3ea88340886918425,frames/6c29dab3ea88340886918425.png,"[[0.025,0.750221],[0.159584,0.570051],[0.320122,0.466414],[0.651063,0.166664],[0.429538,0.629046],[0.60622,0.388288],[0.573934,0.055054],[0.660929,0.267112],[0.72909,0.676878],[0.555092,0.223419],[0.820914,0.218597],[0.77214,0.455254],[0.81368,0.135012],[0.676249,0.350403],[0.370346,0.544542],[0.412235,0.93871],[0.487834,0.469603],[0.387386,0.774138],[0.624158,0.533381],[0.596684,0.242708],[0.453827,0.321469],[0.580211,0.539758],[0.460032,0.614696],[0.453754,0.326106],[0.175727,0.276679],[0.56048,0.267112],[0.48335,0.683256],[0.503978,0.606724],[0.435816,0.58759],[0.465413,0.354806],[0.416086,0.517436],[0.563171,0.668906],[0.538059,0.517436],[0.439404,0.501492],[0.559294,0.400775],[0.510732,0.725315],[0.615049,0.850015]]"
6c3bed69524129e32268334d,frames/6c3bed69524129e32268334d.png,"[[0.257341,0.673689],[0.555099,0.361183],[0.469898,0.10767],[0.728193,0.676878],[0.735924,0.424343],[0.857078,0.281285],[0.764965,0.45366],[0.762145,0.05625],[0.609342,0.295751],[0.771243,0.080565],[0.380211,0.120425],[0.344337,0.836319],[0.652819,0.50629],[0.607855,0.797257],[0.361377,0.606724],[0.398148,0.879369],[0.431332,0.310161],[0.595458,0.219279],[0.488731,0.769354],[0.273485,0.509464],[0.523709,0.208118],[0.425055,0.785299],[0.450166,0.727899],[0.347924,0.936768],[0.335368,0.565268],[0.469898,0.351617],[0.42057,0.565268],[0.401736,0.405826],[0.474622,0.593119],[0.491801,0.450061],[0.523447,0.776362],[0.472814,0.781185],[0.664495,0.885665],[0.459252,0.416307],[0.559613,0.803689],[0.412235,0.816547],[0.509884,0.413092]]"
6c451e6f5ed615d913a4cde0,frames/6c451e6f5ed615d913a4cde0.png,"[[0.05196,0.461631],[0.031332,0.740654],[0.15779,0.900097],[0.267207,0.391476],[0.33178,0.657744],[0.412498,0.955556],[0.373037,0.6992],[0.388283,0.651367],[0.414292,0.665717],[0.434023,0.305378],[0.432229,0.539758],[0.553305,0.299],[0.481556,0.544542],[0.52909,0.683256],[0.470795,0.660933],[0.556893,0.338861],[0.61788,0.391476],[0.582902,0.680067],[0.59187,0.780515],[0.652857,0.091726],[0.695009,0.43931],[0.729987,0.672094],[0.512597,0.170375],[0.777516,0.216989],[0.767655,0.450471],[0.858891,0.176805],[0.418777,0.41061],[0.031584,0.904954],[0.554188,0.400232],[0.564134,0.832621],[0.317431,0.911257],[0.490897,0.451669],[0.528872,0.916206],[0.539722,0.409876],[0.550571,0.356833]]"
6c53f867443961ff012a6194,frames/6c53f867443961ff012a6194.png,"[[0.29686,0.543005],[0.330865,0.731081],[0.450513,0.238498],[0.510966,0.209391],[0.512225,0.57435],[0.669656,0.590023],[0.679729,0.448966],[0.573938,0.377318],[0.553786,0.531809],[0.686031,0.52957]]"
6ca7bc2155ee00daf7610d2d,frames/6ca7bc2155ee00daf7610d2d.png,"[[0.693583,0.289995],[0.480739,0.3706],[0.493333,0.478073],[0.578974,0.276561],[0.629354,0.753471],[0.376205,0.80273],[0.721292,0.453444],[0.517263,0.742277],[0.435399,0.867661],[0.652026,0.695257]]"
6cdeae5eb1d260c5e044b1c9,frames/6cdeae5eb1d260c5e044b1c9.png,"[[0.466082,0.353458],[0.390007,0.596506],[0.479312,0.590626],[0.58626,0.443621],[0.570823,0.841514],[0.644469,0.460161],[0.697365,0.522853],[0.537414,0.135504],[0.713734,0.408663],[0.755297,0.440009]]"
6d192a527e0b0ef5b4ab167d,frames/6d192a527e0b0ef5b4ab167d.png,"[[0.474442,0.607936],[0.484517,0.372839],[0.493333,0.522853],[0.601646,0.260888],[0.662099,0.892291],[0.663359,0.135504],[0.69988,0.238498],[0.626833,0.388512],[0.754036,0.731081],[0.68099,0.818403]]"
6d1a43365b3d92459120aff3,frames/6d1a43365b3d92459120aff3.png,"[[0.73263,0.637043],[0.483258,0.372839],[0.492074,0.478073],[0.640688,0.466878],[0.749,0.583306],[0.361092,0.368361],[0.347238,0.25641],[0.605422,0.851988],[0.333384,0.198196],[0.66462,0.585545]]"
6d28c60b5d604599b9a2dcb7,frames/6d28c60b5d604599b9a2dcb7.png,"[[0.251063,0.718333],[0.555099,0.348428],[0.462723,0.115642],[0.72909,0.676878],[0.735924,0.424343],[0.857078,0.274856],[0.764965,0.45366],[0.764857,0.051428],[0.586738,0.258782],[0.764068,0.088537],[0.37483,0.104481],[0.336265,0.839508],[0.646523,0.487106],[0.587171,0.864404],[0.362274,0.589185],[0.439404,0.310161],[0.54613,0.241601],[0.481556,0.786893],[0.264516,0.517436],[0.506669,0.240007],[0.407117,0.764571],[0.486041,0.702389],[0.308462,0.589185],[0.448373,0.495114],[0.401736,0.405826],[0.471909,0.503106],[0.509884,0.668667],[0.462868,0.747429],[0.630138,0.839051],[0.463772,0.40184],[0.588546,0.700815],[0.365219,0.726533],[0.48728,0.405054],[0.489088,0.834229],[0.496322,0.319862]]"
6d4b6b1ab8f67467e7524318,frames/6d4b6b1ab8f67467e7524318.png,"[[0.572677,0.659433],[0.584016,0.838555],[0.480739,0.16685],[0.330865,0.722125],[0.374945,0.28104],[0.539933,0.238498],[0.498371,0.227303],[0.556307,0.406424],[0.670917,0.659433],[0.427842,0.216108]]"
6d530cad3a654da7eb791ece,frames/6d530cad3a654da7eb791ece.png,"[[0.315752,0.569872],[0.308195,0.679584],[0.459696,0.252766],[0.505928,0.216108],[0.514744,0.547482],[0.66462,0.603457],[0.68225,0.453444],[0.575198,0.337015],[0.558823,0.518375],[0.687286,0.509419]]"
6d72cc480ba6d45906bfebe0,frames/6d72cc480ba6d45906bfebe0.png,"[[0.479312,0.537705],[0.494969,0.81714],[0.603901,0.563185],[0.55649,0.392659],[0.537747,0.547505],[0.611724,0.428815],[0.697365,0.518375],[0.537414,0.131026],[0.714995,0.419858],[0.761594,0.43777]]"
6d75f984f804753a47542f11,frames/6d75f984f804753a47542f11.png,"[[0.310714,0.737798],[0.353535,0.659433],[0.471923,0.238498],[0.532376,0.260888],[0.516004,0.567633],[0.527339,0.87214],[0.601646,0.236259],[0.601646,0.301191],[0.68099,0.399707],[0.675953,0.543005]]"
6d7c66960cdd0dee52b16404,frames/6d7c66960cdd0dee52b16404.png,"[[0.885109,0.421128],[0.628329,0.49989],[0.624712,0.6542],[0.829953,0.620446],[0.97393,0.442499],[0.944781,0.588297],[0.219673,0.845886],[0.897766,0.686349],[0.077639,0.688585],[0.280659,0.648178],[0.947922,0.855453],[0.415189,0.756599],[0.380211,0.477575],[0.869898,0.60194],[0.452857,0.578024],[0.805323,0.576429],[0.39596,0.35844],[0.34613,0.780515],[0.576623,0.350022],[0.713844,0.694417],[0.458347,0.647771],[0.423261,0.562079],[0.336265,0.444093],[0.750615,0.745437],[0.057341,0.345239],[0.454651,0.480764],[0.303081,0.372343],[0.303978,0.299],[0.250166,0.362778],[0.154202,0.568457],[0.175727,0.450471],[0.881555,0.255951],[0.901289,0.490331],[0.924609,0.629046],[0.120122,0.402638],[0.055548,0.592374],[0.942547,0.361183],[0.039404,0.420176]]"
6d83062837cacd5ece67c2fe,frames/6d83062837cacd5ece67c2fe.png,"[[0.581495,0.652716],[0.47822,0.368361],[0.497112,0.480312],[0.575198,0.276561],[0.660839,0.717647],[0.324568,0.742277],[0.595349,0.791535],[0.541192,0.807208],[0.343459,0.851988],[0.665875,0.654955]]"
6d9bcb6388ad87db212e75a9,frames/6d9bcb6388ad87db212e75a9.png,"[[0.180211,0.361183],[0.332677,0.710361],[0.964961,0.539758],[0.286937,0.790082],[0.60622,0.334078],[0.674382,0.275085],[0.031332,0.550918],[0.726399,0.678472],[0.132677,0.955556],[0.609808,0.643394],[0.846234,0.528824],[0.6437,0.433988],[0.459252,0.686349],[0.475527,0.411485],[0.471005,0.122153],[0.704875,0.150719],[0.306669,0.42496],[0.64927,0.158691],[0.390077,0.839508],[0.418777,0.102887],[0.20353,0.817186],[0.434023,0.370749],[0.488731,0.345239]]"
6dadda74906e394453f11abf,frames/6dadda74906e394453f11abf.png,"[[0.033126,0.450471],[0.025,0.73906],[0.155996,0.874586],[0.268104,0.377126],[0.33178,0.659339],[0.379314,0.93039],[0.37214,0.683256],[0.387386,0.609912],[0.418777,0.651367],[0.464516,0.332483],[0.454651,0.475981],[0.529987,0.299],[0.495906,0.495114],[0.523709,0.691228],[0.503081,0.732682],[0.553305,0.340456],[0.590077,0.432932],[0.57214,0.783704],[0.623261,0.813997],[0.667207,0.091726],[0.693216,0.416988],[0.72909,0.673689],[0.516213,0.152694],[0.772995,0.215382],[0.766759,0.447282],[0.857984,0.183234],[0.440301,0.372343],[0.025,0.880843],[0.538817,0.385765],[0.475527,0.955556]]"
6db2063f9e96948dea32034a,frames/6db2063f9e96948dea32034a.png,"[[0.657341,0.55889],[0.856445,0.716739],[0.454651,0.764571],[0.727296,0.57324],[0.536265,0.716739],[0.458238,0.314944],[0.295906,0.498303],[0.471691,0.450471],[0.457341,0.678472],[0.790973,0.283056],[0.246579,0.589185],[0.810703,0.58759],[0.069897,0.769354]]"
6de06b763e34eea03ab26ecf,frames/6de06b763e34eea03ab26ecf.png,"[[0.505772,0.885747],[0.773934,0.912851],[0.968555,0.598751],[0.590973,0.45366],[0.911156,0.676878],[0.972141,0.472792],[0.808016,0.281461],[0.430435,0.337267],[0.03492,0.483953],[0.247476,0.747032],[0.823258,0.578024],[0.581108,0.203335],[0.032229,0.75341],[0.311153,0.169852],[0.472588,0.25914],[0.686938,0.083754],[0.444785,0.498303]]"
6df255d2a62e2d726234e688,frames/6df255d2a62e2d726234e688.png,"[[0.226848,0.801243],[0.440301,0.735871],[0.425055,0.863425],[0.622364,0.394665],[0.469898,0.525408],[0.307566,0.841103],[0.399942,0.488736],[0.404427,0.691228],[0.182902,0.362778],[0.542543,0.487142],[0.657341,0.550918],[0.401736,0.688039],[0.616983,0.475981],[0.472588,0.405826],[0.529987,0.321322],[0.46631,0.345239],[0.594561,0.300594],[0.552409,0.181013],[0.703978,0.955556]]"
6e577d442d60f4f9f8d450f8,frames/6e577d442d60f4f9f8d450f8.png,"[[0.446734,0.126548],[0.481998,0.368361],[0.495853,0.480312],[0.582755,0.25641],[0.635651,0.791535],[0.47696,0.818403],[0.721292,0.422097],[0.572677,0.585545],[0.495853,0.952744],[0.652026,0.751232]]"
6e761a0af3ec1a0f58917018,frames/6e761a0af3ec1a0f58917018.png,"[[0.421545,0.534048],[0.483258,0.368361],[0.493333,0.50718],[0.555047,0.265367],[0.6155,0.912442],[0.621797,0.164611],[0.648245,0.236259],[0.630615,0.361644],[0.740182,0.778101],[0.712479,0.726604]]"
6e79d2dae86d61f3af466427,frames/6e79d2dae86d61f3af466427.png,"[[0.784695,0.668906],[0.873484,0.764571],[0.576623,0.509464],[0.259135,0.181013],[0.08335,0.798054],[0.494113,0.71355],[0.562274,0.413799],[0.676175,0.802838],[0.392767,0.523814],[0.544337,0.117237]]"
6e8e2a0bfd30f1c5a93b25a0,frames/6e8e2a0bfd30f1c5a93b25a0.png,"[[0.329606,0.446727],[0.469404,0.807208],[0.332124,0.57435],[0.620536,0.811686],[0.498371,0.09744],[0.607943,0.175806],[0.781745,0.605696],[0.665875,0.605696],[0.69988,0.648238],[0.75026,0.428815]]"
6eb13066f0f77d439e3ab2dd,frames/6eb13066f0f77d439e3ab2dd.png,"[[0.324568,0.57435],[0.313233,0.686301],[0.465626,0.265367],[0.512225,0.216108],[0.517263,0.563156],[0.669656,0.59898],[0.678474,0.453444],[0.578974,0.316864],[0.557568,0.50718],[0.686031,0.520614]]"
6ebc2d1a796a0f8e6e1a7ac3,frames/6ebc2d1a796a0f8e6e1a7ac3.png,"[[0.691068,0.28104],[0.481998,0.3706],[0.494593,0.487029],[0.581495,0.276561],[0.629354,0.751232],[0.388799,0.782579],[0.714995,0.446727],[0.514744,0.737798],[0.435399,0.867661],[0.649505,0.699735]]"
6ec000b155d126e795e9679e,frames/6ec000b155d126e795e9679e.png,"[[0.764857,0.789222],[0.192767,0.955556],[0.070794,0.643394],[0.208911,0.61629],[0.103081,0.681661],[0.866312,0.603535],[0.158687,0.73906],[0.638275,0.475779],[0.602633,0.542947],[0.162274,0.461631],[0.588283,0.735871],[0.894109,0.576429],[0.740749,0.672094],[0.623261,0.55889],[0.529987,0.609912],[0.101288,0.554107],[0.916531,0.397854],[0.44927,0.193768],[0.476175,0.365967],[0.477072,0.554107],[0.614292,0.662528],[0.539852,0.523814],[0.618761,0.525974],[0.562274,0.332483],[0.56048,0.401043],[0.402633,0.654556],[0.523709,0.334078],[0.375727,0.472792],[0.4977,0.627451],[0.260032,0.337267],[0.667207,0.554107],[0.350615,0.6992],[0.80622,0.659339],[0.793664,0.351617],[0.025,0.181013],[0.871688,0.710361],[0.082453,0.401043],[0.104875,0.621074],[0.895008,0.512653],[0.063619,0.305378],[0.025,0.614696],[0.025,0.356833]]"
6ec2589ad61b941df2d97c49,frames/6ec2589ad61b941df2d97c49.png,"[[0.932125,0.422736],[0.641891,0.507928],[0.652741,0.626875],[0.857984,0.605979],[0.975,0.602764],[0.192767,0.852264],[0.925797,0.707244],[0.067207,0.659339],[0.24927,0.659339],[0.960477,0.783704],[0.404427,0.732682],[0.378417,0.498303],[0.869898,0.60194],[0.448373,0.562079],[0.83582,0.565268],[0.416756,0.397018],[0.354202,0.747032],[0.533574,0.345239],[0.698597,0.694417],[0.473718,0.659022],[0.435816,0.546135],[0.36048,0.450471],[0.739852,0.743843],[0.05196,0.340456],[0.495906,0.498303],[0.327296,0.365967],[0.316534,0.300594],[0.277072,0.350022],[0.201736,0.565268],[0.215189,0.45366],[0.895008,0.217685],[0.880867,0.504111],[0.889625,0.643394],[0.163171,0.365967],[0.08335,0.589185],[0.913844,0.378721],[0.071691,0.42496],[0.056444,0.511058],[0.025,0.270301],[0.975,0.680067]]"
6ede70ec69f00c209627b5c3,frames/6ede70ec69f00c209627b5c3.png,"[[0.975,0.475415],[0.693429,0.496676],[0.708799,0.594726],[0.896867,0.567401],[0.187386,0.877775],[0.945688,0.729749],[0.030435,0.627451],[0.216983,0.710361],[0.975,0.740654],[0.384695,0.688039],[0.329987,0.554107],[0.876172,0.598751],[0.387386,0.598751],[0.895008,0.539758],[0.422181,0.432381],[0.351512,0.676878],[0.464516,0.420176],[0.677969,0.676878],[0.536105,0.63009],[0.482453,0.562079],[0.412498,0.499897],[0.677969,0.705578],[0.046579,0.338861],[0.555996,0.45366],[0.380211,0.345239],[0.344337,0.310161],[0.319225,0.383504],[0.285144,0.534975],[0.279762,0.466414],[0.949719,0.149125],[0.833125,0.506275],[0.82057,0.710361],[0.265413,0.365967],[0.107566,0.635422],[0.842992,0.416988],[0.141646,0.436121],[0.142543,0.562079],[0.084247,0.267112],[0.919227,0.643394]]"
6ee060d99603cb9a3bb0a496,frames/6ee060d99603cb9a3bb0a496.png,"[[0.335903,0.628087],[0.772932,0.57435],[0.349757,0.287756],[0.403913,0.605696],[0.689807,0.191479],[0.727589,0.258649],[0.725073,0.469117],[0.509706,0.131026],[0.567641,0.746755],[0.589052,0.827359]]"
6ee76ff3c443919fb8b1f058,frames/6ee76ff3c443919fb8b1f058.png,"[[0.058238,0.383504],[0.027745,0.732682],[0.134471,0.939957],[0.208911,0.456847],[0.359584,0.673689],[0.36048,0.834725],[0.424158,0.798054],[0.442991,0.710361],[0.436713,0.305378],[0.368552,0.651367],[0.579314,0.338861],[0.498597,0.546135],[0.524606,0.657744],[0.444785,0.479169],[0.54344,0.334078],[0.687834,0.25914],[0.547027,0.447282],[0.565862,0.696011],[0.61788,0.069404],[0.726399,0.469603],[0.730884,0.676878],[0.531584,0.205738],[0.794695,0.239493],[0.769449,0.447282],[0.85075,0.165553],[0.455548,0.576429],[0.037913,0.933888],[0.544242,0.388981],[0.486376,0.660631],[0.310256,0.812403],[0.421277,0.384158],[0.46558,0.713674],[0.585834,0.560972],[0.627425,0.236278],[0.511693,0.462921],[0.458347,0.747429],[0.025,0.884058],[0.615189,0.955556]]"
6fa378d887aef81063e95feb,frames/6fa378d887aef81063e95feb.png,"[[0.058709,0.570617],[0.296503,0.493461],[0.025,0.810118],[0.295598,0.298967],[0.32634,0.400232],[0.378781,0.552935],[0.108438,0.639733],[0.473718,0.466136],[0.390535,0.49989],[0.384695,0.397854],[0.276611,0.475779],[0.505363,0.580261],[0.229538,0.681661],[0.199045,0.778921],[0.619673,0.386693],[0.501288,0.710361],[0.635816,0.606724],[0.677969,0.45366],[0.748582,0.618837],[0.744062,0.514357],[0.686938,0.61629],[0.555099,0.71355],[0.774803,0.790829],[0.616983,0.554107],[0.655548,0.351617],[0.868102,0.598751],[0.975,0.557296],[0.771243,0.475981],[0.16992,0.445239],[0.073485,0.380315],[0.059135,0.528597],[0.943437,0.68485]]"
6faac74e03dc5fc737123ab0,frames/6faac74e03dc5fc737123ab0.png,"[[0.912047,0.542947],[0.025,0.484981],[0.866312,0.603535],[0.025,0.742249],[0.788366,0.237886],[0.499494,0.635422],[0.926398,0.45366],[0.267207,0.509464],[0.408014,0.640206],[0.548821,0.554107],[0.64927,0.444093],[0.710256,0.633829],[0.842992,0.589185],[0.439404,0.506275],[0.319225,0.58759],[0.80622,0.295811],[0.640301,0.788488],[0.278866,0.394665],[0.467207,0.657744],[0.782005,0.622668],[0.48335,0.498303],[0.567655,0.343644],[0.635816,0.643394],[0.615189,0.57324],[0.583798,0.401043],[0.060032,0.405826],[0.750615,0.740654],[0.494113,0.338861],[0.231332,0.498303],[0.77214,0.499897],[0.198148,0.43931],[0.415189,0.464819],[0.116575,0.237886],[0.843891,0.343644],[0.890523,0.354806],[0.823258,0.817186],[0.914742,0.25914],[0.039404,0.593968],[0.975,0.613101]]"
6fc5f91ef7364c58ed471743,frames/6fc5f91ef7364c58ed471743.png,"[[0.3422,0.639281],[0.783005,0.540765],[0.351016,0.276561],[0.406432,0.596741],[0.697365,0.191479],[0.727589,0.260888],[0.716255,0.471356],[0.510966,0.126548],[0.555047,0.742277],[0.589052,0.827359]]"
6fe5fb34b12999ca5fdd9169,frames/6fe5fb34b12999ca5fdd9169.png,"[[0.170346,0.487142],[0.102184,0.896908],[0.288731,0.646583],[0.232229,0.444093],[0.148821,0.855453],[0.611602,0.184203],[0.515637,0.225657],[0.630435,0.13637],[0.700391,0.777326],[0.727296,0.12202],[0.765862,0.405826],[0.77214,0.153908],[0.601736,0.547729],[0.801736,0.192174],[0.182902,0.852264],[0.45196,0.609912],[0.182005,0.578024],[0.975,0.841103],[0.0977,0.955556],[0.229538,0.813997],[0.327296,0.681661],[0.656445,0.118831],[0.294112,0.104481],[0.547924,0.051865],[0.242095,0.955556]]"
70aa11b4366661f646cdea98,frames/70aa11b4366661f646cdea98.png,"[[0.742703,0.634804],[0.481998,0.372839],[0.488296,0.473594],[0.618021,0.453444],[0.751521,0.581068],[0.351016,0.413142],[0.509706,0.095201],[0.601646,0.854227],[0.295601,0.509419],[0.66462,0.596741]]"
70bc63c72b4ce6be15dc79f8,frames/70bc63c72b4ce6be15dc79f8.png,"[[0.609203,0.218347],[0.576458,0.285518],[0.451772,0.16685],[0.369908,0.195957],[0.356054,0.276561],[0.55001,0.216108],[0.504668,0.187001],[0.562604,0.408663],[0.519782,0.84751],[0.413989,0.296713]]"
70ce8bd62af55477efca269e,frames/70ce8bd62af55477efca269e.png,"[[0.576458,0.634804],[0.481998,0.372839],[0.494593,0.473594],[0.575198,0.276561],[0.677214,0.681823],[0.347238,0.843032],[0.532376,0.956481],[0.50089,0.887813],[0.306935,0.601219],[0.668396,0.623608]]"
71017c8c0d6b414d1b338b0c,frames/71017c8c0d6b414d1b338b0c.png,"[[0.311973,0.359405],[0.736406,0.717647],[0.353535,0.28104],[0.461847,0.442248],[0.646984,0.419858],[0.73137,0.247455],[0.751521,0.359405],[0.513484,0.135504],[0.663359,0.75795],[0.576458,0.831837]]"
710ca721e35036944f2b3b95,frames/710ca721e35036944f2b3b95.png,"[[0.410705,0.598751],[0.355996,0.880964],[0.424158,0.911257],[0.642095,0.228846],[0.473485,0.566862],[0.298597,0.887342],[0.544337,0.955556],[0.183798,0.361183],[0.599045,0.691228],[0.790973,0.236818],[0.54344,0.955556],[0.491422,0.716739],[0.545234,0.528597],[0.545234,0.295811],[0.480659,0.475981],[0.519225,0.365967],[0.57752,0.220874],[0.622364,0.531786],[0.411602,0.546135],[0.422364,0.3277],[0.458238,0.41061]]"
7145a3c876a6c10d29a3efeb,frames/7145a3c876a6c10d29a3efeb.png,"[[0.848039,0.429165],[0.574984,0.440417],[0.575888,0.665453],[0.791982,0.659022],[0.933031,0.429165],[0.899578,0.551328],[0.250166,0.845886],[0.025,0.363992],[0.859797,0.644556],[0.096803,0.751815],[0.325502,0.614696],[0.947922,0.939957],[0.450166,0.735871],[0.393664,0.450471],[0.869898,0.60194],[0.477072,0.562079],[0.749718,0.609912],[0.359794,0.364869],[0.338059,0.769354],[0.623261,0.416988],[0.737162,0.702389],[0.402289,0.675097],[0.382005,0.557296],[0.287834,0.469603],[0.793664,0.735871],[0.060032,0.332483],[0.398148,0.431338],[0.262723,0.428149],[0.303978,0.281461],[0.214292,0.420176],[0.107566,0.554107],[0.123709,0.444093],[0.858234,0.287839],[0.931781,0.528597],[0.947031,0.598751],[0.052857,0.469603],[0.025,0.609912],[0.975,0.373938]]"
718ba3b07fff504ede63b4dd,frames/718ba3b07fff504ede63b4dd.png,"[[0.028642,0.721522],[0.180211,0.627451],[0.352409,0.912851],[0.453754,0.955556],[0.410705,0.483953],[0.602633,0.338861],[0.646579,0.790082],[0.513844,0.659339],[0.588283,0.305378],[0.550615,0.198551],[0.405323,0.576429],[0.598148,0.063026],[0.691422,0.294217],[0.728193,0.672094],[0.55238,0.229849],[0.820008,0.231456],[0.773037,0.45366],[0.82182,0.159123],[0.570463,0.361656],[0.539722,0.403447],[0.308462,0.614696],[0.362506,0.58669],[0.66992,0.955556],[0.617479,0.432381],[0.449305,0.646164],[0.484568,0.422736],[0.158687,0.93039],[0.597252,0.680067],[0.427745,0.729493],[0.364965,0.853858],[0.579314,0.831536],[0.556901,0.294144],[0.461059,0.369692],[0.486041,0.780515],[0.469001,0.388288]]"
719926a99265528bb21b782c,frames/719926a99265528bb21b782c.png,"[[0.95925,0.462921],[0.671729,0.496676],[0.688004,0.604371],[0.881492,0.58669],[0.187386,0.876181],[0.937555,0.729749],[0.033126,0.644989],[0.218777,0.705578],[0.972141,0.761382],[0.381108,0.6992],[0.336265,0.547729],[0.865414,0.600346],[0.401736,0.598751],[0.878867,0.550918],[0.420373,0.432381],[0.353305,0.694417],[0.470795,0.405826],[0.681556,0.6705],[0.513501,0.646164],[0.459135,0.557296],[0.38918,0.488736],[0.699494,0.72471],[0.045682,0.343644],[0.542543,0.475981],[0.364965,0.361183],[0.339852,0.299],[0.303081,0.354806],[0.256445,0.542947],[0.261826,0.466414],[0.938953,0.171447],[0.858234,0.506275],[0.840305,0.702389],[0.239404,0.361183],[0.099494,0.609912],[0.859133,0.401043],[0.117431,0.434526],[0.120122,0.546135],[0.070794,0.265518],[0.946133,0.638611]]"
71a99287b5f117cba0c9d31a,frames/71a99287b5f117cba0c9d31a.png,"[[0.704875,0.584401],[0.855547,0.718333],[0.447476,0.841103],[0.699494,0.531786],[0.581108,0.825158],[0.361377,0.249574],[0.176623,0.579618],[0.465413,0.531786],[0.494113,0.624262],[0.745234,0.265518],[0.188283,0.818781],[0.768552,0.691228],[0.035817,0.917635],[0.414292,0.550918]]"
71b23c0e526bad4998d977ca,frames/71b23c0e526bad4998d977ca.png,"[[0.077969,0.397854],[0.195458,0.326106],[0.643888,0.058243],[0.481556,0.951118],[0.460929,0.836319],[0.846578,0.874586],[0.025,0.852264],[0.350615,0.491925],[0.476175,0.117237],[0.851062,0.362778],[0.190973,0.169852],[0.83582,0.044444],[0.918328,0.184203],[0.825055,0.265518],[0.425951,0.885747],[0.889625,0.316539],[0.622364,0.147531],[0.644785,0.177824],[0.956891,0.361183],[0.907562,0.660933],[0.330884,0.044444]]"
71edbb7c8e06bc6152631494,frames/71edbb7c8e06bc6152631494.png,"[[0.142543,0.405826],[0.170346,0.668906],[0.335368,0.394665],[0.575727,0.464819],[0.240301,0.747032],[0.528193,0.442499],[0.137162,0.955556],[0.623261,0.41061],[0.460032,0.354806],[0.302184,0.740654],[0.190973,0.735871],[0.429538,0.912851],[0.394561,0.326106],[0.534471,0.044444],[0.025,0.589185],[0.547924,0.305378]]"
71f0550eea094f1ae99c8708,frames/71f0550eea094f1ae99c8708.png,"[[0.687286,0.25641],[0.480739,0.377318],[0.493333,0.482551],[0.580234,0.276561],[0.635651,0.751232],[0.400134,0.787056],[0.720031,0.448966],[0.513484,0.722125],[0.435399,0.867661],[0.653281,0.710931]]"
71fa3a399697c2e012882eec,frames/71fa3a399697c2e012882eec.png,"[[0.750615,0.79646],[0.842094,0.885747],[0.545234,0.716739],[0.212498,0.044444],[0.127296,0.829942],[0.476175,0.941551],[0.57483,0.436121],[0.702184,0.911257],[0.425055,0.498303],[0.636713,0.177824],[0.084247,0.716739],[0.813398,0.104481]]"
71fc776f29caf4e5bee7d0df,frames/71fc776f29caf4e5bee7d0df.png,"[[0.704922,0.652716],[0.480739,0.372839],[0.494593,0.480312],[0.441696,0.401946],[0.745224,0.569872],[0.317011,0.446727],[0.347238,0.238498],[0.604167,0.863183],[0.369908,0.169089],[0.66462,0.59898]]"
720bd07fdd26ed548e538326,frames/720bd07fdd26ed548e538326.png,"[[0.073485,0.388288],[0.199045,0.299],[0.645682,0.05346],[0.477072,0.935174],[0.456445,0.834725],[0.851062,0.852264],[0.025054,0.842697],[0.353305,0.498303],[0.477072,0.091726],[0.849273,0.351617],[0.188283,0.184203],[0.456445,0.576429],[0.829539,0.044444],[0.912945,0.158691],[0.834922,0.265518],[0.434023,0.890531],[0.896805,0.332483],[0.613395,0.152314],[0.64927,0.181013],[0.962273,0.359589],[0.94882,0.710361]]"
726f0d799916ad9be47da04a,frames/726f0d799916ad9be47da04a.png,"[[0.31827,0.388512],[0.458069,0.807208],[0.348497,0.619131],[0.553786,0.843032],[0.510966,0.204913],[0.602906,0.169089],[0.762854,0.648238],[0.652026,0.614653],[0.728849,0.567633],[0.751521,0.422097]]"
7280f52622c0267f9a3886e5,frames/7280f52622c0267f9a3886e5.png,"[[0.073175,0.570617],[0.248582,0.485424],[0.059613,0.871199],[0.291078,0.266818],[0.317298,0.366476],[0.31097,0.51275],[0.150029,0.639733],[0.400481,0.474172],[0.34804,0.433988],[0.376623,0.380315],[0.297407,0.461314],[0.452923,0.51275],[0.291422,0.646583],[0.252857,0.735871],[0.564965,0.450471],[0.446579,0.71355],[0.60353,0.603535],[0.621467,0.420176],[0.674441,0.639733],[0.686195,0.472565],[0.640301,0.629046],[0.580211,0.732682],[0.750391,0.779578],[0.642095,0.550918],[0.658238,0.383504],[0.868102,0.598751],[0.970102,0.467743],[0.809805,0.420176],[0.074984,0.514357],[0.033126,0.340456]]"
728a271cfd22322b4012fc27,frames/728a271cfd22322b4012fc27.png,"[[0.025,0.431338],[0.132677,0.680067],[0.521019,0.409015],[0.235816,0.533381],[0.467207,0.432932],[0.214292,0.955556],[0.618777,0.413799],[0.426848,0.397854],[0.306669,0.762976],[0.344337,0.383504],[0.432229,0.892125],[0.396355,0.370749],[0.08066,0.475981],[0.599942,0.310161],[0.519225,0.311756],[0.38918,0.372343]]"
72c0121275a12b05947b307e,frames/72c0121275a12b05947b307e.png,"[[0.169449,0.370749],[0.302184,0.673689],[0.268104,0.871397],[0.611602,0.332483],[0.667207,0.270301],[0.027745,0.562079],[0.677969,0.702389],[0.526399,0.503086],[0.762145,0.655808],[0.634659,0.421128],[0.413139,0.720104],[0.503555,0.405054],[0.470102,0.09965],[0.706669,0.173041],[0.223261,0.405826],[0.623261,0.150719],[0.370346,0.807621],[0.404427,0.265518],[0.226848,0.676878],[0.388283,0.506275],[0.485144,0.354806],[0.025,0.413799],[0.513844,0.096509]]"
731134657401510c24e30f34,frames/731134657401510c24e30f34.png,"[[0.027745,0.716739],[0.253754,0.646583],[0.399045,0.812403],[0.61788,0.17623],[0.664516,0.147531],[0.728193,0.676878],[0.618384,0.247531],[0.857078,0.247531],[0.773037,0.450471],[0.752199,0.083576],[0.672633,0.409876],[0.625055,0.334078],[0.61115,0.261996],[0.156893,0.114048],[0.347027,0.621074],[0.412498,0.531786],[0.677099,0.635786],[0.244545,0.611806],[0.582675,0.218521],[0.141646,0.758193],[0.486937,0.241601],[0.408014,0.885747],[0.558687,0.60194],[0.355996,0.434526],[0.565862,0.525408],[0.409808,0.58759],[0.434023,0.654556],[0.596355,0.321322],[0.477969,0.696011],[0.550615,0.36756],[0.534471,0.520625],[0.387386,0.378721],[0.555099,0.450471],[0.503081,0.461631],[0.484247,0.362778],[0.382005,0.922418]]"
731d95451296bcb9737e6a5a,frames/731d95451296bcb9737e6a5a.png,"[[0.626833,0.433293],[0.626833,0.332537],[0.456809,0.169089],[0.318603,0.309203],[0.361092,0.301191],[0.546229,0.207152],[0.502149,0.151177],[0.558823,0.408663],[0.537414,0.883334],[0.413841,0.233953]]"
7344e03f1f2ce6df25ba4b46,frames/7344e03f1f2ce6df25ba4b46.png,"[[0.56512,0.639281],[0.514744,0.811686],[0.483258,0.164611],[0.348497,0.791535],[0.379983,0.278801],[0.513484,0.265367],[0.47822,0.236259],[0.541192,0.419858],[0.689807,0.55196],[0.430361,0.198196]]"
7353c9a103e61441cc98d97e,frames/7353c9a103e61441cc98d97e.png,"[[0.480415,0.661188],[0.520106,0.841514],[0.575234,0.888556],[0.535542,0.488703],[0.523414,0.259375],[0.415248,0.426576],[0.639427,0.607936],[0.749,0.175806],[0.722552,0.410903],[0.754036,0.446727]]"
735f275a50945fe18bc05dca,frames/735f275a50945fe18bc05dca.png,"[[0.322049,0.480312],[0.74774,0.648238],[0.348497,0.278801],[0.421545,0.558678],[0.648245,0.276561],[0.730109,0.25641],[0.73137,0.401946],[0.512225,0.126548],[0.631875,0.731081],[0.587792,0.831837]]"
738447bbb91ea9ca3e13d190,frames/738447bbb91ea9ca3e13d190.png,"[[0.963172,0.409015],[0.866312,0.60194],[0.345234,0.649772],[0.141646,0.391476],[0.584695,0.622668],[0.721019,0.747032],[0.86857,0.560136],[0.356893,0.595562],[0.870797,0.270301],[0.895008,0.65615],[0.609808,0.747032],[0.672588,0.762976],[0.293216,0.598751],[0.975,0.65615],[0.409808,0.61629],[0.309359,0.611507],[0.28335,0.495114],[0.639404,0.621074],[0.517431,0.511058],[0.398148,0.204929],[0.58918,0.378721],[0.40353,0.475981],[0.829539,0.58759],[0.322723,0.432381],[0.613395,0.554107],[0.671691,0.528597],[0.644785,0.852264],[0.247476,0.702389],[0.744337,0.665717],[0.255548,0.565268],[0.735368,0.444093],[0.260929,0.365967],[0.728193,0.506275],[0.337162,0.745437],[0.221467,0.525408],[0.121916,0.310161],[0.120122,0.472792],[0.951508,0.751815],[0.975,0.740654],[0.025054,0.436121]]"
73a83bf6bfc1972d6c5c0931,frames/73a83bf6bfc1972d6c5c0931.png,"[[0.558823,0.843032],[0.652026,0.753471],[0.374945,0.137743],[0.398875,0.762428],[0.591568,0.18924],[0.716255,0.287756],[0.722552,0.469117],[0.475701,0.146699],[0.374945,0.50718],[0.688547,0.773623]]"
73ca0c2289bd9820e8e38ece,frames/73ca0c2289bd9820e8e38ece.png,"[[0.675953,0.413142],[0.480739,0.368361],[0.494593,0.480312],[0.576458,0.276561],[0.635651,0.778101],[0.36361,0.811686],[0.604167,0.594502],[0.536155,0.798252],[0.403913,0.912442],[0.653281,0.704213]]"
73fa6aa1b7617450f35218e6,frames/73fa6aa1b7617450f35218e6.png,"[[0.531117,0.144459],[0.52356,0.567633],[0.480739,0.18924],[0.407691,0.216108],[0.362351,0.245215],[0.585271,0.260888],[0.570161,0.178044],[0.557568,0.413142],[0.528598,0.854227],[0.521041,0.229543]]"
740a733c34da5716f6725069,frames/740a733c34da5716f6725069.png,"[[0.488132,0.676869],[0.520106,0.835634],[0.578542,0.910117],[0.563104,0.482822],[0.46939,0.280936],[0.429102,0.543005],[0.635651,0.616892],[0.771672,0.21163],[0.723812,0.410903],[0.765375,0.448966]]"
7425ed389f2ec635d7379a38,frames/7425ed389f2ec635d7379a38.png,"[[0.735368,0.885747],[0.902187,0.917635],[0.04927,0.075782],[0.502184,0.696011],[0.43492,0.45366],[0.937164,0.514247],[0.322812,0.683256],[0.193664,0.044444],[0.782005,0.219279],[0.710256,0.080565],[0.563171,0.085348]]"
74307d1f317d571ee2cc58fe,frames/74307d1f317d571ee2cc58fe.png,"[[0.030435,0.394665],[0.46631,0.60194],[0.442095,0.499897],[0.846578,0.775732],[0.328193,0.680067],[0.827742,0.260735],[0.660929,0.171447],[0.88425,0.209712],[0.764965,0.209712],[0.382005,0.13637],[0.648373,0.214496],[0.605323,0.044444]]"
743b9f0571bbd2b0f7ad8655,frames/743b9f0571bbd2b0f7ad8655.png,"[[0.205323,0.310161],[0.225055,0.41061],[0.170346,0.662528],[0.15779,0.933579],[0.035817,0.590779],[0.85375,0.849075],[0.660929,0.621074],[0.521916,0.841103],[0.413395,0.421771],[0.476175,0.413799],[0.616086,0.892125],[0.691422,0.292622],[0.881555,0.498303],[0.14344,0.271896],[0.361377,0.466414]]"
7441e1603116649d17986d29,frames/7441e1603116649d17986d29.png,"[[0.740182,0.632565],[0.480739,0.377318],[0.488296,0.471356],[0.727589,0.457921],[0.742703,0.594502],[0.373686,0.448966],[0.765375,0.397469],[0.599125,0.843032],[0.470664,0.928115],[0.660839,0.603457]]"
744e9114fb4f885651d1e416,frames/744e9114fb4f885651d1e416.png,"[[0.439404,0.629046],[0.293216,0.613101],[0.975,0.475981],[0.755996,0.225657],[0.313844,0.048677],[0.476175,0.055054],[0.583798,0.10767],[0.085144,0.542947],[0.194561,0.520625],[0.169449,0.58759],[0.656445,0.729493],[0.104875,0.6992],[0.095906,0.955556],[0.209808,0.955556]]"
7499e2e8a8577f4a526e93de,frames/7499e2e8a8577f4a526e93de.png,"[[0.659578,0.361644],[0.605422,0.285518],[0.456809,0.180284],[0.349757,0.229543],[0.361092,0.276561],[0.551266,0.207152],[0.50089,0.187001],[0.558823,0.408663],[0.533636,0.87214],[0.402653,0.289995]]"
74a8cb1eed434b66f530194c,frames/74a8cb1eed434b66f530194c.png,"[[0.595458,0.566862],[0.587386,0.472792],[0.181108,0.362778],[0.435816,0.710361],[0.723709,0.584401],[0.580211,0.044444],[0.788283,0.581212],[0.536265,0.491925],[0.625951,0.445687],[0.288731,0.871397],[0.493216,0.598751],[0.448373,0.373938],[0.416086,0.434526],[0.057341,0.877775],[0.410705,0.294217],[0.625055,0.27349],[0.344337,0.911257],[0.320122,0.475981],[0.559584,0.316539]]"
74c4ae026c25a75fc8fc791f,frames/74c4ae026c25a75fc8fc791f.png,"[[0.902187,0.200146],[0.866312,0.60194],[0.253754,0.593968],[0.65196,0.662528],[0.794561,0.632235],[0.953305,0.539758],[0.339852,0.576429],[0.85375,0.139558],[0.685144,0.707172],[0.76048,0.68485],[0.109359,0.681661],[0.322812,0.501492],[0.173037,0.691228],[0.407117,0.431338],[0.610705,0.447282],[0.586489,0.75341],[0.433126,0.181013],[0.478866,0.472792],[0.501288,0.55889],[0.451114,0.491854],[0.494113,0.637017],[0.611602,0.605129],[0.717431,0.939957],[0.364068,0.624262],[0.660032,0.562079],[0.37483,0.539758],[0.740749,0.444093],[0.353305,0.321322],[0.524606,0.475981],[0.409808,0.550918],[0.355996,0.394665],[0.302184,0.405826],[0.293216,0.461631],[0.834023,0.705578],[0.858234,0.617885],[0.076175,0.584401],[0.855547,0.57324],[0.890523,0.506275],[0.944336,0.517436],[0.025054,0.528597],[0.975,0.480764]]"
74dfd0c2a504f4607bb1a62c,frames/74dfd0c2a504f4607bb1a62c.png,"[[0.91743,0.595562],[0.0977,0.472792],[0.866312,0.603535],[0.0977,0.6705],[0.88782,0.520787],[0.728691,0.308611],[0.542543,0.649772],[0.840305,0.405826],[0.318328,0.542947],[0.316534,0.635422],[0.52909,0.377126],[0.599942,0.447282],[0.615189,0.648178],[0.96407,0.520625],[0.759584,0.579618],[0.438507,0.455254],[0.380211,0.487142],[0.782902,0.294217],[0.602633,0.683256],[0.344337,0.299],[0.40353,0.65615],[0.685144,0.705578],[0.41788,0.383504],[0.573037,0.310161],[0.555996,0.58759],[0.673485,0.624262],[0.652857,0.420176],[0.025,0.3277],[0.775727,0.667311],[0.367655,0.423365],[0.155996,0.589185],[0.831336,0.447282],[0.15779,0.450471],[0.295009,0.445687],[0.099396,0.196093],[0.895008,0.413799],[0.93268,0.423365],[0.921914,0.853858]]"
74ea0c95188d03fc8f3e4778,frames/74ea0c95188d03fc8f3e4778.png,"[[0.952406,0.41061],[0.866312,0.60194],[0.934469,0.187392],[0.425055,0.590779],[0.14613,0.45366],[0.498597,0.625857],[0.614292,0.73906],[0.782005,0.566862],[0.906672,0.688039],[0.975,0.643394],[0.40622,0.565268],[0.141646,0.584401],[0.867203,0.27349],[0.77483,0.665717],[0.112947,0.329294],[0.530884,0.751815],[0.919227,0.348428],[0.597252,0.637017],[0.336265,0.498303],[0.862719,0.627451],[0.532677,0.688039],[0.387386,0.511058],[0.184695,0.520625],[0.662723,0.702389],[0.545234,0.447282],[0.41788,0.294217],[0.625951,0.544542],[0.31205,0.423365],[0.623261,0.592374],[0.203374,0.390588],[0.703081,0.499897],[0.781108,0.45366],[0.714741,0.845886],[0.957789,0.241601],[0.155099,0.65615],[0.849273,0.75341],[0.147924,0.547729],[0.808914,0.338861],[0.138059,0.378721],[0.89232,0.539758],[0.288731,0.869803],[0.101288,0.469603],[0.050166,0.399449]]"
750e21e8d23d6fd8bca2e8a5,frames/750e21e8d23d6fd8bca2e8a5.png,"[[0.417767,0.704213],[0.745224,0.661672],[0.354794,0.289995],[0.402653,0.625848],[0.621797,0.131026],[0.723812,0.25641],[0.727589,0.478073],[0.542452,0.110874],[0.437918,0.554199],[0.586531,0.818403]]"
7518e6c13b4ca690a3d2458b,frames/7518e6c13b4ca690a3d2458b.png,"[[0.557568,0.594502],[0.657062,0.632565],[0.471923,0.155655],[0.288044,0.498224],[0.372427,0.285518],[0.541192,0.218347],[0.505928,0.207152],[0.555047,0.408663],[0.599125,0.822881],[0.413989,0.207152]]"
754b53454283d51b0c63113f,frames/754b53454283d51b0c63113f.png,"[[0.025,0.740654],[0.24927,0.637017],[0.295009,0.73906],[0.618777,0.114048],[0.328193,0.801243],[0.327296,0.911257],[0.587386,0.044444],[0.631332,0.165069],[0.728193,0.676878],[0.577696,0.223419],[0.845328,0.244315],[0.77214,0.447282],[0.779323,0.091613],[0.649125,0.400232],[0.632229,0.461631],[0.6003,0.258782],[0.258238,0.118831],[0.504875,0.534975],[0.432229,0.377126],[0.497243,0.830831],[0.568286,0.371997],[0.615948,0.725315],[0.453178,0.298456],[0.402819,0.632589],[0.599761,0.371997],[0.718328,0.955556],[0.086041,0.818781],[0.520122,0.305378],[0.471691,0.637017],[0.436713,0.807621],[0.411602,0.852264],[0.694112,0.928796],[0.521916,0.890531],[0.541646,0.420176]]"
757754d7047056d9b950e981,frames/757754d7047056d9b950e981.png,"[[0.228641,0.876181],[0.481556,0.292622],[0.74613,0.637017],[0.495906,0.397854],[0.294112,0.900097],[0.622364,0.413799],[0.456445,0.487142],[0.303081,0.785299],[0.462723,0.578024],[0.32909,0.659339],[0.17483,0.365967],[0.547924,0.365967],[0.516534,0.506275],[0.328193,0.654556],[0.604427,0.281461],[0.425951,0.348428]]"
75f0e25748ee3d3bcbe80ae3,frames/75f0e25748ee3d3bcbe80ae3.png,"[[0.437416,0.600426],[0.499158,0.829754],[0.736203,0.770952],[0.48262,0.341698],[0.557594,0.563185],[0.609203,0.366122],[0.701141,0.587784],[0.66462,0.106396],[0.712479,0.419858],[0.757818,0.442248]]"
75fd3777e2b69ad9bae9fbdf,frames/75fd3777e2b69ad9bae9fbdf.png,"[[0.118328,0.428149],[0.199045,0.3277],[0.639404,0.05346],[0.443888,0.847481],[0.756893,0.936768],[0.362274,0.479169],[0.521019,0.295811],[0.815188,0.401043],[0.226848,0.128398],[0.910258,0.289433],[0.810703,0.247979],[0.388283,0.868208],[0.815188,0.271896],[0.640301,0.193768],[0.959586,0.380315],[0.83582,0.509464],[0.363171,0.125209],[0.441198,0.542947],[0.704875,0.063026]]"
7619c3db460e75b12730a576,frames/7619c3db460e75b12730a576.png,"[[0.582005,0.673689],[0.57483,0.554107],[0.182005,0.359589],[0.566759,0.745437],[0.576623,0.044444],[0.20353,0.802838],[0.655548,0.659339],[0.665413,0.098103],[0.735368,0.520625],[0.538059,0.41061],[0.631332,0.389882],[0.461826,0.72471],[0.468104,0.517436],[0.428641,0.423365],[0.401736,0.405826],[0.054651,0.874586],[0.486041,0.310161],[0.426848,0.305378],[0.582005,0.225657]]"
7636360251fca0b859a1827c,frames/7636360251fca0b859a1827c.png,"[[0.581108,0.590779],[0.57214,0.512653],[0.182902,0.361183],[0.485144,0.743843],[0.695906,0.61629],[0.598148,0.044444],[0.809805,0.546135],[0.534471,0.517436],[0.627745,0.43931],[0.349718,0.806026],[0.494113,0.57324],[0.456445,0.388288],[0.399045,0.405826],[0.059135,0.876181],[0.414292,0.322917],[0.629538,0.270301],[0.345234,0.90169],[0.33178,0.383504]]"
7656c5279629cfb1b716c3a9,frames/7656c5279629cfb1b716c3a9.png,"[[0.662723,0.506275],[0.625055,0.378721],[0.182005,0.361183],[0.26362,0.555701],[0.887836,0.648178],[0.553305,0.683256],[0.521916,0.617885],[0.704875,0.413799],[0.433126,0.651367],[0.467207,0.362778],[0.530884,0.483953],[0.061826,0.880964],[0.275279,0.203335],[0.624158,0.287839],[0.15779,0.633829],[0.544337,0.401043],[0.452018,0.498283],[0.392344,0.376121],[0.503555,0.348796]]"
768c86d9f0efff1dc683eb9e,frames/768c86d9f0efff1dc683eb9e.png,"[[0.264516,0.662528],[0.56048,0.361183],[0.48335,0.114048],[0.728193,0.676878],[0.735924,0.424343],[0.855273,0.281285],[0.764965,0.45366],[0.759432,0.061072],[0.619288,0.292538],[0.76048,0.086943],[0.37752,0.126803],[0.354202,0.828347],[0.655516,0.512685],[0.616848,0.763685],[0.368552,0.629046],[0.382902,0.829942],[0.431332,0.310161],[0.621467,0.232035],[0.495906,0.72471],[0.382005,0.941551],[0.275279,0.509464],[0.552409,0.228846],[0.43492,0.769354],[0.432229,0.72471],[0.369449,0.885747],[0.338955,0.531786],[0.467207,0.3277],[0.411602,0.603535],[0.402633,0.405826],[0.466484,0.66706],[0.480952,0.509535],[0.503555,0.843874],[0.480047,0.855125],[0.709703,0.893703],[0.45473,0.413092],[0.537913,0.879236],[0.434839,0.901739]]"
76a5ea94b2188cfa9a696add,frames/76a5ea94b2188cfa9a696add.png,"[[0.179314,0.362778],[0.308462,0.676878],[0.285144,0.823564],[0.607117,0.332483],[0.675279,0.255951],[0.034023,0.547729],[0.713844,0.694417],[0.542543,0.565268],[0.805545,0.588297],[0.631041,0.408269],[0.419469,0.715282],[0.497226,0.411485],[0.462868,0.110901],[0.706669,0.16188],[0.268104,0.434526],[0.630435,0.142747],[0.384695,0.806026],[0.40622,0.152314],[0.199942,0.73906],[0.392767,0.416988],[0.477072,0.3564],[0.025,0.442499]]"
76b3d36a5f92e7b950cb1ca9,frames/76b3d36a5f92e7b950cb1ca9.png,"[[0.477107,0.437741],[0.49144,0.814073],[0.57413,0.537705],[0.545464,0.425981],[0.555385,0.765071],[0.610464,0.43777],[0.697365,0.534048],[0.469404,0.155655],[0.712479,0.419858],[0.757818,0.446727]]"
76d412bcda0486e2876289d8,frames/76d412bcda0486e2876289d8.png,"[[0.741443,0.634804],[0.481998,0.368361],[0.492074,0.478073],[0.743964,0.368361],[0.751521,0.585545],[0.351016,0.34821],[0.352276,0.28104],[0.606682,0.851988],[0.314492,0.249694],[0.662099,0.601219]]"
76ef8947ed3c6126c518bb39,frames/76ef8947ed3c6126c518bb39.png,"[[0.329606,0.410903],[0.576458,0.831837],[0.325827,0.511658],[0.624318,0.843032],[0.562604,0.16685],[0.660839,0.171328],[0.772932,0.4624],[0.563865,0.381795],[0.422805,0.581068],[0.730109,0.52957]]"
76f70f1ce3cf098b4022f605,frames/76f70f1ce3cf098b4022f605.png,"[[0.027745,0.705578],[0.2977,0.57324],[0.600839,0.310161],[0.680659,0.10767],[0.728193,0.676878],[0.639179,0.265211],[0.839,0.260389],[0.768552,0.450471],[0.755816,0.078753],[0.673537,0.3279],[0.704875,0.149125],[0.587642,0.226633],[0.150615,0.16188],[0.322812,0.747032],[0.395458,0.750221],[0.673502,0.615003],[0.561092,0.694939],[0.561991,0.309647],[0.361377,0.657744],[0.518328,0.490331],[0.548821,0.399449],[0.522812,0.648178],[0.48335,0.683256],[0.593664,0.672094],[0.398148,0.480764],[0.450166,0.314944],[0.401736,0.57324],[0.555099,0.531786],[0.436713,0.416988],[0.506669,0.475981],[0.45196,0.598751],[0.455548,0.365967],[0.492319,0.409015],[0.561377,0.947929]]"
7703beb92cd6c1f5d420260e,frames/7703beb92cd6c1f5d420260e.png,"[[0.929094,0.434526],[0.871688,0.600346],[0.906672,0.169852],[0.436713,0.584401],[0.171243,0.468008],[0.486937,0.637017],[0.595458,0.751815],[0.753305,0.534975],[0.878867,0.6705],[0.920125,0.621074],[0.429538,0.542947],[0.154202,0.58759],[0.869,0.276679],[0.745234,0.680067],[0.151512,0.340456],[0.513844,0.729493],[0.878867,0.397854],[0.583798,0.635422],[0.379314,0.447282],[0.836711,0.633829],[0.545234,0.6992],[0.416983,0.503086],[0.162274,0.491925],[0.677072,0.764571],[0.548821,0.378721],[0.39187,0.340456],[0.625951,0.554107],[0.289628,0.397854],[0.587386,0.579618],[0.164495,0.393803],[0.741646,0.480764],[0.790077,0.409015],[0.745234,0.828347],[0.938953,0.24479],[0.130884,0.654556],[0.877969,0.740654],[0.125502,0.520625],[0.847477,0.340456],[0.118328,0.394665],[0.921914,0.522219],[0.269001,0.925607],[0.056444,0.466414],[0.025,0.397854]]"
7708e7f2518cc73ebfae5288,frames/7708e7f2518cc73ebfae5288.png,"[[0.936648,0.433988],[0.655454,0.504712],[0.666304,0.615624],[0.866125,0.597942],[0.183798,0.874586],[0.92218,0.715282],[0.057341,0.665717],[0.23761,0.667311],[0.964961,0.774138],[0.395458,0.718333],[0.373934,0.503086],[0.869898,0.60194],[0.439404,0.576429],[0.855547,0.568457],[0.41766,0.409876],[0.358687,0.73906],[0.514741,0.354806],[0.695906,0.676878],[0.481855,0.662237],[0.443888,0.546135],[0.370346,0.45366],[0.725502,0.740654],[0.047476,0.338861],[0.515637,0.495114],[0.350615,0.354806],[0.317431,0.305378],[0.290525,0.343644],[0.225055,0.568457],[0.224158,0.458442],[0.903078,0.214496],[0.873953,0.501378],[0.875281,0.667311],[0.181108,0.359589],[0.093216,0.592374],[0.895008,0.394665],[0.091422,0.442499],[0.084247,0.517436],[0.041198,0.25914],[0.975,0.676878]]"
77238247dd6359b8d6dda483,frames/77238247dd6359b8d6dda483.png,"[[0.733885,0.637043],[0.480739,0.3706],[0.490815,0.478073],[0.722552,0.457921],[0.738927,0.592263],[0.38754,0.466878],[0.775448,0.502702],[0.600385,0.84751],[0.514744,0.87214],[0.662099,0.596741]]"
772a147d2467bd1021a84556,frames/772a147d2467bd1021a84556.png,"[[0.751295,0.522394],[0.754007,0.617231],[0.928508,0.567401],[0.16048,0.879369],[0.975,0.6976],[0.028642,0.643394],[0.185592,0.72471],[0.379314,0.654556],[0.303081,0.613101],[0.865414,0.600346],[0.339852,0.600346],[0.957789,0.509464],[0.438455,0.483817],[0.358687,0.625857],[0.448373,0.416988],[0.664516,0.683256],[0.607534,0.639733],[0.529987,0.592374],[0.442095,0.534975],[0.660929,0.691228],[0.045682,0.345239],[0.635816,0.389882],[0.410705,0.365967],[0.347027,0.287839],[0.37483,0.434526],[0.307566,0.554107],[0.342543,0.499897],[0.793664,0.522219],[0.756893,0.681661],[0.313844,0.370749],[0.161377,0.667311],[0.775727,0.447282],[0.20353,0.472792],[0.243888,0.565268],[0.121916,0.281461],[0.852859,0.621074],[0.032229,0.570051],[0.975,0.416988]]"
7754e5f21e26ae8e663119ee,frames/7754e5f21e26ae8e663119ee.png,"[[0.705772,0.287839],[0.659135,0.169852],[0.182005,0.362778],[0.356893,0.431338],[0.859133,0.405826],[0.282453,0.79646],[0.496803,0.625857],[0.819672,0.60194],[0.320122,0.665717],[0.499494,0.351617],[0.640301,0.472792],[0.029539,0.742249],[0.276175,0.265518],[0.590973,0.354806],[0.085144,0.858642],[0.665413,0.420176],[0.555092,0.51275],[0.456539,0.585082],[0.548763,0.461314],[0.423085,0.66706],[0.306448,0.388981],[0.484568,0.122153],[0.169016,0.070717],[0.904875,0.05346],[0.488731,0.3277],[0.562274,0.283056]]"
7773f69b1fde429bb772a9f3,frames/7773f69b1fde429bb772a9f3.png,"[[0.555047,0.64376],[0.582755,0.717647],[0.481998,0.151177],[0.298119,0.630326],[0.377465,0.276561],[0.543711,0.236259],[0.508447,0.220586],[0.551266,0.419858],[0.641948,0.726604],[0.420285,0.207152]]"
777e7e30cf370a5b4e1b2db5,frames/777e7e30cf370a5b4e1b2db5.png,"[[0.667208,0.477387],[0.480047,0.507928],[0.534297,0.538468],[0.644604,0.652593],[0.766666,0.488639],[0.698854,0.562579],[0.330884,0.6705],[0.070463,0.475779],[0.708799,0.655808],[0.142543,0.839508],[0.874383,0.544542],[0.450166,0.61629],[0.88782,0.929065],[0.593664,0.75341],[0.503081,0.383504],[0.869898,0.603535],[0.914742,0.821969],[0.57214,0.57324],[0.548821,0.637017],[0.294695,0.350403],[0.280659,0.727899],[0.742543,0.584401],[0.815188,0.727899],[0.263953,0.625268],[0.246579,0.479169],[0.214292,0.590779],[0.943437,0.785299],[0.055548,0.334078],[0.200839,0.365967],[0.126399,0.506275],[0.115638,0.428149],[0.069897,0.509464],[0.025054,0.480764],[0.025951,0.436121],[0.975,0.343644]]"
778431df5917c5ccf4d5941a,frames/778431df5917c5ccf4d5941a.png,"[[0.0977,0.550918],[0.118328,0.812403],[0.215189,0.635422],[0.321916,0.632235],[0.182005,0.402638],[0.113844,0.643394],[0.597252,0.17623],[0.599942,0.228846],[0.460032,0.818781],[0.564965,0.732682],[0.54344,0.214496],[0.695906,0.694417],[0.750615,0.110859],[0.77483,0.354806],[0.8125,0.251168],[0.690525,0.365967],[0.875281,0.241601],[0.167655,0.710361],[0.442991,0.632235],[0.783798,0.217685],[0.147027,0.539758],[0.960477,0.745437],[0.556893,0.874586],[0.171243,0.917635],[0.278866,0.908068],[0.236713,0.747032],[0.611602,0.044444]]"
778666248a50e1b810f5c808,frames/778666248a50e1b810f5c808.png,"[[0.328346,0.693019],[0.329606,0.746755],[0.45555,0.227303],[0.507188,0.227303],[0.519782,0.567633],[0.667135,0.614653],[0.645724,0.34821],[0.594089,0.307907],[0.611724,0.493746],[0.69988,0.558678]]"
77a95dac4a7082c70fa09c4b,frames/77a95dac4a7082c70fa09c4b.png,"[[0.769449,0.732682],[0.852859,0.845886],[0.540749,0.648178],[0.226848,0.047082],[0.112947,0.818781],[0.500391,0.876181],[0.565862,0.434526],[0.691422,0.877775],[0.421467,0.499897],[0.599045,0.17623],[0.953305,0.955556],[0.031332,0.818781],[0.826852,0.044444]]"
77e2eb76fdd95993b0f230ea,frames/77e2eb76fdd95993b0f230ea.png,"[[0.025,0.694417],[0.344337,0.568457],[0.613395,0.378721],[0.57752,0.099698],[0.728193,0.676878],[0.717841,0.413092],[0.835383,0.276462],[0.764965,0.445687],[0.754912,0.06268],[0.636466,0.300574],[0.737162,0.082159],[0.555996,0.310218],[0.304875,0.206524],[0.349718,0.727899],[0.650121,0.554251],[0.65192,0.955556],[0.673502,0.605411],[0.375727,0.617885],[0.419673,0.933579],[0.378417,0.691228],[0.426848,0.318133],[0.624158,0.329294],[0.51205,0.643394],[0.516534,0.702389],[0.358687,0.509464],[0.425055,0.721522],[0.582902,0.447282],[0.433126,0.769354],[0.478866,0.648178],[0.441198,0.550918],[0.025,0.885747],[0.42057,0.609912],[0.479762,0.609912],[0.521019,0.456847],[0.521916,0.214496],[0.511153,0.332483],[0.608911,0.786893],[0.414292,0.386693],[0.36974,0.88245],[0.518022,0.827799],[0.471909,0.353618]]"
77e90514df1d0c84c43c0171,frames/77e90514df1d0c84c43c0171.png,"[[0.044785,0.472792],[0.025951,0.742249],[0.152409,0.880964],[0.269001,0.383504],[0.335368,0.660933],[0.384695,0.939957],[0.373037,0.676878],[0.384695,0.625857],[0.415189,0.654556],[0.460929,0.332483],[0.451063,0.495114],[0.538955,0.295811],[0.490525,0.511058],[0.523709,0.696011],[0.504875,0.72471],[0.553305,0.343644],[0.590973,0.434526],[0.569449,0.73906],[0.624158,0.81081],[0.66631,0.086943],[0.693216,0.420176],[0.728193,0.676878],[0.515309,0.151086],[0.772091,0.215382],[0.767655,0.450471],[0.858891,0.175197],[0.432229,0.386693],[0.025,0.88245],[0.537913,0.393803],[0.490897,0.941924]]"
782ccbc8840f39f311026ef1,frames/782ccbc8840f39f311026ef1.png,"[[0.668396,0.701974],[0.483258,0.3706],[0.495853,0.478073],[0.557568,0.267606],[0.746484,0.572111],[0.327086,0.699735],[0.294341,0.498224],[0.605422,0.851988],[0.437918,0.128786],[0.667135,0.601219]]"
78458803f96671ca765fc9af,frames/78458803f96671ca765fc9af.png,"[[0.442929,0.602386],[0.49144,0.808193],[0.751641,0.747431],[0.488132,0.324057],[0.545464,0.563185],[0.610464,0.417619],[0.69988,0.59898],[0.653281,0.106396],[0.713734,0.428815],[0.759078,0.446727]]"
787b73aaf0c2875d31b4dfe3,frames/787b73aaf0c2875d31b4dfe3.png,"[[0.663359,0.704213],[0.483258,0.368361],[0.493333,0.478073],[0.568901,0.285518],[0.74774,0.57659],[0.343459,0.731081],[0.288044,0.531809],[0.607943,0.851988],[0.431621,0.137743],[0.667135,0.596741]]"
78c082b3278278d077334ff3,frames/78c082b3278278d077334ff3.png,"[[0.20622,0.310161],[0.224158,0.409015],[0.171243,0.665717],[0.159584,0.933579],[0.029539,0.598751],[0.849273,0.842697],[0.660032,0.61629],[0.525502,0.833131],[0.408014,0.442499],[0.477969,0.409015],[0.623261,0.888936],[0.689628,0.299],[0.878867,0.491925],[0.148821,0.260735],[0.345234,0.472792],[0.465413,0.316539]]"
78d0a3e8e243e4859be24116,frames/78d0a3e8e243e4859be24116.png,"[[0.639179,0.488639],[0.449305,0.503106],[0.531584,0.514357],[0.622904,0.665453],[0.741349,0.496676],[0.684387,0.591512],[0.32909,0.638611],[0.084025,0.461314],[0.700662,0.660631],[0.025,0.646583],[0.145234,0.834725],[0.975,0.436121],[0.846578,0.547729],[0.476175,0.61629],[0.86793,0.88245],[0.616983,0.735871],[0.532677,0.391476],[0.867203,0.605129],[0.903977,0.807621],[0.601736,0.557296],[0.508463,0.680067],[0.295598,0.353618],[0.28335,0.705578],[0.745234,0.638611],[0.83582,0.718333],[0.266666,0.634912],[0.243888,0.461631],[0.184695,0.593968],[0.942547,0.812403],[0.058238,0.337267],[0.166759,0.386693],[0.117431,0.542947],[0.089628,0.431338],[0.05196,0.498303],[0.025,0.483953]]"
7914a603ba8edd254751c76e,frames/7914a603ba8edd254751c76e.png,"[[0.75779,0.863425],[0.816984,0.909662],[0.525502,0.807621],[0.202633,0.044444],[0.117431,0.829942],[0.570346,0.450471],[0.703978,0.928796],[0.425055,0.509464],[0.660929,0.182608],[0.123709,0.644989],[0.800839,0.192174],[0.036714,0.667311],[0.33178,0.657744]]"
7944a74147ee6f4e98d39d6d,frames/7944a74147ee6f4e98d39d6d.png,"[[0.542452,0.867661],[0.672177,0.73332],[0.348497,0.227303],[0.329606,0.605696],[0.590312,0.200435],[0.720031,0.285518],[0.722552,0.471356],[0.522301,0.090723],[0.315752,0.4624],[0.655802,0.822881]]"
7958f3260e2547c122a4828c,frames/7958f3260e2547c122a4828c.png,"[[0.422805,0.388512],[0.480739,0.368361],[0.492074,0.518375],[0.595349,0.251932],[0.643208,0.867661],[0.686031,0.3706],[0.717516,0.471356],[0.618021,0.422097],[0.693583,0.578829],[0.652026,0.798252]]"
796e42731f97b15ec4fc3788,frames/796e42731f97b15ec4fc3788.png,"[[0.467184,0.659228],[0.546568,0.812113],[0.587359,0.886595],[0.493645,0.490663],[0.633667,0.292696],[0.453031,0.406424],[0.631875,0.623608],[0.730109,0.146699],[0.721292,0.408663],[0.754036,0.446727]]"
7970b3a3076e8e45ba1cae78,frames/7970b3a3076e8e45ba1cae78.png,"[[0.285525,0.594502],[0.483258,0.368361],[0.498371,0.498224],[0.584016,0.247455],[0.634391,0.831837],[0.487036,0.657194],[0.73263,0.446727],[0.572677,0.448966],[0.686031,0.84751],[0.646984,0.771383]]"
79bef232c871ce6c72716b59,frames/79bef232c871ce6c72716b59.png,"[[0.429698,0.349538],[0.393315,0.571025],[0.435211,0.637668],[0.610516,0.431861],[0.592875,0.659228],[0.655802,0.4624],[0.718776,0.493746],[0.612979,0.099679],[0.709958,0.419858],[0.751521,0.440009]]"
79c6ea8c77d70bebaf270e28,frames/79c6ea8c77d70bebaf270e28.png,"[[0.902187,0.554107],[0.025,0.490446],[0.866312,0.603535],[0.03761,0.718333],[0.975,0.517436],[0.775707,0.242708],[0.496803,0.635422],[0.913844,0.431338],[0.264516,0.525408],[0.394561,0.632235],[0.536265,0.498303],[0.636713,0.447282],[0.696803,0.635422],[0.842094,0.578024],[0.427745,0.503086],[0.322812,0.576429],[0.798148,0.299],[0.627745,0.788488],[0.292319,0.380315],[0.469898,0.65615],[0.770346,0.629046],[0.478866,0.495114],[0.575727,0.338861],[0.636713,0.635422],[0.625055,0.578024],[0.582005,0.394665],[0.04927,0.389882],[0.753305,0.710361],[0.46362,0.348428],[0.224158,0.517436],[0.794561,0.487142],[0.18918,0.445687],[0.412498,0.466414],[0.11115,0.216989],[0.852859,0.338861],[0.897703,0.365967],[0.839406,0.818781],[0.930883,0.270301],[0.03761,0.584401]]"
7a16828557dbab7a60a84028,frames/7a16828557dbab7a60a84028.png,"[[0.14613,0.506275],[0.199045,0.3277],[0.636713,0.063026],[0.424158,0.903285],[0.40353,0.450471],[0.59187,0.3277],[0.790077,0.444093],[0.223261,0.147531],[0.927297,0.348428],[0.80622,0.21609],[0.342543,0.951118],[0.786489,0.292622],[0.622364,0.187392],[0.959586,0.405826],[0.744337,0.578024],[0.368552,0.23044],[0.701288,0.144342],[0.926398,0.193768],[0.934469,0.622668],[0.119225,0.919229]]"
7a264857b7f9bef243123b5e,frames/7a264857b7f9bef243123b5e.png,"[[0.708698,0.659433],[0.481998,0.368361],[0.494593,0.478073],[0.444215,0.471356],[0.751521,0.57435],[0.325827,0.43777],[0.345978,0.236259],[0.605422,0.843032],[0.36361,0.169089],[0.663359,0.601219]]"
7a488b075620073c01297480,frames/7a488b075620073c01297480.png,"[[0.40353,0.955556],[0.730884,0.955556],[0.569449,0.490331],[0.895906,0.691228],[0.851062,0.565268],[0.778417,0.42496],[0.520122,0.399449],[0.091422,0.707172],[0.875281,0.855453],[0.608014,0.263924],[0.440301,0.188986],[0.469001,0.275085],[0.694112,0.125209],[0.471691,0.450471],[0.93268,0.436121],[0.383798,0.044444]]"
7a51ca881ba46d205881a192,frames/7a51ca881ba46d205881a192.png,"[[0.344337,0.755004],[0.762274,0.21609],[0.476175,0.069404],[0.542543,0.139558],[0.025,0.665717],[0.136265,0.579618],[0.193664,0.799649],[0.869,0.747032],[0.085144,0.660933],[0.103978,0.845886],[0.278866,0.688039],[0.373037,0.447282],[0.435816,0.869803],[0.786489,0.069404],[0.390077,0.951118],[0.642095,0.169852]]"
7a51cd2d7972b20e99ac566f,frames/7a51cd2d7972b20e99ac566f.png,"[[0.406432,0.513897],[0.481998,0.372839],[0.497112,0.518375],[0.591568,0.249694],[0.639427,0.863183],[0.667135,0.377318],[0.720031,0.487029],[0.600385,0.451205],[0.693583,0.585545],[0.646984,0.80273]]"
7a722623299e81a648c60f9a,frames/7a722623299e81a648c60f9a.png,"[[0.716378,0.442619],[0.518926,0.466136],[0.555092,0.626875],[0.70247,0.638126],[0.839,0.454883],[0.748582,0.540075],[0.330884,0.766165],[0.059793,0.470244],[0.772091,0.66706],[0.141646,0.852264],[0.958687,0.488736],[0.402633,0.614696],[0.913844,0.955556],[0.541646,0.751815],[0.451063,0.386693],[0.873484,0.592374],[0.960477,0.836319],[0.549718,0.520625],[0.627745,0.633829],[0.28927,0.3279],[0.298597,0.727899],[0.723709,0.60194],[0.779314,0.735871],[0.30464,0.679919],[0.291422,0.472792],[0.234023,0.55889],[0.895906,0.694417],[0.059135,0.340456],[0.267207,0.409015],[0.207117,0.483953],[0.210705,0.405826],[0.12909,0.487142],[0.056444,0.483953],[0.059135,0.442499],[0.929984,0.310161]]"
7ae72622977eead095d36824,frames/7ae72622977eead095d36824.png,"[[0.707437,0.659433],[0.481998,0.3706],[0.492074,0.478073],[0.446734,0.457921],[0.751521,0.57435],[0.328346,0.43777],[0.348497,0.231781],[0.606682,0.843032],[0.36613,0.16685],[0.660839,0.601219]]"
7aee39fa1b0ebba1a1cb54b4,frames/7aee39fa1b0ebba1a1cb54b4.png,"[[0.412057,0.335818],[0.397724,0.572985],[0.435211,0.674908],[0.608307,0.42402],[0.603901,0.635707],[0.663359,0.460161],[0.718776,0.498224],[0.634391,0.128786],[0.712479,0.426576],[0.756557,0.43777]]"
7b001b829ae65e4de51f8d5b,frames/7b001b829ae65e4de51f8d5b.png,"[[0.054651,0.562079],[0.104875,0.76776],[0.185592,0.820375],[0.182005,0.710361],[0.255548,0.721522],[0.095009,0.933579],[0.17214,0.370749],[0.46631,0.377126],[0.326399,0.450471],[0.155996,0.584401],[0.31205,0.637017],[0.340749,0.71355],[0.550615,0.877775],[0.599045,0.192174],[0.532677,0.431338],[0.671691,0.785299],[0.718328,0.909662],[0.838508,0.788488],[0.551512,0.171447],[0.756893,0.509464],[0.767655,0.05346],[0.781108,0.354806],[0.817883,0.377126],[0.747924,0.270301],[0.857344,0.332483],[0.117431,0.678472],[0.464516,0.755004],[0.837609,0.177824],[0.084247,0.348428],[0.804427,0.074187],[0.938062,0.617885],[0.629538,0.858642],[0.225951,0.955556]]"
7b77d5f17af6622c73cabd9e,frames/7b77d5f17af6622c73cabd9e.png,"[[0.472697,0.651388],[0.530029,0.827794],[0.575234,0.886595],[0.522311,0.496543],[0.555385,0.286816],[0.427842,0.446727],[0.631875,0.616892],[0.745224,0.160132],[0.726333,0.406424],[0.762854,0.442248]]"
7b7f7ae1a25b5ff6d427bc55,frames/7b7f7ae1a25b5ff6d427bc55.png,"[[0.488132,0.71999],[0.531131,0.841514],[0.579641,0.914036],[0.577438,0.492623],[0.472042,0.387588],[0.422805,0.540765],[0.641948,0.603457],[0.777969,0.229543],[0.728849,0.426576],[0.762854,0.446727]]"
7b853c5cc16196857e767df5,frames/7b853c5cc16196857e767df5.png,"[[0.223261,0.316539],[0.222364,0.409015],[0.167655,0.660933],[0.155099,0.951118],[0.031332,0.598751],[0.843891,0.818781],[0.747027,0.657744],[0.533574,0.75341],[0.35779,0.547729],[0.490525,0.378721],[0.636713,0.911257],[0.682453,0.300594],[0.842992,0.416988],[0.167655,0.287839],[0.235816,0.506275],[0.382005,0.450471]]"
7bcb611f61c0446bf6e98c61,frames/7bcb611f61c0446bf6e98c61.png,"[[0.742703,0.637043],[0.481998,0.372839],[0.489555,0.478073],[0.594089,0.39299],[0.75026,0.57435],[0.340941,0.399707],[0.47822,0.09744],[0.600385,0.843032],[0.271671,0.471356],[0.662099,0.590023]]"
7be4a024a36803ef52630213,frames/7be4a024a36803ef52630213.png,"[[0.327086,0.296713],[0.425323,0.75795],[0.348497,0.66615],[0.521041,0.843032],[0.528598,0.258649],[0.596609,0.198196],[0.745224,0.66615],[0.652026,0.639281],[0.749,0.538526],[0.760339,0.428815]]"
7c014ecbe3b3de6c600db4ef,frames/7c014ecbe3b3de6c600db4ef.png,"[[0.595458,0.660933],[0.576623,0.531786],[0.183798,0.361183],[0.559584,0.747032],[0.57214,0.044444],[0.168552,0.858642],[0.655548,0.667311],[0.66631,0.069404],[0.76048,0.522219],[0.54344,0.442499],[0.630435,0.413799],[0.44927,0.729493],[0.474382,0.531786],[0.43492,0.416988],[0.396355,0.401043],[0.054651,0.865019],[0.495906,0.310161],[0.42057,0.300594],[0.590973,0.227251]]"
7c4087eaa80f7ecce8030468,frames/7c4087eaa80f7ecce8030468.png,"[[0.584016,0.641521],[0.480739,0.368361],[0.493333,0.478073],[0.573938,0.276561],[0.663359,0.722125],[0.31953,0.737798],[0.602906,0.811686],[0.534895,0.87214],[0.351016,0.838555],[0.662099,0.650477]]"
7c46f50d5d445e51dfab3cfe,frames/7c46f50d5d445e51dfab3cfe.png,"[[0.441826,0.602386],[0.492543,0.831714],[0.665641,0.71803],[0.496953,0.277016],[0.543259,0.549465],[0.6155,0.431054],[0.686031,0.569872],[0.625573,0.115352],[0.712479,0.422097],[0.760339,0.446727]]"
7c6d0bd1c0a29b91aa2e5223,frames/7c6d0bd1c0a29b91aa2e5223.png,"[[0.741443,0.632565],[0.483258,0.3706],[0.489555,0.478073],[0.648245,0.480312],[0.743964,0.581068],[0.353535,0.422097],[0.557568,0.106396],[0.606682,0.851988],[0.299379,0.578829],[0.66462,0.592263]]"
7c6f0b4946992d4d501d3387,frames/7c6f0b4946992d4d501d3387.png,"[[0.927297,0.270301],[0.866312,0.60194],[0.299494,0.605129],[0.025,0.41061],[0.630435,0.654556],[0.740749,0.691228],[0.942547,0.528597],[0.34344,0.58759],[0.874383,0.185797],[0.654651,0.710361],[0.725502,0.735871],[0.18918,0.644989],[0.365862,0.487142],[0.243888,0.71355],[0.339852,0.458442],[0.621467,0.536569],[0.550615,0.718333],[0.40353,0.211307],[0.524606,0.450471],[0.473485,0.539758],[0.96407,0.614696],[0.411331,0.417914],[0.54613,0.576429],[0.640301,0.57324],[0.677072,0.885747],[0.330884,0.683256],[0.674382,0.611507],[0.329987,0.546135],[0.735368,0.444093],[0.327296,0.378721],[0.582005,0.442499],[0.399045,0.627451],[0.310256,0.432932],[0.256445,0.402638],[0.270795,0.479169],[0.857344,0.707172],[0.905773,0.710361],[0.075279,0.531786],[0.947031,0.55889],[0.959586,0.490331],[0.975,0.550918]]"
7d148a839bce4ddad0738006,frames/7d148a839bce4ddad0738006.png,"[[0.541192,0.146699],[0.611724,0.446727],[0.468145,0.175806],[0.400134,0.225064],[0.358573,0.258649],[0.575198,0.267606],[0.546229,0.200435],[0.557568,0.399707],[0.527339,0.851988],[0.47696,0.269844]]"
7d5849cdde533c3699305919,frames/7d5849cdde533c3699305919.png,"[[0.667207,0.581212],[0.855547,0.721522],[0.458238,0.777326],[0.716534,0.506275],[0.564068,0.745437],[0.416983,0.271896],[0.260032,0.514247],[0.462723,0.475981],[0.460929,0.672094],[0.779314,0.287839],[0.258238,0.676878],[0.798148,0.598751],[0.060032,0.812403],[0.421467,0.550918]]"
7dad2a3dda481fdf513e461e,frames/7dad2a3dda481fdf513e461e.png,"[[0.03492,0.705578],[0.255548,0.593968],[0.495009,0.936768],[0.564965,0.260735],[0.685144,0.109264],[0.728193,0.676878],[0.626521,0.25396],[0.85618,0.261996],[0.773037,0.447282],[0.753103,0.072324],[0.682579,0.352011],[0.664516,0.249574],[0.58945,0.25396],[0.105772,0.102887],[0.37214,0.705578],[0.39187,0.593968],[0.669905,0.632589],[0.410913,0.654971],[0.536812,0.269679],[0.232229,0.702389],[0.486937,0.263924],[0.264516,0.955556],[0.527296,0.450471],[0.564068,0.405826],[0.491422,0.442499],[0.359584,0.874586],[0.625951,0.420176],[0.46362,0.468008],[0.551512,0.378721],[0.544337,0.624262],[0.438507,0.58759],[0.524606,0.550918],[0.428641,0.450471],[0.475279,0.351617],[0.302184,0.644989],[0.509359,0.710361],[0.432229,0.420176],[0.529987,0.416988],[0.421467,0.900097]]"
7db0fbc5259c603f18735aff,frames/7db0fbc5259c603f18735aff.png,"[[0.208911,0.326106],[0.223261,0.413799],[0.230435,0.550918],[0.193664,0.6705],[0.250166,0.917635],[0.295009,0.506275],[0.408014,0.378721],[0.40353,0.461631],[0.873484,0.955556],[0.460929,0.383504],[0.471691,0.466414],[0.501288,0.821969],[0.514741,0.322917],[0.523709,0.43931],[0.542543,0.517436],[0.542543,0.790082],[0.580211,0.475981],[0.630435,0.790082],[0.62057,0.21609],[0.674382,0.314944],[0.702184,0.614696]]"
7ded84f336d1bbf2e817420e,frames/7ded84f336d1bbf2e817420e.png,"[[0.309454,0.518375],[0.480739,0.3706],[0.499631,0.491506],[0.582755,0.251932],[0.631875,0.818403],[0.47696,0.697496],[0.726333,0.453444],[0.56512,0.466878],[0.66462,0.892291],[0.644469,0.762428]]"
7e24b6b8bb0ce6fb2a85d74f,frames/7e24b6b8bb0ce6fb2a85d74f.png,"[[0.08945,0.39541],[0.071367,0.581868],[0.109342,0.493461],[0.105725,0.832621],[0.237732,0.273249],[0.268473,0.321469],[0.23502,0.51275],[0.258528,0.570617],[0.285653,0.451669],[0.296503,0.348796],[0.352409,0.321322],[0.330861,0.416307],[0.334477,0.487032],[0.315638,0.514247],[0.334471,0.554107],[0.396355,0.566862],[0.395458,0.694417],[0.479762,0.547729],[0.536265,0.479169],[0.546051,0.618837],[0.591259,0.472565],[0.57752,0.648178],[0.60353,0.680067],[0.627425,0.763503],[0.703978,0.533381],[0.744337,0.391476],[0.875281,0.595562],[0.925797,0.360047],[0.9255,0.480764],[0.947031,0.434526]]"
7e392707f020cea8b2206c34,frames/7e392707f020cea8b2206c34.png,"[[0.832672,0.429165],[0.574984,0.42595],[0.571367,0.671882],[0.796503,0.662237],[0.928508,0.42595],[0.886016,0.551328],[0.251063,0.842697],[0.025,0.371767],[0.846234,0.644556],[0.096803,0.758193],[0.33178,0.609912],[0.947031,0.955556],[0.452857,0.73906],[0.397252,0.43931],[0.869898,0.60194],[0.488731,0.550918],[0.740749,0.60194],[0.353465,0.371299],[0.334471,0.762976],[0.625951,0.420176],[0.736265,0.710361],[0.392344,0.678311],[0.37483,0.554107],[0.286937,0.475981],[0.805323,0.72471],[0.061826,0.326106],[0.387386,0.431338],[0.256445,0.434526],[0.2977,0.294217],[0.205323,0.416988],[0.0977,0.546135],[0.119225,0.43931],[0.854648,0.292622],[0.929094,0.531786],[0.025,0.351617],[0.952406,0.600346],[0.03761,0.488736],[0.025,0.622668],[0.975,0.362778]]"
7e3dfc0506818904a8b52443,frames/7e3dfc0506818904a8b52443.png,"[[0.269898,0.643394],[0.545234,0.287839],[0.431332,0.208118],[0.728193,0.676878],[0.744966,0.424343],[0.852562,0.258782],[0.764965,0.455254],[0.774803,0.044998],[0.51983,0.13019],[0.769449,0.070998],[0.399942,0.153908],[0.464516,0.935174],[0.61325,0.450335],[0.303081,0.397854],[0.405323,0.300594],[0.244785,0.479169],[0.264516,0.72471],[0.315638,0.590779],[0.341646,0.405826],[0.446593,0.413092],[0.557805,0.400232],[0.473718,0.81494],[0.574984,0.376121],[0.410427,0.442025],[0.40681,0.364869],[0.540626,0.416307],[0.546955,0.321469],[0.903195,0.797258],[0.360698,0.445239],[0.55238,0.66706],[0.440264,0.379336],[0.500843,0.480601],[0.04153,0.937101],[0.633754,0.85834],[0.558709,0.371299],[0.603012,0.353618],[0.548763,0.321469]]"
7e471f05e143393af3ac2d23,frames/7e471f05e143393af3ac2d23.png,"[[0.904875,0.555701],[0.025,0.480881],[0.869898,0.600346],[0.027745,0.727899],[0.77842,0.234671],[0.495906,0.638611],[0.914742,0.450471],[0.26631,0.514247],[0.401736,0.632235],[0.542543,0.525408],[0.640301,0.442499],[0.700391,0.635422],[0.834023,0.579618],[0.422364,0.509464],[0.322812,0.578024],[0.799942,0.289433],[0.63492,0.794865],[0.288731,0.388288],[0.464516,0.660933],[0.781108,0.622668],[0.480659,0.490331],[0.576623,0.343644],[0.634023,0.635422],[0.627745,0.578024],[0.586489,0.397854],[0.056444,0.401043],[0.750615,0.721522],[0.478866,0.348428],[0.232229,0.506275],[0.77752,0.495114],[0.196355,0.442499],[0.412498,0.468008],[0.116575,0.229849],[0.851961,0.343644],[0.896805,0.361183],[0.834023,0.820375],[0.929984,0.270301],[0.032229,0.58759],[0.975,0.613101]]"
7e4d4aed38298a41c75049f3,frames/7e4d4aed38298a41c75049f3.png,"[[0.025,0.751815],[0.179314,0.568457],[0.24927,0.475981],[0.611602,0.133181],[0.327296,0.705578],[0.582902,0.512653],[0.580211,0.047082],[0.650166,0.228846],[0.72909,0.676878],[0.558709,0.228242],[0.822727,0.225026],[0.77214,0.455254],[0.805545,0.109294],[0.66992,0.366476],[0.356893,0.416988],[0.656445,0.472792],[0.596684,0.242708],[0.475527,0.355225],[0.528193,0.428149],[0.355099,0.857047],[0.243888,0.149125],[0.590973,0.350022],[0.2977,0.911257],[0.392767,0.517436],[0.329987,0.732682],[0.441198,0.334078],[0.286937,0.6992],[0.517431,0.469603],[0.43492,0.801243],[0.373934,0.667311],[0.553898,0.499894],[0.557495,0.554251],[0.580877,0.624596],[0.481056,0.525475],[0.655516,0.91876],[0.399222,0.736506]]"
7e57f2df1edebabb14a51755,frames/7e57f2df1edebabb14a51755.png,"[[0.078866,0.386693],[0.20622,0.198551],[0.661826,0.044444],[0.608911,0.880964],[0.605323,0.785299],[0.715637,0.511058],[0.085144,0.951118],[0.661826,0.131586],[0.307566,0.394665],[0.522812,0.044444],[0.741646,0.270301],[0.604427,0.185797],[0.840305,0.232035],[0.15779,0.184203],[0.826852,0.603535],[0.690525,0.842697],[0.723709,0.102887],[0.887836,0.047082],[0.972141,0.10767]]"
7e7283fadb8b28ee5506940d,frames/7e7283fadb8b28ee5506940d.png,"[[0.266633,0.518375],[0.487036,0.858706],[0.449253,0.240737],[0.509706,0.227303],[0.508447,0.560917],[0.669656,0.581068],[0.644469,0.489268],[0.572677,0.431054],[0.55001,0.583306],[0.687286,0.489268]]"
7e9b01fb55d16fcc55d82490,frames/7e9b01fb55d16fcc55d82490.png,"[[0.364965,0.750221],[0.436713,0.340456],[0.730884,0.676878],[0.744966,0.419521],[0.775707,0.225026],[0.769449,0.464819],[0.77842,0.044444],[0.560517,0.04982],[0.873484,0.080565],[0.215189,0.139558],[0.632135,0.635786],[0.398148,0.576429],[0.342543,0.447282],[0.197252,0.646583],[0.164965,0.61629],[0.268104,0.345239],[0.474622,0.859947],[0.570463,0.331114],[0.837188,0.731356],[0.357081,0.6976],[0.571367,0.332722],[0.575888,0.376121],[0.452923,0.599549],[0.458238,0.380315],[0.433126,0.955556],[0.860031,0.955556],[0.446579,0.292622],[0.527296,0.614696],[0.399045,0.287839],[0.401736,0.825158],[0.555996,0.044444],[0.476175,0.609912],[0.416983,0.386693],[0.393664,0.740654],[0.512947,0.606724],[0.326399,0.780515],[0.316534,0.702389],[0.57214,0.769354],[0.248582,0.752251],[0.442977,0.287715],[0.489088,0.955556]]"
7eae2dabc4e0afa8f5bef029,frames/7eae2dabc4e0afa8f5bef029.png,"[[0.230435,0.885747],[0.481556,0.318133],[0.720122,0.57324],[0.486041,0.399449],[0.286937,0.903285],[0.625951,0.421771],[0.453754,0.472792],[0.304875,0.79646],[0.467207,0.598751],[0.313844,0.598751],[0.161377,0.373938],[0.552409,0.365967],[0.518328,0.495114],[0.315638,0.598751],[0.583798,0.270301]]"
7ed8e0cf1e95eecbfde1d784,frames/7ed8e0cf1e95eecbfde1d784.png,"[[0.54613,0.72471],[0.57752,0.61629],[0.28335,0.933579],[0.186489,0.3564],[0.641198,0.762976],[0.63492,0.047082],[0.326399,0.73906],[0.661826,0.65615],[0.614292,0.228846],[0.650166,0.528597],[0.504875,0.386693],[0.616086,0.321322],[0.485144,0.662528],[0.455667,0.492114],[0.408014,0.455254],[0.405323,0.399449],[0.068104,0.847481],[0.487834,0.310161],[0.441198,0.306972]]"
7f1a67cb4609c57f2b7d9b82,frames/7f1a67cb4609c57f2b7d9b82.png,"[[0.200839,0.477575],[0.17483,0.672094],[0.227745,0.536569],[0.625055,0.503086],[0.264516,0.790082],[0.544337,0.495114],[0.137162,0.955556],[0.584695,0.329294],[0.60622,0.43931],[0.494113,0.399449],[0.071691,0.104481],[0.302184,0.716739],[0.229538,0.912851],[0.425951,0.939957],[0.44927,0.310161]]"
7f3444dfe26f7e37bf9c7167,frames/7f3444dfe26f7e37bf9c7167.png,"[[0.440723,0.610227],[0.49144,0.825833],[0.668948,0.678829],[0.516798,0.288776],[0.542157,0.551425],[0.6155,0.433293],[0.687286,0.558678],[0.625573,0.084006],[0.713734,0.422097],[0.757818,0.442248]]"
7f4c6b3be5307657d7f38b82,frames/7f4c6b3be5307657d7f38b82.png,"[[0.153305,0.825158],[0.500712,0.384578],[0.460032,0.550918],[0.468104,0.428149],[0.262723,0.939957],[0.616983,0.428149],[0.428641,0.420176],[0.2977,0.794865],[0.481556,0.740654],[0.356893,0.409015],[0.147924,0.388288],[0.57752,0.362778],[0.526399,0.386693],[0.358687,0.428149]]"
7f585a65f0cb7f5fd9ad78e1,frames/7f585a65f0cb7f5fd9ad78e1.png,"[[0.266633,0.518375],[0.447993,0.858706],[0.453031,0.251932],[0.516004,0.236259],[0.509706,0.567633],[0.669656,0.585545],[0.655802,0.489268],[0.570161,0.422097],[0.546229,0.554199],[0.693583,0.489268]]"
7f862b70edfa4a66337ecf69,frames/7f862b70edfa4a66337ecf69.png,"[[0.384695,0.818781],[0.429538,0.348428],[0.730884,0.676878],[0.743157,0.424343],[0.765762,0.2411],[0.769449,0.464819],[0.783845,0.044444],[0.50898,0.061072],[0.900391,0.063026],[0.215189,0.070998],[0.715768,0.699735],[0.492319,0.732682],[0.356893,0.614696],[0.134471,0.841103],[0.223261,0.576429],[0.267207,0.397854],[0.562326,0.308611],[0.82182,0.731356],[0.295598,0.908169],[0.56323,0.308611],[0.549667,0.511143],[0.858234,0.955556],[0.395458,0.281461],[0.469001,0.354806],[0.514741,0.044444],[0.398148,0.389882],[0.516534,0.829942],[0.364965,0.624262],[0.293216,0.576429],[0.52909,0.547729],[0.32634,0.594726],[0.393248,0.282893],[0.449305,0.477387],[0.597588,0.816547],[0.399577,0.718496],[0.501747,0.514357],[0.486376,0.213775],[0.532488,0.453276],[0.58493,0.342367],[0.550571,0.360047]]"
7f8ea285491312b7c55e4ab1,frames/7f8ea285491312b7c55e4ab1.png,"[[0.782005,0.732682],[0.861828,0.839508],[0.540749,0.613101],[0.231332,0.077376],[0.105772,0.818781],[0.503081,0.857047],[0.564965,0.428149],[0.687834,0.858642],[0.418777,0.506275],[0.590077,0.165069],[0.960477,0.900097],[0.025,0.844292]]"
7f940cc63d1716aa96e7ca0f,frames/7f940cc63d1716aa96e7ca0f.png,"[[0.313233,0.417619],[0.480739,0.368361],[0.499631,0.498224],[0.581495,0.247455],[0.63313,0.80273],[0.47948,0.73332],[0.726333,0.43777],[0.56638,0.473594],[0.631875,0.928115],[0.648245,0.75795]]"
7f9a5ec749bc28ea7df18902,frames/7f9a5ec749bc28ea7df18902.png,"[[0.057341,0.550918],[0.107566,0.769354],[0.166759,0.823564],[0.176623,0.732682],[0.240301,0.743843],[0.11205,0.941551],[0.163171,0.354806],[0.48335,0.350022],[0.316534,0.420176],[0.155099,0.576429],[0.292319,0.65615],[0.335368,0.707172],[0.553305,0.874586],[0.608014,0.188986],[0.521916,0.447282],[0.665413,0.750221],[0.712947,0.885747],[0.808914,0.696011],[0.55779,0.160286],[0.750615,0.490331],[0.770346,0.048677],[0.781108,0.354806],[0.810703,0.383504],[0.747924,0.25914],[0.861828,0.365967],[0.121019,0.676878],[0.467207,0.777326],[0.855547,0.165069],[0.077969,0.343644],[0.802633,0.091726],[0.941648,0.598751],[0.616983,0.869803],[0.228641,0.955556]]"
7fa4e5453548bb62c36eb386,frames/7fa4e5453548bb62c36eb386.png,"[[0.668396,0.708692],[0.480739,0.3706],[0.494593,0.482551],[0.393838,0.247455],[0.75026,0.587784],[0.298119,0.52957],[0.344719,0.251932],[0.604167,0.854227],[0.403913,0.139981],[0.665875,0.59898]]"
7fb839224a240ec773f209c1,frames/7fb839224a240ec773f209c1.png,"[[0.142543,0.456847],[0.199045,0.3277],[0.63761,0.05346],[0.43492,0.887342],[0.710256,0.955556],[0.376623,0.475981],[0.547924,0.318133],[0.799045,0.450471],[0.230435,0.141153],[0.914742,0.318133],[0.80622,0.225657],[0.355099,0.908068],[0.79187,0.276679],[0.623261,0.181013],[0.958687,0.394665],[0.798148,0.517436],[0.370346,0.141153],[0.696803,0.106076],[0.967656,0.163475],[0.975,0.600346]]"
7fc325ab3c8aa27fbca039d3,frames/7fc325ab3c8aa27fbca039d3.png,"[[0.956891,0.409015],[0.866312,0.60194],[0.955102,0.203335],[0.408911,0.603535],[0.138059,0.442499],[0.519225,0.598751],[0.62057,0.735871],[0.809805,0.576429],[0.926398,0.694417],[0.975,0.643394],[0.387386,0.579618],[0.117431,0.58759],[0.863617,0.275085],[0.801736,0.640206],[0.075279,0.310161],[0.555099,0.778921],[0.93268,0.340456],[0.62057,0.662528],[0.324606,0.517436],[0.88425,0.643394],[0.521019,0.694417],[0.365862,0.542947],[0.200839,0.531786],[0.660929,0.694417],[0.533574,0.475981],[0.42057,0.254357],[0.63761,0.517436],[0.322812,0.442499],[0.652857,0.605129],[0.225978,0.397018],[0.68335,0.514247],[0.763171,0.477575],[0.694112,0.853858],[0.972141,0.238413],[0.185592,0.665717],[0.82057,0.742249],[0.166759,0.55889],[0.783798,0.354806],[0.166759,0.354806],[0.876172,0.534975],[0.296803,0.836319],[0.120122,0.506275],[0.082453,0.413799]]"
7fd1a8f894037c863604eb63,frames/7fd1a8f894037c863604eb63.png,"[[0.82182,0.433988],[0.573176,0.422736],[0.569559,0.679919],[0.782941,0.659022],[0.921273,0.429165],[0.874258,0.551328],[0.256445,0.841103],[0.025,0.382133],[0.838094,0.641342],[0.107566,0.76776],[0.337162,0.606724],[0.942547,0.955556],[0.460032,0.732682],[0.401736,0.43931],[0.869898,0.60194],[0.499494,0.550918],[0.722813,0.595562],[0.352561,0.371299],[0.333574,0.756599],[0.62057,0.416988],[0.740749,0.710361],[0.392344,0.683133],[0.367655,0.544542],[0.280659,0.483953],[0.817883,0.72471],[0.058238,0.332483],[0.375727,0.436121],[0.253754,0.431338],[0.293216,0.314944],[0.199045,0.42496],[0.086041,0.547729],[0.117431,0.431338],[0.850164,0.299],[0.929094,0.539758],[0.025,0.361183],[0.968555,0.598751],[0.025054,0.488736],[0.025,0.632235],[0.975,0.365967]]"
7fdd40e5719cf0400002fc31,frames/7fdd40e5719cf0400002fc31.png,"[[0.949719,0.351617],[0.866312,0.60194],[0.313844,0.632235],[0.084247,0.416988],[0.608911,0.644989],[0.718328,0.732682],[0.920125,0.539758],[0.34344,0.581212],[0.886937,0.238413],[0.944336,0.665717],[0.638507,0.6992],[0.695009,0.747032],[0.269898,0.613101],[0.381108,0.522219],[0.286041,0.643394],[0.315638,0.468008],[0.618777,0.584401],[0.526399,0.584401],[0.397252,0.209712],[0.561377,0.420176],[0.441198,0.514247],[0.907562,0.598751],[0.360698,0.456492],[0.580211,0.579618],[0.645682,0.581212],[0.641198,0.847481],[0.285144,0.716739],[0.721019,0.624262],[0.286041,0.528597],[0.739852,0.444093],[0.284247,0.402638],[0.660032,0.466414],[0.37483,0.691228],[0.275279,0.464819],[0.173037,0.372343],[0.199045,0.472792],[0.890523,0.743843],[0.949719,0.71355],[0.054651,0.483953],[0.974828,0.539758]]"
7fe2eb294108adeb62f6abb0,frames/7fe2eb294108adeb62f6abb0.png,"[[0.481517,0.437741],[0.477107,0.792512],[0.577438,0.569065],[0.539952,0.437741],[0.553182,0.776832],[0.609203,0.442248],[0.698625,0.531809],[0.463107,0.164611],[0.711219,0.426576],[0.757818,0.442248]]"
8000be14668130c2f8513169,frames/8000be14668130c2f8513169.png,"[[0.468145,0.787056],[0.704922,0.753471],[0.353535,0.289995],[0.371167,0.616892],[0.629354,0.146699],[0.717516,0.269844],[0.723812,0.466878],[0.558823,0.108635],[0.36487,0.491506],[0.582755,0.822881]]"
80069f6acff8c3428b20d793,frames/80069f6acff8c3428b20d793.png,"[[0.025,0.747032],[0.171243,0.568457],[0.303081,0.469603],[0.632229,0.13637],[0.35779,0.662528],[0.584695,0.495114],[0.581108,0.051865],[0.659135,0.247979],[0.72909,0.676878],[0.558709,0.223419],[0.822727,0.225026],[0.77214,0.455254],[0.806445,0.117331],[0.676249,0.368085],[0.35779,0.487142],[0.366759,0.94474],[0.644785,0.512653],[0.596684,0.242708],[0.461964,0.319862],[0.54613,0.477575],[0.38918,0.76776],[0.461826,0.321322],[0.239404,0.208118],[0.586489,0.311756],[0.369449,0.844292],[0.46362,0.55889],[0.400839,0.678472],[0.44927,0.337267],[0.349718,0.609912],[0.532677,0.522219],[0.495009,0.6705],[0.40622,0.603535],[0.561991,0.442342],[0.569186,0.584628],[0.615049,0.677353],[0.51433,0.475914],[0.658214,0.934747],[0.41361,0.850015]]"
800d27f637907d9a5f037c65,frames/800d27f637907d9a5f037c65.png,"[[0.419026,0.406424],[0.481998,0.368361],[0.494593,0.520614],[0.595349,0.25641],[0.645724,0.87214],[0.68351,0.381795],[0.716255,0.471356],[0.612979,0.43777],[0.689807,0.585545],[0.657062,0.807208]]"
800ef67a71b0ab72ff756f10,frames/800ef67a71b0ab72ff756f10.png,"[[0.252857,0.68485],[0.559584,0.361183],[0.467207,0.114048],[0.729987,0.676878],[0.735924,0.424343],[0.858891,0.281285],[0.764965,0.45366],[0.762145,0.05625],[0.599396,0.292538],[0.764965,0.086943],[0.37752,0.115642],[0.334471,0.841103],[0.652819,0.498296],[0.604258,0.810047],[0.36048,0.600346],[0.399942,0.903285],[0.431332,0.310161],[0.580211,0.214496],[0.491422,0.777326],[0.273485,0.509464],[0.518328,0.203335],[0.422364,0.783704],[0.458238,0.721522],[0.347027,0.955556],[0.334471,0.566862],[0.467207,0.3564],[0.427745,0.539758],[0.401736,0.405826],[0.472814,0.567401],[0.494513,0.450061],[0.51983,0.742607],[0.475527,0.776362],[0.64822,0.879236],[0.461964,0.419521],[0.570463,0.779578],[0.414044,0.787614],[0.506268,0.413092],[0.468293,0.949961]]"
801ba16d556d71b4046977ac,frames/801ba16d556d71b4046977ac.png,"[[0.63313,0.701974],[0.483258,0.372839],[0.492074,0.482551],[0.576458,0.265367],[0.674693,0.659433],[0.426583,0.831837],[0.498371,0.914681],[0.568901,0.838555],[0.309454,0.596741],[0.668396,0.603457]]"
802bd7bfd8495af3b499cbaf,frames/802bd7bfd8495af3b499cbaf.png,"[[0.354202,0.785299],[0.412498,0.254357],[0.729987,0.678472],[0.741349,0.427558],[0.812781,0.242708],[0.768552,0.455254],[0.776611,0.04982],[0.569559,0.067502],[0.815188,0.082159],[0.34344,0.227251],[0.570984,0.464724],[0.371243,0.377126],[0.390077,0.318133],[0.210705,0.444093],[0.133574,0.61629],[0.303081,0.845886],[0.287834,0.487142],[0.523447,0.282893],[0.408619,0.585082],[0.663591,0.350403],[0.878781,0.729749],[0.323627,0.679919],[0.460155,0.400232],[0.349848,0.422736],[0.570463,0.506321],[0.598492,0.461314],[0.604821,0.427558],[0.660879,0.348796],[0.579505,0.342367],[0.378781,0.821369],[0.528193,0.570051],[0.491422,0.751815],[0.425951,0.531786],[0.862719,0.955556],[0.44927,0.611507],[0.513844,0.43931],[0.476175,0.332483],[0.533574,0.520625],[0.438507,0.362778],[0.482453,0.431338],[0.573934,0.044444]]"
80378a580f60bfd3c7c508a4,frames/80378a580f60bfd3c7c508a4.png,"[[0.051063,0.550918],[0.054651,0.428149],[0.067207,0.745437],[0.110256,0.844292],[0.193664,0.735871],[0.180211,0.852264],[0.144337,0.955556],[0.127296,0.203335],[0.33178,0.12202],[0.302184,0.28465],[0.17483,0.547729],[0.261826,0.654556],[0.25196,0.79646],[0.405323,0.554107],[0.532677,0.863425],[0.587386,0.372343],[0.578417,0.590779],[0.687834,0.544542],[0.709359,0.809215],[0.747027,0.578024],[0.582005,0.141153],[0.729987,0.383504],[0.762274,0.066215],[0.773934,0.361183],[0.800839,0.420176],[0.77483,0.222468],[0.857344,0.431338],[0.673485,0.12202],[0.056444,0.665717],[0.440301,0.904879],[0.947031,0.044444]]"
8038593f5ad9d4961433e284,frames/8038593f5ad9d4961433e284.png,"[[0.027063,0.671882],[0.525255,0.488639],[0.357081,0.451669],[0.455634,0.388981],[0.555996,0.634912],[0.025,0.581868],[0.629234,0.474172],[0.607534,0.585082],[0.337162,0.576429],[0.125616,0.461314],[0.623809,0.66706],[0.073485,0.624262],[0.154202,0.821969],[0.869898,0.458442],[0.727296,0.660933],[0.881492,0.530431],[0.929094,0.495114],[0.941172,0.684742],[0.889625,0.570051],[0.507566,0.660933],[0.857984,0.766718],[0.635816,0.632235],[0.633126,0.42496],[0.867203,0.605129],[0.903977,0.785299],[0.643888,0.528597],[0.382005,0.660933],[0.23502,0.385765],[0.278866,0.654556],[0.764068,0.71355],[0.88425,0.751815],[0.235924,0.588297],[0.152409,0.397854],[0.111153,0.506275],[0.930883,0.831536],[0.03492,0.287839],[0.057341,0.416988]]"
8049930e43329629f4158058,frames/8049930e43329629f4158058.png,"[[0.446734,0.128786],[0.570161,0.610175],[0.456809,0.218347],[0.47948,0.184762],[0.390059,0.249694],[0.687286,0.426576],[0.626833,0.267606],[0.573938,0.428815],[0.526079,0.851988],[0.576458,0.218347]]"
8051fc34d4e0e20bf197e2f3,frames/8051fc34d4e0e20bf197e2f3.png,"[[0.585271,0.637043],[0.483258,0.379556],[0.494593,0.478073],[0.575198,0.272083],[0.678474,0.670628],[0.36613,0.838555],[0.527339,0.956481],[0.505928,0.876618],[0.304417,0.603457],[0.672177,0.607936]]"
806e993ebdd831d1965a208b,frames/806e993ebdd831d1965a208b.png,"[[0.518522,0.867661],[0.679729,0.793774],[0.352276,0.227303],[0.325827,0.572111],[0.592828,0.187001],[0.717516,0.269844],[0.720031,0.466878],[0.567641,0.09744],[0.306935,0.491506],[0.592828,0.822881]]"
80944f04ed68f3522844e5e9,frames/80944f04ed68f3522844e5e9.png,"[[0.473799,0.655308],[0.524516,0.857194],[0.579641,0.888556],[0.531131,0.494582],[0.543259,0.284856],[0.420285,0.43777],[0.628094,0.625848],[0.743964,0.175806],[0.720031,0.397469],[0.759078,0.440009]]"
80a881cfaed2c9075907a102,frames/80a881cfaed2c9075907a102.png,"[[0.492074,0.473594],[0.631875,0.782579],[0.340941,0.227303],[0.56512,0.858706],[0.602906,0.175806],[0.670917,0.160132],[0.730109,0.466878],[0.503409,0.260888],[0.408951,0.558678],[0.703661,0.731081]]"
80b5c39c84f887bc66248125,frames/80b5c39c84f887bc66248125.png,"[[0.025,0.721522],[0.14344,0.61629],[0.356893,0.839508],[0.538955,0.860236],[0.427745,0.36756],[0.611602,0.383504],[0.641198,0.696011],[0.502184,0.672094],[0.590973,0.299],[0.582005,0.173041],[0.461826,0.676878],[0.604427,0.063026],[0.700391,0.354806],[0.729987,0.676878],[0.553284,0.225026],[0.823625,0.239493],[0.77214,0.450471],[0.839,0.159123],[0.037913,0.955556],[0.573176,0.377729],[0.551476,0.400232],[0.33178,0.606724],[0.360698,0.462921],[0.442073,0.437203],[0.602109,0.850303],[0.634659,0.292538],[0.471909,0.578653],[0.402289,0.559364],[0.098597,0.874586],[0.624158,0.751815],[0.506669,0.622668],[0.365862,0.57324],[0.565862,0.874586],[0.537913,0.332722],[0.466484,0.35844]]"
80f0a65b638e1f8f5b7eea41,frames/80f0a65b638e1f8f5b7eea41.png,"[[0.366759,0.740654],[0.434023,0.289433],[0.729987,0.676878],[0.747678,0.419521],[0.806445,0.239493],[0.768552,0.455254],[0.77842,0.04982],[0.569559,0.072324],[0.829539,0.083754],[0.292319,0.228846],[0.591668,0.469519],[0.375727,0.386693],[0.384695,0.322917],[0.207117,0.45366],[0.122812,0.61629],[0.293216,0.475981],[0.387823,0.678311],[0.620191,0.376121],[0.870641,0.723318],[0.250391,0.765111],[0.353465,0.458099],[0.549667,0.478994],[0.561421,0.419521],[0.56323,0.405054],[0.623809,0.371299],[0.580409,0.382551],[0.401385,0.765111],[0.472588,0.589185],[0.441198,0.629046],[0.408014,0.627451],[0.861828,0.955556],[0.439404,0.506275],[0.486041,0.584401],[0.476175,0.3277],[0.547027,0.533381],[0.409808,0.365967],[0.408911,0.488736],[0.57483,0.044444],[0.51205,0.442499]]"
81013b8a0a9c475e66b1bf2b,frames/81013b8a0a9c475e66b1bf2b.png,"[[0.741443,0.637043],[0.481998,0.377318],[0.489555,0.473594],[0.623057,0.4624],[0.746484,0.578829],[0.349757,0.440009],[0.516004,0.099679],[0.59787,0.84751],[0.298119,0.518375],[0.662099,0.594502]]"
810f35e2b57efbe49a013ca2,frames/810f35e2b57efbe49a013ca2.png,"[[0.065942,0.594726],[0.344423,0.503106],[0.296503,0.329507],[0.332669,0.406663],[0.410427,0.612408],[0.051505,0.631192],[0.518926,0.477387],[0.447498,0.522394],[0.394561,0.405826],[0.253103,0.472565],[0.534297,0.599549],[0.182902,0.667311],[0.159884,0.789703],[0.653754,0.413799],[0.544242,0.671882],[0.688731,0.562079],[0.741646,0.461631],[0.785653,0.641342],[0.796503,0.546506],[0.730884,0.603535],[0.555996,0.747032],[0.823625,0.760289],[0.586489,0.589185],[0.670795,0.361183],[0.872586,0.598751],[0.975,0.648178],[0.776623,0.475981],[0.223261,0.498303],[0.095009,0.405826],[0.117431,0.562079],[0.87707,0.705578],[0.970344,0.732682],[0.042434,0.520787],[0.032229,0.442499]]"
811f90a74d23b68549db62b9,frames/811f90a74d23b68549db62b9.png,"[[0.025,0.747032],[0.150615,0.579618],[0.379314,0.955556],[0.371243,0.483953],[0.64927,0.192174],[0.439404,0.617885],[0.609808,0.361183],[0.532677,0.36756],[0.456445,0.370749],[0.57483,0.055054],[0.668104,0.271896],[0.72909,0.676878],[0.561421,0.228242],[0.822727,0.221811],[0.77214,0.455254],[0.816391,0.138227],[0.666304,0.355225],[0.375727,0.589185],[0.389631,0.869592],[0.423085,0.955556],[0.491422,0.495114],[0.367655,0.702389],[0.612498,0.525408],[0.594875,0.249137],[0.43936,0.321469],[0.57483,0.584401],[0.461826,0.589185],[0.442991,0.321322],[0.155099,0.287839],[0.53178,0.262329],[0.526399,0.638611],[0.487834,0.673689],[0.425951,0.554107],[0.469001,0.350022],[0.442095,0.483953],[0.553305,0.721522],[0.578417,0.479169],[0.477969,0.455254],[0.564689,0.373596],[0.495445,0.819639],[0.596164,0.955556]]"
812d6f27e996601744bebdce,frames/812d6f27e996601744bebdce.png,"[[0.363171,0.745437],[0.43761,0.345239],[0.730884,0.676878],[0.746774,0.424343],[0.774803,0.228242],[0.769449,0.464819],[0.781132,0.044444],[0.559613,0.044998],[0.87707,0.069404],[0.222364,0.13637],[0.645624,0.634188],[0.399045,0.603535],[0.33178,0.499897],[0.202633,0.688039],[0.168552,0.621074],[0.268104,0.343644],[0.470102,0.911383],[0.566846,0.337544],[0.835383,0.734571],[0.331765,0.718496],[0.570463,0.335936],[0.5786,0.377729],[0.471909,0.565794],[0.472588,0.373938],[0.858234,0.955556],[0.442095,0.278274],[0.498597,0.665717],[0.413395,0.289433],[0.378417,0.900097],[0.549718,0.044444],[0.460032,0.667311],[0.412498,0.378721],[0.36048,0.798054],[0.492319,0.621074],[0.332677,0.76776],[0.306669,0.654556],[0.599045,0.732682],[0.243157,0.726533],[0.440264,0.274856],[0.516213,0.888881],[0.533392,0.955556],[0.499034,0.446847],[0.477334,0.388981],[0.484568,0.342367]]"
81319d17c1453a3b9313040e,frames/81319d17c1453a3b9313040e.png,"[[0.728849,0.652716],[0.481998,0.377318],[0.489555,0.473594],[0.718776,0.446727],[0.746484,0.57435],[0.386281,0.466878],[0.767891,0.50718],[0.605422,0.851988],[0.437918,0.80273],[0.66462,0.59898]]"
81e82021d42a24222a04d6aa,frames/81e82021d42a24222a04d6aa.png,"[[0.750615,0.825158],[0.834922,0.900097],[0.539852,0.735871],[0.209808,0.044444],[0.126399,0.823564],[0.469001,0.955556],[0.575727,0.436121],[0.707566,0.924012],[0.425055,0.495114],[0.638507,0.187392],[0.099494,0.665717],[0.810703,0.126803]]"
81f77a5427fa82bf41cd2aac,frames/81f77a5427fa82bf41cd2aac.png,"[[0.32079,0.563156],[0.646984,0.838555],[0.353535,0.276561],[0.567641,0.352688],[0.728849,0.641521],[0.643208,0.095201],[0.722552,0.187001],[0.54875,0.164611],[0.678474,0.64376],[0.377465,0.659433]]"
82257cadfb64e7e950529fe9,frames/82257cadfb64e7e950529fe9.png,"[[0.640084,0.488639],[0.437552,0.501499],[0.528872,0.496676],[0.619288,0.663844],[0.731403,0.488639],[0.673537,0.593119],[0.325502,0.625857],[0.085834,0.467743],[0.692524,0.659022],[0.025,0.654556],[0.152409,0.823564],[0.975,0.432932],[0.834023,0.562079],[0.975,0.53144],[0.472588,0.617885],[0.867023,0.874414],[0.623261,0.727899],[0.544337,0.391476],[0.868102,0.598751],[0.900391,0.790082],[0.608014,0.554107],[0.501288,0.673689],[0.293791,0.361656],[0.284247,0.710361],[0.749718,0.657744],[0.842094,0.71355],[0.258528,0.641342],[0.229538,0.450471],[0.187386,0.600346],[0.943437,0.820375],[0.054651,0.338861],[0.170346,0.389882],[0.105772,0.539758],[0.074382,0.431338],[0.048373,0.483953]]"
822dbc26f570d8e7fdc9c9db,frames/822dbc26f570d8e7fdc9c9db.png,"[[0.025,0.716739],[0.183798,0.617885],[0.359584,0.833131],[0.539852,0.852264],[0.426848,0.372343],[0.61788,0.36756],[0.642095,0.6992],[0.504875,0.662528],[0.59187,0.299],[0.570346,0.174636],[0.446579,0.6705],[0.601736,0.059837],[0.699494,0.345239],[0.729987,0.673689],[0.553284,0.225026],[0.823625,0.239493],[0.77214,0.450471],[0.837188,0.163945],[0.037009,0.955556],[0.574984,0.379336],[0.55238,0.393803],[0.332677,0.611507],[0.361602,0.474172],[0.453827,0.429165],[0.609342,0.863161],[0.630138,0.305396],[0.458347,0.58669],[0.416756,0.541683],[0.096803,0.874586],[0.624158,0.732682],[0.485144,0.633829],[0.383798,0.593968],[0.565862,0.885747],[0.537913,0.332722],[0.459252,0.369692]]"
825ebc6f4c084b7ee4fe474d,frames/825ebc6f4c084b7ee4fe474d.png,"[[0.199045,0.305378],[0.225055,0.41061],[0.168552,0.659339],[0.15779,0.925607],[0.041198,0.58759],[0.855547,0.868208],[0.602633,0.609912],[0.520122,0.845886],[0.426848,0.405826],[0.467207,0.416988],[0.599942,0.874586],[0.691422,0.295811],[0.876172,0.531786],[0.145234,0.254357],[0.85375,0.044444],[0.375727,0.461631]]"
82747067d44d9f8726f905db,frames/82747067d44d9f8726f905db.png,"[[0.200839,0.491925],[0.108462,0.911257],[0.292319,0.651367],[0.253754,0.455254],[0.161377,0.917635],[0.611602,0.17623],[0.457341,0.225657],[0.635816,0.16188],[0.695009,0.817186],[0.716534,0.110859],[0.765862,0.428149],[0.753305,0.150719],[0.561377,0.557296],[0.809805,0.196957],[0.182902,0.853858],[0.451063,0.609912],[0.180211,0.638611],[0.975,0.839508],[0.110256,0.955556],[0.227745,0.812403],[0.650166,0.102887],[0.28335,0.114048],[0.549718,0.070998],[0.277072,0.825158],[0.96407,0.047082]]"
828a28b341dc307d989a43ab,frames/828a28b341dc307d989a43ab.png,"[[0.914047,0.462921],[0.736828,0.837443],[0.162274,0.885747],[0.03761,0.58759],[0.069897,0.672094],[0.299494,0.605129],[0.155996,0.742249],[0.868102,0.595562],[0.223261,0.775732],[0.551476,0.478994],[0.556893,0.566862],[0.295906,0.444093],[0.616086,0.750221],[0.801927,0.54329],[0.657193,0.665354],[0.60622,0.627451],[0.559584,0.667311],[0.074382,0.501492],[0.850164,0.41061],[0.436713,0.181013],[0.429538,0.343644],[0.414292,0.534975],[0.545234,0.606724],[0.480659,0.520625],[0.655548,0.562079],[0.630435,0.472792],[0.468104,0.421771],[0.341646,0.705578],[0.569449,0.421771],[0.355996,0.378721],[0.411602,0.517436],[0.198148,0.397854],[0.669001,0.638611],[0.268104,0.676878],[0.86093,0.566862],[0.895008,0.351617],[0.025054,0.208118],[0.9255,0.743843],[0.03761,0.434526],[0.042991,0.522219],[0.938062,0.544542],[0.025,0.300574]]"
829ed1c1f47fdfc140bc7c46,frames/829ed1c1f47fdfc140bc7c46.png,"[[0.231332,0.667311],[0.55779,0.338861],[0.435816,0.139558],[0.728193,0.676878],[0.740445,0.424343],[0.855273,0.273249],[0.764965,0.45366],[0.775707,0.046606],[0.537913,0.192879],[0.756893,0.080565],[0.375727,0.114048],[0.42057,0.863425],[0.640229,0.455131],[0.327296,0.487142],[0.443888,0.316539],[0.506669,0.300594],[0.435816,0.76776],[0.272588,0.509464],[0.295906,0.73906],[0.398148,0.774138],[0.299494,0.495114],[0.383798,0.401043],[0.435743,0.54329],[0.39596,0.567401],[0.579505,0.655808],[0.461964,0.524001],[0.577696,0.520787],[0.364315,0.565794],[0.398673,0.364869],[0.479143,0.700815],[0.515309,0.342367],[0.522542,0.683133],[0.958344,0.821369],[0.452923,0.388981],[0.500843,0.933888]]"
82ac0e5121e840bcf4b65382,frames/82ac0e5121e840bcf4b65382.png,"[[0.74774,0.639281],[0.481998,0.372839],[0.490815,0.473594],[0.635651,0.287756],[0.74774,0.57659],[0.345978,0.399707],[0.352276,0.278801],[0.602906,0.854227],[0.285525,0.34821],[0.66462,0.596741]]"
82b0bc4997004e62f290b493,frames/82b0bc4997004e62f290b493.png,"[[0.456159,0.341698],[0.385597,0.574945],[0.458364,0.584745],[0.600594,0.43382],[0.563104,0.800353],[0.657062,0.466878],[0.714995,0.500463],[0.570161,0.124308],[0.713734,0.413142],[0.757818,0.442248]]"
82b7e9e5f82bcbc852b9bf8f,frames/82b7e9e5f82bcbc852b9bf8f.png,"[[0.317011,0.307907],[0.678474,0.650477],[0.463107,0.245215],[0.502149,0.191479],[0.436658,0.442248],[0.670917,0.57659],[0.68351,0.433293],[0.575198,0.426576],[0.338422,0.75795],[0.650766,0.366122]]"
82b846db9d5a23db35565bfb,frames/82b846db9d5a23db35565bfb.png,"[[0.532376,0.590023],[0.645724,0.773623],[0.393838,0.164611],[0.512225,0.863183],[0.596609,0.175806],[0.653281,0.184762],[0.723812,0.469117],[0.490815,0.276561],[0.408951,0.563156],[0.723812,0.737798]]"
82d42be81c906f768e0fba49,frames/82d42be81c906f768e0fba49.png,"[[0.251063,0.71355],[0.553305,0.354806],[0.46362,0.120425],[0.72909,0.676878],[0.73502,0.424343],[0.857078,0.274856],[0.764965,0.45366],[0.766666,0.04982],[0.58493,0.249137],[0.76048,0.085348],[0.365862,0.091726],[0.348821,0.820375],[0.645624,0.475914],[0.573682,0.904371],[0.355099,0.570051],[0.444785,0.306972],[0.537162,0.240007],[0.454651,0.762976],[0.264516,0.517436],[0.502184,0.251168],[0.392767,0.743843],[0.495906,0.729493],[0.288731,0.579618],[0.448373,0.487142],[0.399942,0.409015],[0.483664,0.488639],[0.49813,0.649378],[0.430318,0.6976],[0.610246,0.790829],[0.457443,0.413092],[0.6003,0.663844],[0.332669,0.689564],[0.481855,0.393803],[0.48728,0.800474],[0.502651,0.335936],[0.492705,0.937101]]"
82d4f86537310dc004cbf7c9,frames/82d4f86537310dc004cbf7c9.png,"[[0.340749,0.598751],[0.601736,0.372343],[0.552409,0.118831],[0.728193,0.676878],[0.729595,0.419521],[0.839906,0.2845],[0.764965,0.45366],[0.760337,0.057857],[0.641891,0.295751],[0.747027,0.083754],[0.55238,0.305396],[0.340749,0.200146],[0.338059,0.732682],[0.65192,0.551054],[0.674402,0.626194],[0.379314,0.644989],[0.379314,0.71355],[0.425951,0.311756],[0.655454,0.3279],[0.510256,0.644989],[0.512947,0.735871],[0.312947,0.491925],[0.428641,0.740654],[0.562274,0.394665],[0.44927,0.756599],[0.505772,0.576429],[0.46631,0.45366],[0.409808,0.65615],[0.440301,0.665717],[0.476175,0.498303],[0.468104,0.233629],[0.58918,0.740654],[0.404427,0.389882],[0.370644,0.776362],[0.480952,0.742607],[0.464677,0.31504]]"
82d97db2d067964b31044012,frames/82d97db2d067964b31044012.png,"[[0.236713,0.434526],[0.171243,0.665717],[0.141646,0.593968],[0.680659,0.514247],[0.24927,0.842697],[0.588283,0.520625],[0.165862,0.829942],[0.638507,0.365967],[0.627745,0.428149],[0.025,0.681661],[0.524606,0.442499],[0.041198,0.13637],[0.422364,0.57324],[0.20353,0.912851]]"
833210a9ac9a23d37cc86553,frames/833210a9ac9a23d37cc86553.png,"[[0.974828,0.413799],[0.872586,0.595562],[0.975,0.203335],[0.363171,0.659339],[0.132677,0.386693],[0.590973,0.624262],[0.685144,0.72471],[0.854648,0.579618],[0.975,0.694417],[0.356893,0.613101],[0.025,0.576429],[0.867203,0.27349],[0.858234,0.640206],[0.595458,0.772543],[0.641198,0.71355],[0.295906,0.598751],[0.942547,0.654556],[0.453754,0.659339],[0.322812,0.57324],[0.248373,0.514247],[0.639404,0.629046],[0.520122,0.498303],[0.397252,0.204929],[0.608911,0.383504],[0.369449,0.45366],[0.773934,0.592374],[0.284748,0.409876],[0.642095,0.520625],[0.695009,0.511058],[0.648373,0.858642],[0.228641,0.673689],[0.761377,0.688039],[0.241198,0.58759],[0.76048,0.420176],[0.235816,0.365967],[0.785592,0.503086],[0.335368,0.766165],[0.199942,0.509464],[0.107566,0.340456],[0.062722,0.468008],[0.975,0.774138]]"
83416373f0cf58a2748cb148,frames/83416373f0cf58a2748cb148.png,"[[0.646579,0.525408],[0.604427,0.431338],[0.180211,0.362778],[0.338955,0.622668],[0.77214,0.565268],[0.676175,0.691228],[0.538059,0.592374],[0.658238,0.436121],[0.477072,0.659339],[0.461826,0.370749],[0.48335,0.469603],[0.065413,0.898503],[0.368552,0.255951],[0.624158,0.281461],[0.299494,0.939957],[0.17752,0.643394],[0.539852,0.372343],[0.34804,0.453276]]"
836e0b799248370e286e753a,frames/836e0b799248370e286e753a.png,"[[0.198148,0.306972],[0.223261,0.409015],[0.171243,0.662528],[0.162274,0.922418],[0.042991,0.581212],[0.854648,0.877775],[0.582005,0.603535],[0.523709,0.844292],[0.429538,0.394665],[0.469898,0.41061],[0.592767,0.874586],[0.692319,0.287839],[0.882453,0.536569],[0.149718,0.25914],[0.859133,0.048677],[0.381108,0.436121]]"
837f15ade9647d7ebd9b3de9,frames/837f15ade9647d7ebd9b3de9.png,"[[0.474902,0.461262],[0.494748,0.816033],[0.573026,0.508303],[0.542157,0.439701],[0.520106,0.651388],[0.612979,0.419858],[0.694844,0.538526],[0.47696,0.157894],[0.716255,0.422097],[0.761594,0.442248]]"
83978ee27586c1afc51c1cfa,frames/83978ee27586c1afc51c1cfa.png,"[[0.611724,0.612414],[0.480739,0.3706],[0.493333,0.478073],[0.575198,0.272083],[0.638172,0.746755],[0.357314,0.793774],[0.542452,0.708692],[0.538673,0.807208],[0.378724,0.903485],[0.652026,0.675106]]"
83991f8d6656d61261573895,frames/83991f8d6656d61261573895.png,"[[0.334643,0.554199],[0.490815,0.838555],[0.400134,0.310146],[0.68351,0.276561],[0.686031,0.645999],[0.663359,0.187001],[0.672177,0.07505],[0.567641,0.198196],[0.640688,0.43777],[0.348497,0.451205]]"
83baacbdcc20d8709ffcc258,frames/83baacbdcc20d8709ffcc258.png,"[[0.754202,0.849075],[0.828641,0.834725],[0.096803,0.044444],[0.521916,0.644989],[0.660929,0.955556],[0.431332,0.495114],[0.89232,0.372343],[0.279762,0.539758],[0.326399,0.676878],[0.837609,0.147531],[0.308462,0.354806],[0.753305,0.217685]]"
83c17b65bef72e6f6e18a8f7,frames/83c17b65bef72e6f6e18a8f7.png,"[[0.557568,0.726604],[0.652026,0.75795],[0.431621,0.106396],[0.466885,0.851988],[0.596609,0.187001],[0.667135,0.225064],[0.721292,0.473594],[0.493333,0.272083],[0.41021,0.558678],[0.704922,0.751232]]"
83e74f37fbcfa22434401bac,frames/83e74f37fbcfa22434401bac.png,"[[0.332124,0.558678],[0.416507,0.782579],[0.441696,0.258649],[0.709958,0.249694],[0.623057,0.59898],[0.669656,0.220586],[0.621797,0.045943],[0.563865,0.227303],[0.640688,0.446727],[0.334643,0.345971]]"
83f50dbc6418ee4412e84050,frames/83f50dbc6418ee4412e84050.png,"[[0.434108,0.604346],[0.50026,0.823873],[0.69651,0.825833],[0.461672,0.41422],[0.603901,0.563185],[0.591568,0.276561],[0.697365,0.57659],[0.677214,0.086245],[0.717516,0.422097],[0.756557,0.446727]]"
841ab49e9c85822c4748c324,frames/841ab49e9c85822c4748c324.png,"[[0.061421,0.578653],[0.320915,0.496676],[0.299215,0.310218],[0.328148,0.39541],[0.387823,0.578653],[0.095779,0.641342],[0.488184,0.474172],[0.410427,0.506321],[0.382902,0.383504],[0.272091,0.461314],[0.517117,0.594726],[0.215189,0.676878],[0.184695,0.786893],[0.629538,0.383504],[0.511153,0.705578],[0.647476,0.592374],[0.705772,0.458442],[0.763049,0.638126],[0.751295,0.532039],[0.703081,0.614696],[0.55779,0.72471],[0.792886,0.77154],[0.607117,0.550918],[0.655548,0.359589],[0.869898,0.600346],[0.975,0.58759],[0.770346,0.468008],[0.192524,0.456492],[0.075888,0.390588],[0.075279,0.539758],[0.91743,0.691228],[0.975,0.743843],[0.025,0.562579]]"
8441bb8603e044844935d72f,frames/8441bb8603e044844935d72f.png,"[[0.041198,0.557296],[0.088731,0.461631],[0.071691,0.751815],[0.071691,0.825158],[0.173037,0.762976],[0.135368,0.852264],[0.059135,0.955556],[0.122812,0.955556],[0.120122,0.153908],[0.185592,0.051865],[0.257341,0.163475],[0.291422,0.263924],[0.196355,0.495114],[0.248373,0.643394],[0.245682,0.823564],[0.211602,0.955556],[0.42057,0.531786],[0.517431,0.823564],[0.573934,0.488736],[0.619673,0.635422],[0.642991,0.522219],[0.711153,0.813997],[0.740749,0.562079],[0.602633,0.155503],[0.714741,0.350022],[0.764965,0.064621],[0.779314,0.361183],[0.798148,0.423365],[0.780211,0.198551],[0.848375,0.445687],[0.698597,0.129992],[0.025,0.672094]]"
844d25aa8dfb8307af3e1e17,frames/844d25aa8dfb8307af3e1e17.png,"[[0.740182,0.632565],[0.483258,0.372839],[0.490815,0.473594],[0.721292,0.457921],[0.741443,0.592263],[0.392578,0.446727],[0.788042,0.473594],[0.59787,0.858706],[0.533636,0.896769],[0.658323,0.592263]]"
8459f5a9ad6b560ae9c9e5dd,frames/8459f5a9ad6b560ae9c9e5dd.png,"[[0.61424,0.616892],[0.47948,0.3706],[0.495853,0.478073],[0.573938,0.276561],[0.641948,0.746755],[0.356054,0.807208],[0.555047,0.710931],[0.537414,0.807208],[0.385021,0.899007],[0.653281,0.679584]]"
84ac1e90592e39b24ef5bf90,frames/84ac1e90592e39b24ef5bf90.png,"[[0.893219,0.182608],[0.866312,0.60194],[0.225951,0.542947],[0.701288,0.635422],[0.817883,0.57324],[0.320122,0.57324],[0.8125,0.064621],[0.747924,0.6992],[0.786489,0.672094],[0.040301,0.665717],[0.304875,0.501492],[0.132677,0.644989],[0.478866,0.409015],[0.566759,0.386693],[0.644785,0.718333],[0.477072,0.203335],[0.471691,0.461631],[0.541646,0.578024],[0.483664,0.533646],[0.461826,0.672094],[0.555099,0.622668],[0.405323,0.614696],[0.638507,0.544542],[0.405323,0.498303],[0.730884,0.458442],[0.387386,0.326106],[0.513844,0.517436],[0.444785,0.520625],[0.442095,0.361183],[0.348821,0.402638],[0.348821,0.450471],[0.776623,0.73906],[0.826852,0.606724],[0.121019,0.570051],[0.841195,0.523814],[0.870797,0.534975],[0.895906,0.547729],[0.065413,0.495114],[0.928195,0.431338],[0.975,0.479169]]"
84aef7df6a0cde35b80d599d,frames/84aef7df6a0cde35b80d599d.png,"[[0.595349,0.07505],[0.481998,0.3706],[0.493333,0.487029],[0.580234,0.238498],[0.638172,0.771383],[0.429102,0.80273],[0.717516,0.442248],[0.546229,0.637043],[0.447993,0.934831],[0.654542,0.722125]]"
84b7778cf9380a5b775e00bf,frames/84b7778cf9380a5b775e00bf.png,"[[0.6977,0.321322],[0.670795,0.214496],[0.180211,0.362778],[0.342543,0.434526],[0.866312,0.43931],[0.355099,0.823564],[0.491422,0.617885],[0.813398,0.520625],[0.333574,0.657744],[0.489628,0.365967],[0.607117,0.483953],[0.025,0.786893],[0.26362,0.275085],[0.60622,0.329294],[0.069,0.818781],[0.645682,0.386693],[0.533392,0.524001],[0.440264,0.594726],[0.527967,0.472565],[0.39596,0.704029],[0.297407,0.387374],[0.471005,0.077146],[0.189812,0.044444]]"
84e0673cb01a125df60584b4,frames/84e0673cb01a125df60584b4.png,"[[0.425323,0.569872],[0.481998,0.372839],[0.498371,0.511658],[0.587792,0.251932],[0.639427,0.867661],[0.658323,0.417619],[0.721292,0.478073],[0.587792,0.460161],[0.689807,0.578829],[0.648245,0.793774]]"
84eff68f6beb60734ab0b8cc,frames/84eff68f6beb60734ab0b8cc.png,"[[0.176623,0.365967],[0.344337,0.710361],[0.924609,0.60194],[0.277969,0.790082],[0.60353,0.340456],[0.681556,0.305378],[0.025,0.554107],[0.699494,0.643394],[0.119225,0.922418],[0.577696,0.700815],[0.862508,0.472565],[0.635562,0.430772],[0.510788,0.689564],[0.453827,0.435594],[0.464677,0.133405],[0.710256,0.144342],[0.348821,0.436121],[0.661826,0.177824],[0.401736,0.866614],[0.416983,0.102887],[0.208014,0.868208],[0.43492,0.361183],[0.489628,0.343644]]"
85038de8f8eb43f023af1a9e,frames/85038de8f8eb43f023af1a9e.png,"[[0.027745,0.72471],[0.25196,0.660933],[0.379314,0.742249],[0.615189,0.144342],[0.305772,0.890531],[0.238507,0.955556],[0.63492,0.166664],[0.728193,0.676878],[0.593971,0.215382],[0.854367,0.247531],[0.773037,0.450471],[0.76757,0.090005],[0.64822,0.411485],[0.611602,0.412204],[0.604821,0.263604],[0.225055,0.133181],[0.38918,0.542947],[0.453754,0.421771],[0.351559,0.912365],[0.652819,0.658168],[0.258034,0.624596],[0.607855,0.304851],[0.116534,0.777326],[0.502184,0.294217],[0.509359,0.727899],[0.500391,0.758193],[0.409808,0.635422],[0.60622,0.742249],[0.458238,0.764571],[0.498597,0.522219],[0.579314,0.338861],[0.436713,0.842697],[0.552409,0.372343],[0.542543,0.445687],[0.487834,0.326106]]"
853d8d81dcca26acaf8883fd,frames/853d8d81dcca26acaf8883fd.png,"[[0.893219,0.509464],[0.865414,0.60194],[0.831766,0.215382],[0.486937,0.609912],[0.960477,0.483953],[0.233126,0.483953],[0.434023,0.595562],[0.549718,0.613101],[0.695009,0.461631],[0.769449,0.65615],[0.87707,0.609912],[0.46631,0.511058],[0.277072,0.643394],[0.843891,0.267112],[0.658238,0.775732],[0.247476,0.409015],[0.503081,0.680067],[0.816984,0.503086],[0.509359,0.565268],[0.538955,0.365967],[0.703081,0.662528],[0.608911,0.61629],[0.52909,0.436121],[0.109359,0.461631],[0.724606,0.809215],[0.527296,0.283056],[0.23492,0.483953],[0.723709,0.544542],[0.219673,0.436121],[0.477969,0.488736],[0.122,0.273249],[0.793664,0.405826],[0.840305,0.321322],[0.788283,0.807621],[0.885141,0.249574],[0.06631,0.61629],[0.952406,0.632235],[0.056444,0.468008],[0.955102,0.413799],[0.03761,0.380315]]"
853fa508596ea2f240c8835a,frames/853fa508596ea2f240c8835a.png,"[[0.330865,0.272083],[0.672177,0.657194],[0.456809,0.247455],[0.490815,0.195957],[0.419026,0.410903],[0.668396,0.583306],[0.684771,0.413142],[0.572677,0.428815],[0.351016,0.782579],[0.640688,0.345971]]"
855326ca80f46194e7c5122d,frames/855326ca80f46194e7c5122d.png,"[[0.474902,0.543584],[0.493645,0.827794],[0.618229,0.555344],[0.548771,0.392659],[0.546568,0.551425],[0.610464,0.422097],[0.697365,0.520614],[0.556307,0.115352],[0.718776,0.422097],[0.759078,0.446727]]"
857f518bf7a3fe7a29cc84a7,frames/857f518bf7a3fe7a29cc84a7.png,"[[0.031332,0.72471],[0.23492,0.668906],[0.37752,0.75341],[0.613395,0.142747],[0.280659,0.919229],[0.63492,0.166664],[0.728193,0.676878],[0.59578,0.213775],[0.855273,0.244315],[0.773037,0.450471],[0.765762,0.085183],[0.653645,0.400232],[0.602633,0.409015],[0.60663,0.261996],[0.205323,0.141153],[0.368552,0.542947],[0.445682,0.436121],[0.657315,0.648576],[0.211272,0.603812],[0.587171,0.295258],[0.124606,0.775732],[0.493216,0.271896],[0.503978,0.79646],[0.514741,0.751815],[0.397252,0.58759],[0.59187,0.6992],[0.447476,0.716739],[0.476175,0.539758],[0.564068,0.311756],[0.462723,0.785299],[0.551512,0.370749],[0.545234,0.479169],[0.44927,0.276679],[0.545234,0.416988],[0.511153,0.436121]]"
8580b62050f4583b63ccad9a,frames/8580b62050f4583b63ccad9a.png,"[[0.594089,0.630326],[0.480739,0.368361],[0.497112,0.473594],[0.571417,0.276561],[0.652026,0.73332],[0.348497,0.778101],[0.575198,0.717647],[0.541192,0.811686],[0.359832,0.883334],[0.654542,0.679584]]"
85ab50c048e8ca74ced4abf0,frames/85ab50c048e8ca74ced4abf0.png,"[[0.436314,0.606306],[0.493645,0.829754],[0.670052,0.684709],[0.507978,0.290736],[0.539952,0.555344],[0.61424,0.426576],[0.691068,0.554199],[0.628094,0.086245],[0.714995,0.417619],[0.759078,0.453444]]"
85e6224737b7f2fb01fdf0fb,frames/85e6224737b7f2fb01fdf0fb.png,"[[0.586531,0.637043],[0.483258,0.372839],[0.492074,0.478073],[0.573938,0.276561],[0.670917,0.708692],[0.31953,0.737798],[0.556307,0.943788],[0.492074,0.892291],[0.354794,0.657194],[0.663359,0.634804]]"
85f2cdb26e9a547acd1ce11a,frames/85f2cdb26e9a547acd1ce11a.png,"[[0.057341,0.555701],[0.104875,0.76776],[0.24927,0.807621],[0.186489,0.676878],[0.284247,0.654556],[0.052857,0.912851],[0.176623,0.405826],[0.446579,0.461631],[0.341646,0.483953],[0.127296,0.611507],[0.541646,0.887342],[0.592767,0.188986],[0.553305,0.321322],[0.658238,0.766165],[0.704875,0.955556],[0.802633,0.823564],[0.544337,0.192174],[0.74613,0.528597],[0.769449,0.058243],[0.786489,0.350022],[0.816086,0.36756],[0.741646,0.289433],[0.86093,0.332483],[0.117431,0.688039],[0.474382,0.665717],[0.807117,0.192174],[0.111153,0.365967],[0.8125,0.044444],[0.945234,0.613101],[0.614292,0.863425],[0.222364,0.924012],[0.311153,0.951118],[0.152409,0.924012]]"
8600d00e71378c558160aeac,frames/8600d00e71378c558160aeac.png,"[[0.508447,0.610175],[0.390059,0.746755],[0.494593,0.148938],[0.492074,0.883334],[0.38754,0.265367],[0.446734,0.287756],[0.473182,0.236259],[0.439177,0.547482],[0.652026,0.316864],[0.436658,0.207152]]"
862082c95c857ad84286cab2,frames/862082c95c857ad84286cab2.png,"[[0.747027,0.857047],[0.844789,0.841103],[0.075279,0.044444],[0.513844,0.68485],[0.43761,0.487142],[0.921016,0.334078],[0.310256,0.557296],[0.322812,0.680067],[0.866312,0.094915],[0.280659,0.27349],[0.756893,0.217685],[0.694112,0.120425]]"
8661419488fdd5eec248017c,frames/8661419488fdd5eec248017c.png,"[[0.772091,0.527217],[0.766666,0.657415],[0.961062,0.578653],[0.155099,0.868208],[0.975,0.695993],[0.025,0.632235],[0.17214,0.743843],[0.371243,0.665717],[0.288731,0.648178],[0.863617,0.593968],[0.316534,0.632235],[0.975,0.483953],[0.461059,0.483817],[0.385592,0.593968],[0.433126,0.428149],[0.659135,0.68485],[0.631041,0.622053],[0.559584,0.621074],[0.469898,0.565268],[0.659135,0.688039],[0.046579,0.350022],[0.65196,0.386693],[0.43492,0.365967],[0.368552,0.260735],[0.384695,0.43931],[0.336265,0.57324],[0.382005,0.531786],[0.784695,0.536569],[0.727296,0.681661],[0.324606,0.372343],[0.186489,0.662528],[0.755099,0.434526],[0.236713,0.45366],[0.275279,0.544542],[0.122812,0.28465],[0.831336,0.590779],[0.072588,0.568457],[0.951508,0.423365]]"
866ae2f4c4e2687dee2def12,frames/866ae2f4c4e2687dee2def12.png,"[[0.78918,0.718333],[0.864516,0.820375],[0.554202,0.568457],[0.238507,0.102887],[0.103978,0.818781],[0.505772,0.825158],[0.565862,0.428149],[0.68335,0.845886],[0.415189,0.498303],[0.57752,0.152314],[0.969445,0.900097]]"
86930b43252ea35363476b67,frames/86930b43252ea35363476b67.png,"[[0.610464,0.489268],[0.650766,0.361644],[0.464366,0.175806],[0.311973,0.319103],[0.362351,0.316864],[0.551266,0.207152],[0.503409,0.164611],[0.561344,0.413142],[0.532376,0.883334],[0.407691,0.229543]]"
86cef50ab0f25644fb08403f,frames/86cef50ab0f25644fb08403f.png,"[[0.03492,0.721522],[0.247476,0.659339],[0.381108,0.785299],[0.608014,0.160286],[0.264516,0.955556],[0.647476,0.163475],[0.728193,0.676878],[0.603917,0.234671],[0.858891,0.247531],[0.773037,0.450471],[0.759432,0.085183],[0.657263,0.403447],[0.608911,0.377126],[0.607534,0.261996],[0.176623,0.133181],[0.345234,0.579618],[0.435816,0.466414],[0.654617,0.643781],[0.218466,0.595818],[0.577279,0.242501],[0.133574,0.76776],[0.486041,0.249574],[0.473485,0.900097],[0.554202,0.676878],[0.404427,0.501492],[0.559584,0.605129],[0.413395,0.667311],[0.453754,0.595562],[0.553305,0.292622],[0.486041,0.747032],[0.551512,0.370749],[0.547027,0.514247],[0.397252,0.287839],[0.565862,0.431338],[0.505772,0.458442],[0.486041,0.377126]]"
86cf2df9d2140daaa8721066,frames/86cf2df9d2140daaa8721066.png,"[[0.025,0.721522],[0.19187,0.627451],[0.350615,0.900097],[0.479762,0.939957],[0.411602,0.45366],[0.608014,0.338861],[0.642991,0.764571],[0.503978,0.668906],[0.590077,0.310161],[0.556893,0.184203],[0.397252,0.598751],[0.596355,0.058243],[0.694112,0.300594],[0.728193,0.672094],[0.55238,0.229849],[0.820008,0.231456],[0.773037,0.45366],[0.824531,0.159123],[0.571367,0.363262],[0.547859,0.39541],[0.325502,0.624262],[0.371548,0.55615],[0.481855,0.411485],[0.647316,0.955556],[0.633754,0.385765],[0.445689,0.646164],[0.471909,0.435594],[0.151512,0.903285],[0.608014,0.696011],[0.435816,0.71355],[0.378417,0.772543],[0.564068,0.869803],[0.543338,0.319862],[0.468293,0.369692],[0.460929,0.825158]]"
86ef8d234161a6adf5155dd1,frames/86ef8d234161a6adf5155dd1.png,"[[0.324568,0.554199],[0.584016,0.863183],[0.376205,0.307907],[0.641948,0.332537],[0.728849,0.652716],[0.628094,0.108635],[0.688547,0.124308],[0.572677,0.169089],[0.662099,0.502702],[0.38754,0.585545]]"
8717a6902cf8bae047aabf69,frames/8717a6902cf8bae047aabf69.png,"[[0.364068,0.755004],[0.43492,0.343644],[0.730884,0.676878],[0.746774,0.427558],[0.776611,0.225026],[0.769449,0.464819],[0.777516,0.044444],[0.560517,0.04982],[0.876172,0.074187],[0.215189,0.139558],[0.635732,0.627793],[0.399942,0.58759],[0.344337,0.464819],[0.198148,0.665717],[0.168552,0.621074],[0.26631,0.340456],[0.471909,0.89531],[0.567751,0.337544],[0.835383,0.734571],[0.354369,0.708851],[0.570463,0.335936],[0.575888,0.376121],[0.45021,0.589904],[0.459135,0.383504],[0.860031,0.955556],[0.439404,0.283056],[0.517431,0.629046],[0.39187,0.283056],[0.388283,0.829942],[0.550615,0.044444],[0.475279,0.624262],[0.416983,0.386693],[0.388283,0.766165],[0.507566,0.61629],[0.333574,0.772543],[0.319225,0.691228],[0.579314,0.751815],[0.244966,0.734571],[0.442977,0.282893],[0.49813,0.927457],[0.523447,0.955556]]"
8717d4006a61e4213cd5964b,frames/8717d4006a61e4213cd5964b.png,"[[0.568901,0.641521],[0.582755,0.782579],[0.475701,0.135504],[0.309454,0.670628],[0.382502,0.278801],[0.541192,0.236259],[0.499631,0.207152],[0.552526,0.408663],[0.646984,0.713169],[0.422805,0.225064]]"
874d3a17a8e9457aabe5cc0e,frames/874d3a17a8e9457aabe5cc0e.png,"[[0.440723,0.620027],[0.495851,0.821913],[0.672255,0.690589],[0.507978,0.294656],[0.543259,0.551425],[0.6155,0.428815],[0.686031,0.55196],[0.628094,0.086245],[0.714995,0.417619],[0.755297,0.442248]]"
87a25f148ac2b6f8a81f25ca,frames/87a25f148ac2b6f8a81f25ca.png,"[[0.253754,0.498303],[0.276175,0.625857],[0.239404,0.442499],[0.632229,0.173041],[0.369449,0.128398],[0.730884,0.922418],[0.708462,0.082159],[0.741646,0.565268],[0.495906,0.506275],[0.785592,0.247979],[0.190973,0.863425],[0.435816,0.611507],[0.095009,0.758193],[0.975,0.727899],[0.204427,0.831536],[0.656445,0.091726],[0.187386,0.114048],[0.539852,0.05346],[0.337162,0.71355],[0.837609,0.174636],[0.46362,0.464819],[0.515637,0.047082],[0.745234,0.225657]]"
87cb1a899a57436684826748,frames/87cb1a899a57436684826748.png,"[[0.381243,0.693019],[0.779229,0.518375],[0.352276,0.276561],[0.397616,0.612414],[0.68099,0.124308],[0.723812,0.260888],[0.720031,0.478073],[0.516004,0.135504],[0.494593,0.69078],[0.586531,0.831837]]"
87d6d0976c64c8827dc56bac,frames/87d6d0976c64c8827dc56bac.png,"[[0.025,0.421771],[0.14613,0.649772],[0.514741,0.409015],[0.205323,0.593968],[0.482453,0.431338],[0.179314,0.955556],[0.612498,0.405826],[0.435816,0.389882],[0.306669,0.756599],[0.344337,0.402638],[0.434023,0.911257],[0.397252,0.372343],[0.068104,0.488736],[0.595458,0.305378],[0.508463,0.316539],[0.392767,0.372343]]"
87e46ca1ed30adc7d890ff35,frames/87e46ca1ed30adc7d890ff35.png,"[[0.464366,0.126548],[0.47948,0.368361],[0.495853,0.487029],[0.584016,0.251932],[0.634391,0.787056],[0.47948,0.827359],[0.720031,0.431054],[0.570161,0.59898],[0.489555,0.954983],[0.649505,0.746755]]"
880ed97c7753d63b160000a2,frames/880ed97c7753d63b160000a2.png,"[[0.173934,0.416988],[0.169449,0.673689],[0.273485,0.456847],[0.610705,0.498303],[0.250166,0.825158],[0.530884,0.487142],[0.137162,0.955556],[0.573037,0.267112],[0.618777,0.420176],[0.471691,0.345239],[0.090525,0.047082],[0.304875,0.727899],[0.190973,0.841103],[0.430435,0.917635],[0.433126,0.294217]]"
882a4f40651886342a99a299,frames/882a4f40651886342a99a299.png,"[[0.379983,0.381795],[0.484517,0.368361],[0.494593,0.518375],[0.599125,0.247455],[0.657062,0.883334],[0.660839,0.287756],[0.726333,0.3706],[0.628094,0.388512],[0.728849,0.560917],[0.658323,0.818403]]"
8864bca93c0a6509d163fb61,frames/8864bca93c0a6509d163fb61.png,"[[0.745224,0.637043],[0.480739,0.3706],[0.490815,0.478073],[0.610464,0.451205],[0.743964,0.57659],[0.344719,0.417619],[0.495853,0.07505],[0.605422,0.84751],[0.285525,0.480312],[0.663359,0.59898]]"
887518527d13cf3138807b31,frames/887518527d13cf3138807b31.png,"[[0.468104,0.705578],[0.383798,0.955556],[0.604427,0.063026],[0.541646,0.644989],[0.301288,0.892125],[0.176623,0.362778],[0.687834,0.745437],[0.6977,0.077376],[0.351512,0.798054],[0.611602,0.579618],[0.54613,0.305378],[0.51205,0.531786],[0.500391,0.361183],[0.592767,0.278274],[0.522812,0.409015],[0.461826,0.637017],[0.460929,0.461631],[0.404427,0.444093],[0.447476,0.354806]]"
88a847f48ba90406778c3817,frames/88a847f48ba90406778c3817.png,"[[0.451749,0.343657],[0.390007,0.565145],[0.447339,0.592586],[0.59949,0.439701],[0.567516,0.772912],[0.657062,0.466878],[0.713734,0.502702],[0.584016,0.124308],[0.717516,0.417619],[0.751521,0.446727]]"
88b83511d948ab70ea25563b,frames/88b83511d948ab70ea25563b.png,"[[0.323308,0.419858],[0.567641,0.831837],[0.333384,0.538526],[0.623057,0.818403],[0.532376,0.124308],[0.662099,0.16685],[0.78049,0.466878],[0.599125,0.417619],[0.436658,0.654955],[0.723812,0.50718]]"
88dc2248fa1f4deb83b9bea0,frames/88dc2248fa1f4deb83b9bea0.png,"[[0.344337,0.640206],[0.369449,0.839508],[0.469898,0.882558],[0.647476,0.3277],[0.469898,0.565268],[0.306669,0.900097],[0.387386,0.359589],[0.533574,0.740654],[0.182005,0.361183],[0.563171,0.694417],[0.819672,0.338861],[0.532677,0.735871],[0.556893,0.528597],[0.514741,0.461631],[0.528193,0.299],[0.418777,0.397854],[0.549718,0.3277],[0.548821,0.187392],[0.63492,0.727899],[0.337162,0.428149],[0.421467,0.329294]]"
88ef4bc7356092eab99f7648,frames/88ef4bc7356092eab99f7648.png,"[[0.025,0.694417],[0.314741,0.584401],[0.638507,0.386693],[0.625951,0.086943],[0.728193,0.676878],[0.697045,0.326292],[0.829953,0.270033],[0.766759,0.450471],[0.75672,0.06268],[0.650933,0.337544],[0.726399,0.106076],[0.556901,0.268426],[0.211602,0.203335],[0.318328,0.828347],[0.39187,0.955556],[0.669905,0.573436],[0.597063,0.781269],[0.659113,0.435946],[0.351512,0.614696],[0.461826,0.6992],[0.462723,0.81081],[0.485144,0.955556],[0.596355,0.834725],[0.364965,0.555701],[0.435816,0.316539],[0.446579,0.409015],[0.602633,0.423365],[0.495009,0.550918],[0.424158,0.657744],[0.429538,0.383504],[0.410705,0.461631],[0.582902,0.691228],[0.44927,0.871397],[0.422364,0.786893],[0.486041,0.852264],[0.091422,0.952712],[0.479762,0.316539],[0.471691,0.428149]]"
88f60d163e984188af8faf57,frames/88f60d163e984188af8faf57.png,"[[0.106669,0.477575],[0.178417,0.260735],[0.65196,0.080565],[0.488731,0.480764],[0.677969,0.380315],[0.736265,0.461631],[0.19187,0.196957],[0.905773,0.365967],[0.842992,0.102887],[0.583798,0.165069],[0.966758,0.431338],[0.644785,0.76776],[0.339852,0.528597],[0.811602,0.169852],[0.799942,0.769354],[0.098597,0.688039],[0.967656,0.12202],[0.975,0.217685]]"
88ffe3ba03b21e22de9dc4e6,frames/88ffe3ba03b21e22de9dc4e6.png,"[[0.740182,0.641521],[0.485777,0.377318],[0.492074,0.478073],[0.584016,0.151177],[0.749,0.581068],[0.3422,0.419858],[0.400134,0.187001],[0.604167,0.843032],[0.270411,0.433293],[0.663359,0.594502]]"
890d72fefb26cb847fe701c0,frames/890d72fefb26cb847fe701c0.png,"[[0.493333,0.151177],[0.561344,0.64376],[0.456809,0.231781],[0.436658,0.175806],[0.388799,0.207152],[0.646984,0.292234],[0.596609,0.231781],[0.580234,0.417619],[0.528598,0.87214],[0.533636,0.204913]]"
89125e25d649e431198d28e5,frames/89125e25d649e431198d28e5.png,"[[0.507188,0.614653],[0.36487,0.737798],[0.489555,0.146699],[0.493333,0.887813],[0.390059,0.269844],[0.449253,0.278801],[0.47696,0.227303],[0.436658,0.563156],[0.639427,0.289995],[0.43414,0.216108]]"
8926bc0c2c28582a65a13a81,frames/8926bc0c2c28582a65a13a81.png,"[[0.327086,0.43777],[0.562604,0.851988],[0.333384,0.560917],[0.618021,0.838555],[0.508447,0.070572],[0.662099,0.157894],[0.794339,0.502702],[0.631875,0.527331],[0.595349,0.706453],[0.738927,0.478073]]"
895594a376e31ab2ef105f08,frames/895594a376e31ab2ef105f08.png,"[[0.73137,0.645999],[0.480739,0.372839],[0.489555,0.478073],[0.722552,0.446727],[0.756557,0.558678],[0.383761,0.4624],[0.775448,0.489268],[0.602906,0.84751],[0.47696,0.84751],[0.667135,0.59898]]"
89a78f95b70c29995a30a5e8,frames/89a78f95b70c29995a30a5e8.png,"[[0.737667,0.639281],[0.480739,0.377318],[0.490815,0.471356],[0.726333,0.457921],[0.745224,0.583306],[0.38754,0.466878],[0.776708,0.491506],[0.599125,0.84751],[0.503409,0.867661],[0.662099,0.594502]]"
89bbf6dce12f1a9fea9e3951,frames/89bbf6dce12f1a9fea9e3951.png,"[[0.790077,0.696011],[0.875281,0.76776],[0.573037,0.520625],[0.253754,0.171447],[0.089628,0.818781],[0.495906,0.762976],[0.562274,0.413799],[0.677969,0.807621],[0.400839,0.520625],[0.56048,0.118831]]"
89f12749bb3442df360fd8b1,frames/89f12749bb3442df360fd8b1.png,"[[0.025,0.742249],[0.213395,0.621074],[0.253754,0.603535],[0.599942,0.096509],[0.234023,0.778921],[0.53178,0.823564],[0.587386,0.044444],[0.634023,0.203335],[0.72909,0.676878],[0.555996,0.228242],[0.836289,0.236278],[0.77214,0.447282],[0.78927,0.096435],[0.652741,0.390588],[0.429538,0.311756],[0.647476,0.475981],[0.596684,0.252351],[0.273485,0.080565],[0.56048,0.436121],[0.464516,0.409015],[0.43761,0.361183],[0.310256,0.94474],[0.505337,0.75569],[0.57548,0.477513],[0.383934,0.858008],[0.662711,0.840422],[0.404617,0.453532],[0.456776,0.667761],[0.582675,0.370399],[0.710256,0.955556],[0.031332,0.831536],[0.527296,0.332483],[0.535368,0.434526]]"
89f6a4a3c2e848aab8df1ad1,frames/89f6a4a3c2e848aab8df1ad1.png,"[[0.668396,0.706453],[0.484517,0.368361],[0.495853,0.478073],[0.52356,0.236259],[0.751521,0.581068],[0.303157,0.610175],[0.310714,0.34821],[0.605422,0.851988],[0.425323,0.135504],[0.665875,0.594502]]"
89f9a7acb5f4356e63cb7273,frames/89f9a7acb5f4356e63cb7273.png,"[[0.638172,0.69078],[0.481998,0.3706],[0.493333,0.478073],[0.54749,0.227303],[0.68225,0.650477],[0.391318,0.887813],[0.435399,0.708692],[0.602906,0.858706],[0.286784,0.554199],[0.660839,0.594502]]"
8a0d3da2203f8019f4308e66,frames/8a0d3da2203f8019f4308e66.png,"[[0.380211,0.806026],[0.429538,0.348428],[0.730884,0.676878],[0.743157,0.424343],[0.765762,0.252351],[0.768552,0.464819],[0.784748,0.044444],[0.490897,0.061072],[0.900391,0.063026],[0.199045,0.088537],[0.724761,0.733308],[0.52909,0.718333],[0.383798,0.6705],[0.124606,0.833131],[0.240301,0.554107],[0.273898,0.379336],[0.555996,0.281285],[0.806445,0.734571],[0.295598,0.943532],[0.560517,0.281285],[0.553284,0.498283],[0.86093,0.955556],[0.395458,0.281461],[0.505772,0.044444],[0.399045,0.394665],[0.52909,0.829942],[0.381108,0.562079],[0.301288,0.570051],[0.549718,0.554107],[0.356177,0.565794],[0.393248,0.282893],[0.468293,0.413092],[0.601205,0.797258],[0.435743,0.769933],[0.488184,0.546506],[0.484568,0.200915],[0.480047,0.483817],[0.607534,0.303789],[0.554188,0.376121],[0.521638,0.303789],[0.471005,0.331114],[0.338094,0.955556]]"
8a202d60c8bd73ab3afc142d,frames/8a202d60c8bd73ab3afc142d.png,"[[0.46939,0.351498],[0.395519,0.616106],[0.499158,0.608267],[0.575234,0.429901],[0.581849,0.853274],[0.643208,0.451205],[0.693583,0.534048],[0.521041,0.139981],[0.714995,0.413142],[0.755297,0.446727]]"
8a232a1deaae3a1a08ca52d8,frames/8a232a1deaae3a1a08ca52d8.png,"[[0.907562,0.635422],[0.122812,0.517436],[0.866312,0.603535],[0.108462,0.665717],[0.874258,0.511143],[0.699758,0.337544],[0.559584,0.676878],[0.975,0.57324],[0.790973,0.401043],[0.33178,0.536569],[0.280659,0.622668],[0.528193,0.361183],[0.573934,0.442499],[0.593664,0.643394],[0.919227,0.520625],[0.723709,0.568457],[0.477072,0.464819],[0.398148,0.45366],[0.790077,0.295811],[0.599045,0.668906],[0.358687,0.283056],[0.367655,0.627451],[0.65196,0.681661],[0.395458,0.397854],[0.595458,0.329294],[0.528193,0.565268],[0.701288,0.659339],[0.680659,0.405826],[0.025,0.276679],[0.799045,0.665717],[0.342543,0.444093],[0.138059,0.598751],[0.827742,0.43931],[0.14613,0.445687],[0.272588,0.509464],[0.10663,0.194486],[0.89232,0.436121],[0.959586,0.442499],[0.964961,0.847481]]"
8a316fe970863dbda95d184a,frames/8a316fe970863dbda95d184a.png,"[[0.485928,0.702349],[0.521209,0.837594],[0.575234,0.915996],[0.569719,0.480862],[0.474902,0.306417],[0.427842,0.543005],[0.639427,0.614653],[0.774188,0.231781],[0.726333,0.410903],[0.760339,0.440009]]"
8a4d8ffc584583139ed8f288,frames/8a4d8ffc584583139ed8f288.png,"[[0.362351,0.39299],[0.589052,0.811686],[0.310714,0.426576],[0.611724,0.867661],[0.606682,0.195957],[0.670917,0.187001],[0.75026,0.460161],[0.512225,0.269844],[0.416507,0.567633],[0.720031,0.672867]]"
8a7144ca31d4a1b2b8294ef7,frames/8a7144ca31d4a1b2b8294ef7.png,"[[0.362274,0.735871],[0.442991,0.316539],[0.730884,0.676878],[0.744062,0.422736],[0.78927,0.231456],[0.77214,0.464819],[0.780228,0.04982],[0.564134,0.057857],[0.868102,0.086943],[0.216983,0.177824],[0.650121,0.573436],[0.373037,0.506275],[0.373934,0.322917],[0.188283,0.570051],[0.153305,0.609912],[0.318328,0.405826],[0.411331,0.753858],[0.608438,0.3279],[0.85075,0.723318],[0.361602,0.63009],[0.609342,0.331114],[0.575888,0.376121],[0.435743,0.660631],[0.430435,0.420176],[0.479762,0.785299],[0.857344,0.955556],[0.471691,0.350022],[0.552409,0.576429],[0.348821,0.329294],[0.38918,0.6992],[0.566759,0.044444],[0.493216,0.584401],[0.426848,0.386693],[0.432229,0.566862],[0.518328,0.503086],[0.316534,0.874586],[0.364965,0.825158],[0.461826,0.955556],[0.251295,0.955556]]"
8aa6274c54f4d88126014e5e,frames/8aa6274c54f4d88126014e5e.png,"[[0.330865,0.440009],[0.47948,0.818403],[0.332124,0.55196],[0.626833,0.80273],[0.50089,0.079528],[0.61424,0.164611],[0.779229,0.592263],[0.660839,0.605696],[0.701141,0.672867],[0.749,0.453444]]"
8ae6d44c3cd5a4baf277fb1f,frames/8ae6d44c3cd5a4baf277fb1f.png,"[[0.396622,0.349538],[0.409853,0.572985],[0.442643,0.715164],[0.613823,0.42402],[0.627052,0.625907],[0.668396,0.482551],[0.703661,0.480312],[0.665875,0.146699],[0.713734,0.413142],[0.757818,0.446727]]"
8aee44fb5dca06dd815ef2a3,frames/8aee44fb5dca06dd815ef2a3.png,"[[0.66462,0.704213],[0.47948,0.3706],[0.495853,0.487029],[0.578974,0.272083],[0.722552,0.645999],[0.392578,0.80273],[0.285525,0.663911],[0.606682,0.84751],[0.36487,0.200435],[0.665875,0.605696]]"
8b0d180ac26fa40794588bf3,frames/8b0d180ac26fa40794588bf3.png,"[[0.748821,0.857047],[0.834922,0.833131],[0.088731,0.044444],[0.514741,0.672094],[0.651063,0.955556],[0.431332,0.495114],[0.914742,0.383504],[0.298597,0.542947],[0.327296,0.678472],[0.861828,0.114048],[0.299494,0.311756],[0.751512,0.214496]]"
8b184751d8ed031ab01ffb75,frames/8b184751d8ed031ab01ffb75.png,"[[0.707566,0.584401],[0.858234,0.721522],[0.423261,0.951118],[0.700391,0.506275],[0.534471,0.880964],[0.339852,0.281461],[0.134471,0.71355],[0.482453,0.544542],[0.544337,0.55889],[0.738955,0.801243],[0.408014,0.539758]]"
8b4407611879da23b45ab795,frames/8b4407611879da23b45ab795.png,"[[0.450513,0.310146],[0.480739,0.368361],[0.494593,0.522853],[0.59787,0.249694],[0.653281,0.883334],[0.68099,0.319103],[0.727589,0.417619],[0.631875,0.399707],[0.693583,0.585545],[0.657062,0.807208]]"
8b903527ede64ca9d744320e,frames/8b903527ede64ca9d744320e.png,"[[0.664516,0.506275],[0.639404,0.359589],[0.182902,0.361183],[0.227745,0.584401],[0.878867,0.625857],[0.510256,0.740654],[0.502184,0.625857],[0.749718,0.428149],[0.424158,0.644989],[0.474382,0.361183],[0.551512,0.477575],[0.050166,0.876181],[0.24927,0.241601],[0.625055,0.299],[0.15779,0.643394],[0.570346,0.389882],[0.471909,0.509535],[0.392344,0.427558],[0.506268,0.353618],[0.370644,0.914599]]"
8bfc5bb3aa7182da5e7c8418,frames/8bfc5bb3aa7182da5e7c8418.png,"[[0.198148,0.334078],[0.214292,0.416988],[0.393664,0.421771],[0.173037,0.660933],[0.219673,0.903285],[0.241198,0.477575],[0.344337,0.365967],[0.852859,0.885747],[0.387386,0.498303],[0.515637,0.866614],[0.468104,0.365967],[0.54344,0.483953],[0.571243,0.857047],[0.454651,0.409015],[0.700391,0.255951],[0.728193,0.605129],[0.030435,0.506275],[0.975,0.203335]]"
8c3126cf348546aee537a139,frames/8c3126cf348546aee537a139.png,"[[0.733574,0.857047],[0.89232,0.898503],[0.054651,0.088537],[0.502184,0.696011],[0.436713,0.45366],[0.930883,0.488736],[0.322812,0.683256],[0.199045,0.082159],[0.779314,0.222468],[0.706669,0.09332],[0.549718,0.047082]]"
8c376300c92ac3c66708e53b,frames/8c376300c92ac3c66708e53b.png,"[[0.304417,0.43777],[0.69988,0.787056],[0.3422,0.316864],[0.508447,0.287756],[0.736406,0.518375],[0.716255,0.137743],[0.761594,0.258649],[0.513484,0.175806],[0.639427,0.798252],[0.468145,0.798252]]"
8c37b1b4cce8fe736af4f998,frames/8c37b1b4cce8fe736af4f998.png,"[[0.594089,0.191479],[0.601646,0.298952],[0.465626,0.184762],[0.377465,0.207152],[0.36361,0.267606],[0.55001,0.229543],[0.504668,0.187001],[0.553786,0.408663],[0.526079,0.851988],[0.424064,0.287756]]"
8c55987e4141c0d620008d2c,frames/8c55987e4141c0d620008d2c.png,"[[0.407691,0.471356],[0.483258,0.368361],[0.494593,0.513897],[0.599125,0.247455],[0.655802,0.892291],[0.663359,0.216108],[0.728849,0.34821],[0.628094,0.390751],[0.756557,0.549721],[0.662099,0.827359]]"
8c6c4798052b27e561ee7df1,frames/8c6c4798052b27e561ee7df1.png,"[[0.782941,0.536861],[0.780228,0.713674],[0.975,0.604371],[0.155996,0.871397],[0.025,0.627451],[0.145234,0.761382],[0.348821,0.640206],[0.254651,0.691228],[0.868102,0.605129],[0.292319,0.688039],[0.470102,0.483817],[0.416086,0.590779],[0.404427,0.431338],[0.651063,0.705578],[0.652741,0.585082],[0.590077,0.640206],[0.501288,0.576429],[0.645682,0.6992],[0.042095,0.354806],[0.68335,0.378721],[0.451063,0.332483],[0.39187,0.240007],[0.362274,0.464819],[0.37752,0.57324],[0.413395,0.520625],[0.766759,0.539758],[0.688731,0.643394],[0.345234,0.394665],[0.223261,0.672094],[0.721916,0.450471],[0.271691,0.450471],[0.306669,0.498303],[0.123709,0.294217],[0.819672,0.622668],[0.117431,0.581212],[0.922812,0.43931]]"
8c780895d6fe132604b20eb4,frames/8c780895d6fe132604b20eb4.png,"[[0.567641,0.645999],[0.534895,0.827359],[0.475701,0.146699],[0.339681,0.771383],[0.377465,0.272083],[0.517263,0.265367],[0.484517,0.236259],[0.54875,0.426576],[0.686031,0.581068],[0.426583,0.21163]]"
8c93184b9ba103c5ae9ab7d5,frames/8c93184b9ba103c5ae9ab7d5.png,"[[0.896805,0.503086],[0.867203,0.614696],[0.85375,0.192174],[0.471691,0.598751],[0.97393,0.483953],[0.225055,0.491925],[0.434023,0.613101],[0.554202,0.646583],[0.711153,0.468008],[0.788283,0.659339],[0.880656,0.627451],[0.474382,0.517436],[0.252857,0.635422],[0.850164,0.27349],[0.671691,0.764571],[0.239404,0.388288],[0.51205,0.6992],[0.841195,0.483953],[0.517431,0.598751],[0.518328,0.372343],[0.72909,0.683256],[0.599942,0.638611],[0.521019,0.450471],[0.118328,0.468008],[0.704875,0.828347],[0.532677,0.260735],[0.246579,0.468008],[0.719225,0.542947],[0.229538,0.436121],[0.487834,0.501492],[0.137371,0.310218],[0.790973,0.413799],[0.840305,0.3277],[0.782902,0.807621],[0.887836,0.249574],[0.072588,0.614696],[0.947031,0.662528],[0.071691,0.495114],[0.931781,0.394665],[0.055548,0.401043]]"
8cadb368cf4b58950f8ed8db,frames/8cadb368cf4b58950f8ed8db.png,"[[0.865414,0.676878],[0.158687,0.584401],[0.025,0.681661],[0.866312,0.603535],[0.123709,0.696011],[0.787461,0.517572],[0.656358,0.364869],[0.025,0.536569],[0.55779,0.705578],[0.966758,0.742249],[0.886937,0.554107],[0.685144,0.447282],[0.39187,0.517436],[0.242991,0.593968],[0.534471,0.300594],[0.550615,0.445687],[0.583798,0.60194],[0.834023,0.562079],[0.66362,0.566862],[0.520122,0.495114],[0.428641,0.399449],[0.732677,0.310161],[0.559584,0.614696],[0.392767,0.338861],[0.348821,0.554107],[0.612498,0.665717],[0.370346,0.348428],[0.645682,0.402638],[0.472588,0.555701],[0.715637,0.676878],[0.703081,0.372343],[0.025,0.255951],[0.836711,0.632235],[0.301288,0.450471],[0.129987,0.625857],[0.824156,0.444093],[0.094113,0.434526],[0.182005,0.531786],[0.10663,0.249137],[0.955102,0.488736]]"
8cb530130d720c3fe3e9f2be,frames/8cb530130d720c3fe3e9f2be.png,"[[0.456445,0.696011],[0.386489,0.94474],[0.607117,0.064621],[0.53178,0.651367],[0.303081,0.890531],[0.181108,0.361183],[0.679762,0.747032],[0.701288,0.099698],[0.339852,0.798054],[0.595458,0.576429],[0.533574,0.292622],[0.498597,0.531786],[0.4977,0.36756],[0.593664,0.275085],[0.525502,0.420176],[0.457341,0.622668],[0.465413,0.455254],[0.408911,0.432932],[0.455548,0.351617]]"
8cc8bdf98698fcd2dd27ba44,frames/8cc8bdf98698fcd2dd27ba44.png,"[[0.042095,0.55889],[0.102184,0.468008],[0.06631,0.761382],[0.068104,0.829942],[0.164068,0.76776],[0.127296,0.858642],[0.053754,0.955556],[0.124606,0.94474],[0.119225,0.142747],[0.184695,0.055054],[0.245682,0.165069],[0.291422,0.236818],[0.195458,0.469603],[0.244785,0.646583],[0.24927,0.833131],[0.228641,0.955556],[0.418777,0.534975],[0.514741,0.825158],[0.582005,0.491925],[0.616086,0.640206],[0.633126,0.520625],[0.713844,0.809215],[0.741646,0.555701],[0.615189,0.158691],[0.711153,0.343644],[0.761377,0.066215],[0.779314,0.361183],[0.798148,0.423365],[0.795458,0.184203],[0.851961,0.447282],[0.695906,0.129992]]"
8cca7aa63bfd470fb3230f6a,frames/8cca7aa63bfd470fb3230f6a.png,"[[0.333384,0.558678],[0.338422,0.675106],[0.505928,0.164611],[0.735146,0.225064],[0.595349,0.518375],[0.611724,0.25641],[0.507188,0.057138],[0.55001,0.238498],[0.635651,0.442248],[0.420285,0.151177]]"
8ce72614e37f24897499b380,frames/8ce72614e37f24897499b380.png,"[[0.271671,0.43777],[0.639427,0.717647],[0.457967,0.237066],[0.510966,0.209391],[0.487036,0.50718],[0.670917,0.567633],[0.646984,0.491506],[0.573938,0.417619],[0.47696,0.652716],[0.679729,0.448966]]"
8cf0169f0821da69988e8bcb,frames/8cf0169f0821da69988e8bcb.png,"[[0.04927,0.377126],[0.030435,0.721522],[0.102184,0.955556],[0.195458,0.487142],[0.350615,0.721522],[0.32909,0.847481],[0.416086,0.885747],[0.462723,0.710361],[0.441198,0.299],[0.387386,0.718333],[0.583798,0.373938],[0.529987,0.578024],[0.538059,0.649772],[0.481556,0.428149],[0.549718,0.337267],[0.685144,0.247979],[0.540749,0.421771],[0.578417,0.667311],[0.612498,0.064621],[0.72909,0.461631],[0.729987,0.673689],[0.537009,0.200915],[0.805545,0.247531],[0.769449,0.447282],[0.846234,0.163945],[0.430435,0.640206],[0.03068,0.933888],[0.546955,0.39541],[0.502651,0.604371],[0.305772,0.735871],[0.425798,0.385765],[0.46558,0.652593],[0.567751,0.591512],[0.626521,0.236278],[0.516213,0.448454],[0.431223,0.750644],[0.025,0.893719],[0.594561,0.919229]]"
8cfe5c2418853a002b10212b,frames/8cfe5c2418853a002b10212b.png,"[[0.440723,0.608267],[0.49144,0.823873],[0.664536,0.71215],[0.50467,0.284856],[0.539952,0.557305],[0.61424,0.428815],[0.684771,0.563156],[0.628094,0.088484],[0.711219,0.413142],[0.756557,0.446727]]"
8d470b2bb85b7336169afe59,frames/8d470b2bb85b7336169afe59.png,"[[0.460588,0.607936],[0.480739,0.372839],[0.492074,0.513897],[0.599125,0.258649],[0.658323,0.896769],[0.668396,0.139981],[0.712479,0.247455],[0.626833,0.386273],[0.755297,0.684062],[0.678474,0.838555]]"
8d5b8cce3c9ad76bb17e6525,frames/8d5b8cce3c9ad76bb17e6525.png,"[[0.112947,0.380315],[0.175727,0.651367],[0.341646,0.365967],[0.552409,0.43931],[0.253754,0.73906],[0.495906,0.416988],[0.14613,0.955556],[0.58918,0.397854],[0.450166,0.380315],[0.308462,0.743843],[0.212498,0.643394],[0.433126,0.911257],[0.390077,0.343644],[0.055548,0.498303],[0.559584,0.283056]]"
8d5cb07adf2c57cfb99450ce,frames/8d5cb07adf2c57cfb99450ce.png,"[[0.655802,0.68854],[0.47948,0.3706],[0.494593,0.473594],[0.546229,0.231781],[0.694844,0.659433],[0.381243,0.874379],[0.36487,0.681823],[0.602906,0.84751],[0.283006,0.433293],[0.662099,0.59898]]"
8d92bbf05b1e3ea686953c8b,frames/8d92bbf05b1e3ea686953c8b.png,"[[0.730109,0.641521],[0.480739,0.3706],[0.489555,0.473594],[0.722552,0.460161],[0.74774,0.581068],[0.383761,0.460161],[0.774188,0.493746],[0.600385,0.851988],[0.463107,0.843032],[0.665875,0.601219]]"
8d98221beefadd7ef300f139,frames/8d98221beefadd7ef300f139.png,"[[0.442095,0.613101],[0.300391,0.632235],[0.961375,0.461631],[0.755996,0.23044],[0.324606,0.10767],[0.476175,0.055054],[0.597252,0.082159],[0.078866,0.359589],[0.133574,0.955556],[0.077969,0.488736],[0.183798,0.503086],[0.182005,0.576429],[0.54613,0.829942],[0.033126,0.818781]]"
8dce634044227c3dfa04ca4d,frames/8dce634044227c3dfa04ca4d.png,"[[0.352276,0.240737],[0.657062,0.681823],[0.453031,0.245215],[0.47948,0.191479],[0.396356,0.3706],[0.667135,0.587784],[0.68225,0.379556],[0.576458,0.417619],[0.372427,0.80273],[0.635651,0.319103]]"
8e15f894efd54c8e4b8c60f7,frames/8e15f894efd54c8e4b8c60f7.png,"[[0.340941,0.657194],[0.324568,0.751232],[0.463107,0.247455],[0.507188,0.229543],[0.514744,0.560917],[0.670917,0.601219],[0.665875,0.399707],[0.585271,0.301191],[0.577719,0.491506],[0.703661,0.543005]]"
8e177f1f231e4e5ddf36527c,frames/8e177f1f231e4e5ddf36527c.png,"[[0.216086,0.322917],[0.235816,0.409015],[0.225951,0.555701],[0.197252,0.672094],[0.253754,0.903285],[0.2977,0.498303],[0.413395,0.383504],[0.408014,0.464819],[0.87707,0.955556],[0.462723,0.394665],[0.475279,0.466414],[0.502184,0.818781],[0.503978,0.361183],[0.521019,0.444093],[0.545234,0.509464],[0.545234,0.777326],[0.561377,0.466414],[0.61788,0.780515],[0.63492,0.220874],[0.667207,0.348428],[0.698597,0.611507]]"
8e2915c3dfe4226297372c84,frames/8e2915c3dfe4226297372c84.png,"[[0.364965,0.735871],[0.444785,0.3277],[0.730884,0.676878],[0.744966,0.424343],[0.785653,0.229849],[0.769449,0.464819],[0.780228,0.04982],[0.564134,0.05625],[0.871688,0.086943],[0.216983,0.166664],[0.65102,0.595818],[0.378417,0.522219],[0.384695,0.351617],[0.192767,0.581212],[0.161377,0.609912],[0.305772,0.378721],[0.427605,0.774756],[0.605725,0.319862],[0.844422,0.726533],[0.361602,0.636519],[0.609342,0.3279],[0.575888,0.376121],[0.429414,0.628482],[0.430435,0.41061],[0.456445,0.845886],[0.860031,0.955556],[0.469898,0.340456],[0.547924,0.576429],[0.36048,0.305378],[0.418777,0.72471],[0.564965,0.044444],[0.499494,0.584401],[0.423261,0.377126],[0.394561,0.595562],[0.510256,0.528597],[0.328193,0.834725],[0.369449,0.774138],[0.492319,0.911257],[0.251295,0.911383],[0.468293,0.339151]]"
8e48efdc2689bb5d86a9f7da,frames/8e48efdc2689bb5d86a9f7da.png,"[[0.427745,0.633829],[0.320122,0.922418],[0.396355,0.93039],[0.636713,0.158691],[0.509359,0.606724],[0.295906,0.890531],[0.182902,0.361183],[0.594561,0.707172],[0.718328,0.104481],[0.382902,0.769354],[0.555996,0.566862],[0.484247,0.3277],[0.507566,0.512653],[0.500391,0.370749],[0.597252,0.228846],[0.52909,0.43931],[0.41788,0.565268],[0.37752,0.332483],[0.46631,0.428149],[0.954203,0.200146]]"
8e8a7971f8a11549916f1642,frames/8e8a7971f8a11549916f1642.png,"[[0.376623,0.740654],[0.422364,0.278274],[0.729987,0.678472],[0.74587,0.419521],[0.810969,0.242708],[0.768552,0.455254],[0.776611,0.044998],[0.57408,0.072324],[0.821469,0.080565],[0.323709,0.227251],[0.57638,0.464724],[0.380211,0.377126],[0.381108,0.326106],[0.210705,0.444093],[0.122812,0.61629],[0.344337,0.909662],[0.292319,0.491925],[0.39596,0.638126],[0.645508,0.361656],[0.877875,0.718496],[0.295598,0.718496],[0.345327,0.442025],[0.579505,0.520787],[0.593067,0.442025],[0.59578,0.424343],[0.647316,0.360047],[0.577696,0.366476],[0.38511,0.792436],[0.490525,0.579618],[0.461826,0.681661],[0.411602,0.562079],[0.862719,0.955556],[0.44927,0.579618],[0.488731,0.517436],[0.476175,0.332483],[0.54344,0.522219],[0.425055,0.361183],[0.467207,0.423365],[0.57483,0.044444]]"
8eb3d32a1e2c6ecb8e1a80a1,frames/8eb3d32a1e2c6ecb8e1a80a1.png,"[[0.911156,0.632235],[0.116534,0.509464],[0.866312,0.603535],[0.103978,0.676878],[0.881492,0.520787],[0.701566,0.321469],[0.556893,0.667311],[0.975,0.57324],[0.808016,0.402638],[0.32909,0.539758],[0.285144,0.622668],[0.527296,0.361183],[0.585592,0.444093],[0.594561,0.649772],[0.929984,0.520625],[0.729987,0.576429],[0.465413,0.458442],[0.395458,0.461631],[0.790973,0.294217],[0.600839,0.672094],[0.359584,0.292622],[0.373934,0.635422],[0.660032,0.691228],[0.401736,0.391476],[0.588283,0.3277],[0.542543,0.565268],[0.695906,0.654556],[0.673485,0.412204],[0.025,0.295811],[0.78918,0.665717],[0.349718,0.42496],[0.142543,0.590779],[0.827742,0.431338],[0.145234,0.447282],[0.269001,0.495114],[0.101204,0.199308],[0.895906,0.428149],[0.955992,0.436121],[0.953305,0.841103]]"
8eb7ea2d60a0ddaa56f6f2c1,frames/8eb7ea2d60a0ddaa56f6f2c1.png,"[[0.332124,0.43777],[0.465626,0.807208],[0.333384,0.57659],[0.602906,0.822881],[0.495853,0.124308],[0.602906,0.175806],[0.779229,0.630326],[0.660839,0.605696],[0.69988,0.628087],[0.751521,0.431054]]"
8ec01f1580306ede65352d2c,frames/8ec01f1580306ede65352d2c.png,"[[0.928195,0.283056],[0.866312,0.60194],[0.309359,0.606724],[0.034023,0.405826],[0.623261,0.651367],[0.738059,0.705578],[0.945234,0.520625],[0.34613,0.584401],[0.877969,0.217685],[0.975,0.648178],[0.644785,0.705578],[0.719225,0.750221],[0.227745,0.643394],[0.375727,0.511058],[0.268104,0.673689],[0.339852,0.468008],[0.619673,0.550918],[0.549718,0.710361],[0.404427,0.206524],[0.538059,0.447282],[0.46362,0.528597],[0.960477,0.617885],[0.398673,0.429165],[0.558687,0.590779],[0.638507,0.576429],[0.670795,0.877775],[0.326399,0.694417],[0.685144,0.609912],[0.320122,0.542947],[0.737162,0.445687],[0.317431,0.386693],[0.608014,0.45366],[0.390973,0.654556],[0.304875,0.450471],[0.221467,0.402638],[0.24927,0.472792],[0.869,0.721522],[0.907562,0.72471],[0.067207,0.514247],[0.951508,0.55889],[0.97393,0.483953],[0.975,0.522219]]"
8f56be8cbf66bde0ce9949c9,frames/8f56be8cbf66bde0ce9949c9.png,"[[0.416507,0.433293],[0.480739,0.368361],[0.493333,0.509419],[0.592828,0.251932],[0.644469,0.87214],[0.675953,0.379556],[0.713734,0.480312],[0.610464,0.43777],[0.689807,0.57435],[0.655802,0.80273]]"
8f840a474520301aeaa2b781,frames/8f840a474520301aeaa2b781.png,"[[0.590312,0.066094],[0.480739,0.368361],[0.495853,0.478073],[0.578974,0.247455],[0.634391,0.771383],[0.415248,0.778101],[0.718776,0.440009],[0.542452,0.637043],[0.445474,0.928115],[0.654542,0.722125]]"
8f97e61a9597d91e8b958c0a,frames/8f97e61a9597d91e8b958c0a.png,"[[0.391109,0.337778],[0.401032,0.580826],[0.434108,0.696469],[0.612719,0.429901],[0.613823,0.629827],[0.660839,0.4624],[0.707437,0.500463],[0.649505,0.139981],[0.711219,0.417619],[0.760339,0.442248]]"
8fb4a3ca4e10a4a22f057d33,frames/8fb4a3ca4e10a4a22f057d33.png,"[[0.436314,0.614146],[0.496953,0.835634],[0.677771,0.747431],[0.498055,0.271135],[0.541054,0.555344],[0.618021,0.431054],[0.689807,0.57435],[0.630615,0.095201],[0.714995,0.417619],[0.762854,0.446727]]"
9024c28783a225c0d353267b,frames/9024c28783a225c0d353267b.png,"[[0.137162,0.386693],[0.175727,0.667311],[0.335368,0.377126],[0.573037,0.461631],[0.247476,0.72471],[0.51205,0.434526],[0.142543,0.955556],[0.62057,0.401043],[0.453754,0.359589],[0.300391,0.735871],[0.199942,0.705578],[0.433126,0.917635],[0.380211,0.338861],[0.032229,0.557296],[0.579314,0.343644]]"
902d10c92594586495616c4a,frames/902d10c92594586495616c4a.png,"[[0.736828,0.49989],[0.744062,0.589904],[0.907711,0.560972],[0.175727,0.879369],[0.962867,0.720104],[0.029539,0.624262],[0.196778,0.724112],[0.382005,0.667311],[0.310256,0.584401],[0.873484,0.595562],[0.354202,0.592374],[0.94075,0.509464],[0.431223,0.461314],[0.348821,0.643394],[0.455548,0.432932],[0.671691,0.680067],[0.579505,0.639733],[0.509359,0.566862],[0.425951,0.506275],[0.667207,0.710361],[0.051063,0.338861],[0.600839,0.41061],[0.404427,0.351617],[0.344337,0.294217],[0.345234,0.420176],[0.291422,0.528597],[0.321916,0.480764],[0.975,0.13637],[0.809805,0.503086],[0.769414,0.684485],[0.295906,0.377126],[0.13178,0.667311],[0.804427,0.450471],[0.176623,0.464819],[0.202633,0.565268],[0.112947,0.275085],[0.882453,0.643394],[0.025,0.562079]]"
903494d914e7cd3984262c77,frames/903494d914e7cd3984262c77.png,"[[0.470492,0.359338],[0.412057,0.655308],[0.511286,0.608267],[0.566411,0.429901],[0.577438,0.843474],[0.644469,0.453444],[0.692328,0.534048],[0.510966,0.137743],[0.717516,0.422097],[0.751521,0.446727]]"
9037abe8299527d1d335ba6b,frames/9037abe8299527d1d335ba6b.png,"[[0.468515,0.349963],[0.392212,0.618067],[0.492543,0.586706],[0.582953,0.439701],[0.582953,0.857194],[0.643208,0.457921],[0.696104,0.534048],[0.52482,0.131026],[0.712479,0.419858],[0.752781,0.442248]]"
905d0c7a885afd4b8d35480f,frames/905d0c7a885afd4b8d35480f.png,"[[0.437416,0.602386],[0.496953,0.814073],[0.681078,0.845434],[0.452852,0.439701],[0.633667,0.514183],[0.562604,0.260888],[0.698625,0.572111],[0.674693,0.090723],[0.714995,0.422097],[0.760339,0.448966]]"
909d1bbb376cee72cc53faed,frames/909d1bbb376cee72cc53faed.png,"[[0.44927,0.676878],[0.394561,0.933579],[0.634023,0.091726],[0.522812,0.651367],[0.2977,0.888936],[0.181108,0.354806],[0.650166,0.75341],[0.701288,0.120425],[0.34344,0.799649],[0.579314,0.562079],[0.519225,0.295811],[0.489628,0.531786],[0.4977,0.372343],[0.592767,0.265518],[0.528193,0.421771],[0.464516,0.605129],[0.362274,0.3277],[0.469001,0.450471],[0.39187,0.409015],[0.460032,0.340456]]"
90a16eae5e6488567a05f9f4,frames/90a16eae5e6488567a05f9f4.png,"[[0.061421,0.614015],[0.415072,0.523242],[0.286557,0.337544],[0.345327,0.406663],[0.466484,0.614015],[0.025,0.609193],[0.559613,0.456492],[0.499938,0.577046],[0.395458,0.442499],[0.199758,0.483817],[0.566846,0.636519],[0.150615,0.638611],[0.138059,0.790082],[0.722813,0.455254],[0.596355,0.691228],[0.747027,0.542947],[0.793664,0.423365],[0.843516,0.63009],[0.859797,0.54329],[0.773037,0.581212],[0.568655,0.683133],[0.824531,0.758681],[0.609808,0.609912],[0.673485,0.378721],[0.868102,0.60194],[0.970344,0.691228],[0.753305,0.487142],[0.252857,0.576429],[0.137162,0.409015],[0.153305,0.584401],[0.855547,0.696011],[0.946133,0.718333],[0.099396,0.495068],[0.074382,0.436121]]"
90c0c7d2e87176cc4a1774a3,frames/90c0c7d2e87176cc4a1774a3.png,"[[0.586489,0.614696],[0.573934,0.517436],[0.182005,0.361183],[0.498597,0.743843],[0.680659,0.637017],[0.616086,0.044444],[0.815188,0.534975],[0.538059,0.509464],[0.627745,0.445687],[0.373037,0.780515],[0.4977,0.568457],[0.467207,0.386693],[0.400839,0.405826],[0.056444,0.868208],[0.416086,0.321322],[0.625951,0.265518],[0.350615,0.911257]]"
90f04a1f10d49f83ad58d45a,frames/90f04a1f10d49f83ad58d45a.png,"[[0.379983,0.406424],[0.47948,0.3706],[0.494593,0.518375],[0.600385,0.249694],[0.655802,0.883334],[0.665875,0.267606],[0.728849,0.359405],[0.630615,0.397469],[0.737667,0.563156],[0.662099,0.822881]]"
90f50ab43261c68a681b88e8,frames/90f50ab43261c68a681b88e8.png,"[[0.025,0.751815],[0.169449,0.576429],[0.267207,0.464819],[0.616983,0.13637],[0.349718,0.657744],[0.585592,0.509464],[0.581108,0.044444],[0.657341,0.238413],[0.72909,0.676878],[0.557805,0.220204],[0.822727,0.225026],[0.77214,0.455254],[0.806445,0.117331],[0.66992,0.368085],[0.354202,0.445687],[0.365862,0.955556],[0.656445,0.487142],[0.596684,0.242708],[0.463772,0.337544],[0.529987,0.461631],[0.367655,0.799649],[0.461826,0.340456],[0.240301,0.182608],[0.593664,0.3277],[0.352409,0.871397],[0.43492,0.534975],[0.379314,0.707172],[0.442991,0.332483],[0.313844,0.646583],[0.52909,0.512653],[0.469898,0.727899],[0.376623,0.637017],[0.561092,0.458328],[0.573682,0.573436],[0.606056,0.666162],[0.503538,0.483908],[0.648323,0.929951],[0.422603,0.798856]]"
90ff81032225efdc2a74cba8,frames/90ff81032225efdc2a74cba8.png,"[[0.578974,0.64376],[0.481998,0.3706],[0.495853,0.480312],[0.573938,0.276561],[0.674693,0.684062],[0.340941,0.827359],[0.536155,0.956481],[0.499631,0.883334],[0.306935,0.603457],[0.663359,0.623608]]"
910433bb2f4d743951db1d3e,frames/910433bb2f4d743951db1d3e.png,"[[0.448373,0.632235],[0.295906,0.611507],[0.975,0.469603],[0.755996,0.225657],[0.313844,0.044444],[0.480659,0.059837],[0.582902,0.106076],[0.086041,0.557296],[0.183798,0.495114],[0.164068,0.603535],[0.659135,0.718333],[0.113844,0.673689],[0.098597,0.955556],[0.22057,0.917635]]"
910fb21e70b2500780da68d6,frames/910fb21e70b2500780da68d6.png,"[[0.324568,0.540765],[0.553786,0.87214],[0.398875,0.330298],[0.659578,0.312386],[0.721292,0.659433],[0.628094,0.115352],[0.68225,0.099679],[0.56512,0.175806],[0.653281,0.43777],[0.388799,0.52957]]"
913c7d60143d85425b18840c,frames/913c7d60143d85425b18840c.png,"[[0.025,0.743843],[0.254651,0.640206],[0.269001,0.727899],[0.599045,0.110859],[0.292319,0.812403],[0.364965,0.879369],[0.584695,0.044444],[0.632229,0.169852],[0.730884,0.676878],[0.568655,0.229849],[0.844422,0.237886],[0.77214,0.447282],[0.781132,0.090005],[0.653645,0.39541],[0.648373,0.469603],[0.597588,0.257174],[0.272588,0.12202],[0.521916,0.528597],[0.424158,0.386693],[0.517927,0.854811],[0.562891,0.399175],[0.624041,0.757289],[0.430696,0.311246],[0.383034,0.637385],[0.611452,0.399175],[0.718328,0.955556],[0.070794,0.829942],[0.520122,0.305378],[0.453754,0.643394],[0.456445,0.898503],[0.408014,0.911257],[0.735368,0.93039],[0.537162,0.93039]]"
9145e47a3b5dee3d5a387909,frames/9145e47a3b5dee3d5a387909.png,"[[0.242991,0.6992],[0.550615,0.348428],[0.460032,0.120425],[0.72909,0.676878],[0.736828,0.424343],[0.855273,0.273249],[0.764965,0.45366],[0.770282,0.044998],[0.57408,0.236278],[0.758687,0.086943],[0.363171,0.086943],[0.361377,0.829942],[0.644725,0.466322],[0.561092,0.949136],[0.34344,0.550918],[0.444785,0.306972],[0.526399,0.255951],[0.453754,0.76776],[0.264516,0.517436],[0.498597,0.275085],[0.373037,0.735871],[0.478866,0.735871],[0.284247,0.562079],[0.469001,0.450471],[0.399942,0.409015],[0.49813,0.478994],[0.485472,0.62366],[0.434839,0.681526],[0.593971,0.763503],[0.444785,0.427558],[0.602109,0.634912],[0.329956,0.663844],[0.472814,0.397018],[0.491801,0.779578],[0.504459,0.324685],[0.511693,0.863161],[0.975,0.822976]]"
915c1a3ff8569ad9a0dfbcbb,frames/915c1a3ff8569ad9a0dfbcbb.png,"[[0.31953,0.679584],[0.481998,0.368361],[0.497112,0.500463],[0.585271,0.247455],[0.631875,0.811686],[0.533636,0.59898],[0.725073,0.43777],[0.576458,0.451205],[0.694844,0.778101],[0.649505,0.762428]]"
9160977a082a72f48d87ac94,frames/9160977a082a72f48d87ac94.png,"[[0.218777,0.311756],[0.224158,0.409015],[0.170346,0.665717],[0.153305,0.951118],[0.029539,0.598751],[0.848375,0.828347],[0.738059,0.648178],[0.537162,0.775732],[0.359584,0.534975],[0.486937,0.388288],[0.635816,0.904879],[0.687834,0.300594],[0.857344,0.431338],[0.163171,0.283056],[0.242095,0.509464],[0.38918,0.428149]]"
9179fb6852188dbdee5b33e6,frames/9179fb6852188dbdee5b33e6.png,"[[0.240301,0.660933],[0.556893,0.326106],[0.430435,0.149125],[0.728193,0.673689],[0.740445,0.424343],[0.855273,0.273249],[0.764965,0.45366],[0.773898,0.046606],[0.538817,0.191271],[0.755099,0.066215],[0.378417,0.110859],[0.435816,0.892125],[0.632135,0.445539],[0.326399,0.468008],[0.443888,0.316539],[0.425055,0.790082],[0.277072,0.506275],[0.295906,0.729493],[0.37752,0.813997],[0.300391,0.503086],[0.366759,0.401043],[0.442977,0.533646],[0.40681,0.540075],[0.57408,0.622053],[0.474622,0.544897],[0.572271,0.480601],[0.366123,0.562579],[0.387823,0.371299],[0.490897,0.66706],[0.51983,0.342367],[0.528872,0.633304],[0.953828,0.821369],[0.43936,0.416307],[0.511693,0.890488]]"
9187c1a0d8548bd975ca8df1,frames/9187c1a0d8548bd975ca8df1.png,"[[0.662099,0.704213],[0.480739,0.368361],[0.494593,0.480312],[0.571417,0.276561],[0.741443,0.59898],[0.362351,0.737798],[0.284266,0.605696],[0.605422,0.851988],[0.408951,0.148938],[0.665875,0.594502]]"
91d6d7a793c655db28f2784d,frames/91d6d7a793c655db28f2784d.png,"[[0.473799,0.498503],[0.492543,0.833674],[0.575234,0.535744],[0.550979,0.39854],[0.530029,0.561225],[0.611724,0.431054],[0.696104,0.527331],[0.503409,0.144459],[0.712479,0.417619],[0.764115,0.43777]]"
9203524cb8527245c4f910ed,frames/9203524cb8527245c4f910ed.png,"[[0.527339,0.867661],[0.687286,0.778101],[0.348497,0.227303],[0.322049,0.558678],[0.589052,0.184762],[0.723812,0.269844],[0.718776,0.469117],[0.557568,0.084006],[0.308195,0.471356],[0.605422,0.838555]]"
921d476e1d3a808b20800e7a,frames/921d476e1d3a808b20800e7a.png,"[[0.442929,0.618067],[0.496953,0.837594],[0.745021,0.765071],[0.485928,0.329937],[0.548771,0.555344],[0.609203,0.366122],[0.703661,0.590023],[0.66462,0.106396],[0.717516,0.426576],[0.757818,0.43777]]"
92589cfd41101e12102b0ef7,frames/92589cfd41101e12102b0ef7.png,"[[0.195458,0.314944],[0.219673,0.405826],[0.173037,0.665717],[0.183798,0.898503],[0.128193,0.488736],[0.856445,0.880964],[0.467207,0.644989],[0.524606,0.855453],[0.484247,0.332483],[0.502184,0.41061],[0.582005,0.858642],[0.695906,0.283056],[0.808016,0.579618],[0.133574,0.305378],[0.910258,0.096509],[0.396355,0.380315]]"
92805d89ac1422b868432cfe,frames/92805d89ac1422b868432cfe.png,"[[0.725073,0.641521],[0.480739,0.372839],[0.489555,0.478073],[0.607943,0.578829],[0.749,0.57435],[0.36361,0.408663],[0.339681,0.247455],[0.606682,0.851988],[0.349757,0.175806],[0.663359,0.59898]]"
92918b606243928c9a32245d,frames/92918b606243928c9a32245d.png,"[[0.03761,0.214496],[0.513844,0.651367],[0.441198,0.45366],[0.896805,0.657744],[0.316534,0.68485],[0.807117,0.225657],[0.629538,0.118831],[0.943437,0.263924],[0.741646,0.188986],[0.451063,0.044444]]"
92d0c44f2390338642f4755a,frames/92d0c44f2390338642f4755a.png,"[[0.711219,0.417619],[0.480739,0.372839],[0.495853,0.487029],[0.575198,0.276561],[0.639427,0.771383],[0.36487,0.822881],[0.591568,0.634804],[0.538673,0.798252],[0.403913,0.903485],[0.648245,0.701974]]"
92d76cc7bdc346b00f970f7d,frames/92d76cc7bdc346b00f970f7d.png,"[[0.725073,0.641521],[0.480739,0.368361],[0.489555,0.480312],[0.610464,0.585545],[0.74774,0.578829],[0.358573,0.417619],[0.338422,0.236259],[0.601646,0.851988],[0.348497,0.171328],[0.66462,0.594502]]"
92de9753afa6c07de557e7b5,frames/92de9753afa6c07de557e7b5.png,"[[0.205323,0.326106],[0.214292,0.409015],[0.229538,0.547729],[0.192767,0.672094],[0.238507,0.928796],[0.292319,0.498303],[0.399942,0.351617],[0.399942,0.444093],[0.867203,0.955556],[0.471691,0.370749],[0.457341,0.472792],[0.502184,0.834725],[0.516534,0.311756],[0.498597,0.444093],[0.545234,0.520625],[0.542543,0.786893],[0.539852,0.472792],[0.646579,0.81081],[0.616086,0.222468],[0.673485,0.303783],[0.695906,0.613101]]"
92e3a3585b5f09b5696e54c8,frames/92e3a3585b5f09b5696e54c8.png,"[[0.42198,0.337778],[0.398827,0.559265],[0.435211,0.661188],[0.608307,0.43382],[0.596182,0.657269],[0.662099,0.471356],[0.714995,0.498224],[0.618021,0.117591],[0.711219,0.422097],[0.752781,0.440009]]"
92ed1fe74d9e89a4bfebc05b,frames/92ed1fe74d9e89a4bfebc05b.png,"[[0.035817,0.442499],[0.025,0.73906],[0.155996,0.877775],[0.267207,0.365967],[0.335368,0.662528],[0.376623,0.922418],[0.371243,0.68485],[0.366759,0.609912],[0.418777,0.640206],[0.462723,0.326106],[0.458238,0.461631],[0.532677,0.289433],[0.4977,0.468008],[0.526399,0.694417],[0.501288,0.73906],[0.550615,0.345239],[0.590973,0.450471],[0.57752,0.820375],[0.631332,0.807621],[0.669001,0.086943],[0.690525,0.420176],[0.728193,0.673689],[0.516213,0.144657],[0.768473,0.215382],[0.766759,0.447282],[0.857078,0.184842],[0.448373,0.370749]]"
92f921fdf461542a1aa4bf1f,frames/92f921fdf461542a1aa4bf1f.png,"[[0.483722,0.827794],[0.559797,0.808193],[0.562,0.904236],[0.595078,0.555344],[0.437416,0.474982],[0.411469,0.388512],[0.634391,0.569872],[0.819531,0.386273],[0.738927,0.419858],[0.765375,0.448966]]"
93238633cd44ed2617729805,frames/93238633cd44ed2617729805.png,"[[0.334643,0.601219],[0.772932,0.581068],[0.351016,0.278801],[0.412729,0.59898],[0.68351,0.207152],[0.730109,0.258649],[0.721292,0.457921],[0.513484,0.126548],[0.575198,0.746755],[0.586531,0.827359]]"
9337e0a37e3486666c95b326,frames/9337e0a37e3486666c95b326.png,"[[0.592828,0.630326],[0.481998,0.372839],[0.493333,0.478073],[0.572677,0.276561],[0.649505,0.726604],[0.345978,0.762428],[0.575198,0.722125],[0.534895,0.80273],[0.358573,0.883334],[0.654542,0.66615]]"
933d86e2509440afbcdca787,frames/933d86e2509440afbcdca787.png,"[[0.883305,0.432381],[0.605725,0.46935],[0.599396,0.6542],[0.808258,0.6542],[0.956539,0.432381],[0.914945,0.567401],[0.233126,0.845886],[0.025,0.34326],[0.881492,0.668667],[0.08335,0.721522],[0.307566,0.625857],[0.951508,0.887342],[0.432229,0.755004],[0.388283,0.477575],[0.869898,0.60194],[0.45196,0.576429],[0.768646,0.583365],[0.386015,0.360047],[0.348821,0.778921],[0.614292,0.370749],[0.733574,0.705578],[0.437552,0.657415],[0.400839,0.570051],[0.310256,0.466414],[0.773037,0.73906],[0.055548,0.351617],[0.425951,0.458442],[0.282453,0.402638],[0.31205,0.289433],[0.240301,0.394665],[0.124606,0.557296],[0.147924,0.447282],[0.864516,0.283056],[0.919227,0.495114],[0.929984,0.632235],[0.086041,0.43931],[0.03761,0.609912],[0.960477,0.372343],[0.025,0.416988]]"
9349eef8616682028a596c99,frames/9349eef8616682028a596c99.png,"[[0.045682,0.555701],[0.029539,0.447282],[0.074382,0.750221],[0.14613,0.820375],[0.186489,0.740654],[0.201736,0.841103],[0.149718,0.955556],[0.13178,0.262329],[0.401736,0.163475],[0.305772,0.340456],[0.175727,0.554107],[0.272588,0.660933],[0.269001,0.777326],[0.540749,0.865019],[0.62057,0.255951],[0.57214,0.568457],[0.685144,0.592374],[0.706669,0.81081],[0.75779,0.60194],[0.568552,0.137964],[0.73178,0.431338],[0.766759,0.064621],[0.77483,0.361183],[0.80622,0.394665],[0.766759,0.238413],[0.862719,0.41061],[0.682453,0.125209],[0.073485,0.65615],[0.43761,0.845886],[0.9255,0.096509],[0.038507,0.254357],[0.754202,0.165069],[0.710256,0.055054],[0.975,0.562079]]"
9357c18d0cfbd8bcc6f77d6b,frames/9357c18d0cfbd8bcc6f77d6b.png,"[[0.38754,0.697496],[0.774188,0.538526],[0.352276,0.28104],[0.395097,0.614653],[0.669656,0.099679],[0.726333,0.25641],[0.717516,0.478073],[0.513484,0.146699],[0.47948,0.670628],[0.585271,0.827359]]"
93b19c992091861769f7ea1c,frames/93b19c992091861769f7ea1c.png,"[[0.120122,0.525408],[0.117431,0.828347],[0.240301,0.651367],[0.187386,0.409015],[0.119225,0.643394],[0.596355,0.187392],[0.596355,0.217685],[0.413395,0.860236],[0.506669,0.716739],[0.558687,0.181013],[0.701288,0.696011],[0.736265,0.13637],[0.780211,0.351617],[0.797252,0.232035],[0.686938,0.401043],[0.871688,0.208118],[0.180211,0.71355],[0.448373,0.635422],[0.767655,0.23044],[0.164068,0.566862],[0.975,0.801243],[0.547027,0.90169],[0.134471,0.939957],[0.281556,0.866614],[0.274382,0.735871],[0.647476,0.114048],[0.317431,0.044444],[0.548821,0.044444]]"
93edd1d3ae08808cadf59d61,frames/93edd1d3ae08808cadf59d61.png,"[[0.335903,0.558678],[0.402653,0.762428],[0.458069,0.249694],[0.718776,0.240737],[0.6155,0.569872],[0.667135,0.216108],[0.61424,0.043519],[0.563865,0.218347],[0.641948,0.446727],[0.3422,0.328059]]"
943456e4b53f3e519140a460,frames/943456e4b53f3e519140a460.png,"[[0.025,0.75341],[0.173934,0.576429],[0.253754,0.475981],[0.614292,0.129992],[0.337162,0.678472],[0.584695,0.509464],[0.582005,0.047082],[0.653754,0.236818],[0.72909,0.676878],[0.557805,0.223419],[0.822727,0.225026],[0.77214,0.455254],[0.806445,0.117331],[0.66992,0.366476],[0.356893,0.436121],[0.654651,0.487142],[0.596684,0.242708],[0.466484,0.342367],[0.527296,0.45366],[0.354202,0.828347],[0.465413,0.350022],[0.245682,0.169852],[0.592767,0.337267],[0.33178,0.890531],[0.413395,0.523814],[0.367655,0.718333],[0.442991,0.338861],[0.303978,0.657744],[0.526399,0.499897],[0.459135,0.756599],[0.367655,0.644989],[0.554797,0.479111],[0.570085,0.56864],[0.595265,0.646978],[0.500841,0.503093],[0.65192,0.923556],[0.417207,0.778072]]"
944f7adef027ea913bdedc1a,frames/944f7adef027ea913bdedc1a.png,"[[0.147924,0.528597],[0.109359,0.887342],[0.251063,0.637017],[0.199942,0.416988],[0.133574,0.721522],[0.614292,0.187392],[0.54344,0.233629],[0.425951,0.672094],[0.590973,0.147531],[0.698597,0.750221],[0.734471,0.133181],[0.770346,0.378721],[0.788283,0.16188],[0.638507,0.509464],[0.799942,0.185797],[0.201736,0.777326],[0.445682,0.624262],[0.182902,0.55889],[0.975,0.836319],[0.100391,0.955556],[0.24927,0.785299],[0.330884,0.688039],[0.63761,0.10767],[0.314741,0.083754],[0.547924,0.051865]]"
9454cee131de21a49d114c92,frames/9454cee131de21a49d114c92.png,"[[0.584016,0.64376],[0.47948,0.3706],[0.493333,0.478073],[0.572677,0.276561],[0.665875,0.722125],[0.304417,0.737798],[0.604167,0.843032],[0.52356,0.883334],[0.3422,0.807208],[0.66462,0.648238]]"
9455f0db55736bf524d539c1,frames/9455f0db55736bf524d539c1.png,"[[0.684247,0.442499],[0.664516,0.306972],[0.183798,0.354806],[0.251063,0.531786],[0.865414,0.498303],[0.419673,0.79646],[0.494113,0.621074],[0.816984,0.480764],[0.387386,0.651367],[0.467207,0.370749],[0.564965,0.483953],[0.025054,0.852264],[0.25196,0.267112],[0.630435,0.276679],[0.119225,0.688039],[0.605323,0.416988],[0.506268,0.509535],[0.420373,0.551328],[0.489993,0.454883],[0.372452,0.800474]]"
9494e651952bafbc6516b9f4,frames/9494e651952bafbc6516b9f4.png,"[[0.903078,0.200146],[0.866312,0.60194],[0.218777,0.523814],[0.716534,0.624262],[0.823258,0.568457],[0.319225,0.568457],[0.799045,0.044444],[0.741646,0.6992],[0.782005,0.668906],[0.025,0.659339],[0.298597,0.498303],[0.12909,0.643394],[0.503081,0.416988],[0.56048,0.372343],[0.664516,0.716739],[0.493216,0.227251],[0.469001,0.455254],[0.55779,0.579618],[0.486376,0.567401],[0.464516,0.665717],[0.537162,0.621074],[0.414292,0.603535],[0.63761,0.55889],[0.428641,0.480764],[0.722813,0.461631],[0.408014,0.343644],[0.513844,0.520625],[0.445682,0.509464],[0.467207,0.361183],[0.364068,0.377126],[0.37214,0.445687],[0.779314,0.750221],[0.817883,0.598751],[0.129987,0.576429],[0.810703,0.498303],[0.869898,0.523814],[0.897703,0.57324],[0.089628,0.488736],[0.906672,0.402638],[0.969445,0.511058],[0.975,0.45366]]"
94a55edac9caaf9b15a06ece,frames/94a55edac9caaf9b15a06ece.png,"[[0.689807,0.289995],[0.480739,0.3706],[0.493333,0.478073],[0.580234,0.276561],[0.630615,0.75795],[0.376205,0.798252],[0.717516,0.460161],[0.519782,0.737798],[0.435399,0.863183],[0.644469,0.701974]]"
94a5ae300a99c579a7d7f421,frames/94a5ae300a99c579a7d7f421.png,"[[0.081557,0.377126],[0.199045,0.299],[0.646579,0.047082],[0.495009,0.928796],[0.477969,0.821969],[0.861828,0.806026],[0.029539,0.847481],[0.352409,0.495114],[0.478866,0.082159],[0.855547,0.343644],[0.186489,0.185797],[0.455548,0.598751],[0.815188,0.058243],[0.904875,0.129992],[0.844789,0.275085],[0.440301,0.885747],[0.897703,0.3277],[0.608911,0.147531],[0.646579,0.174636],[0.967656,0.350022],[0.966758,0.747032]]"
94ba3dab4356f8ad13e009ef,frames/94ba3dab4356f8ad13e009ef.png,"[[0.058238,0.554107],[0.104875,0.76776],[0.173934,0.820375],[0.176623,0.727899],[0.246579,0.755004],[0.095906,0.933579],[0.171243,0.361183],[0.474382,0.350022],[0.323709,0.431338],[0.148821,0.584401],[0.295009,0.651367],[0.338059,0.727899],[0.551512,0.877775],[0.604427,0.188986],[0.527296,0.442499],[0.669001,0.762976],[0.714741,0.900097],[0.823258,0.751815],[0.551512,0.169852],[0.755996,0.499897],[0.764068,0.051865],[0.781108,0.354806],[0.810703,0.380315],[0.747924,0.270301],[0.854648,0.348428],[0.121019,0.676878],[0.469001,0.762976],[0.847477,0.163475],[0.076175,0.338861],[0.80622,0.075782],[0.941648,0.603535],[0.624158,0.869803],[0.226848,0.955556]]"
94c7d75c0fa643afb3e3a90e,frames/94c7d75c0fa643afb3e3a90e.png,"[[0.303157,0.386273],[0.701141,0.766906],[0.3422,0.316864],[0.499631,0.3706],[0.670917,0.482551],[0.735146,0.195957],[0.764115,0.319103],[0.513484,0.135504],[0.638172,0.827359],[0.546229,0.838555]]"
94f9a7f0f7a2ccb4734a779b,frames/94f9a7f0f7a2ccb4734a779b.png,"[[0.046955,0.668667],[0.510383,0.484981],[0.318202,0.424343],[0.404098,0.372907],[0.53068,0.626875],[0.025,0.591512],[0.616575,0.451669],[0.572271,0.588297],[0.349718,0.536569],[0.151838,0.445239],[0.605725,0.66706],[0.102184,0.621074],[0.147924,0.812403],[0.823258,0.450471],[0.695009,0.696011],[0.858578,0.541006],[0.879766,0.461631],[0.886922,0.671882],[0.975,0.524001],[0.845508,0.5738],[0.534471,0.683256],[0.85075,0.747429],[0.631332,0.635422],[0.626848,0.43931],[0.869,0.595562],[0.928195,0.747032],[0.679762,0.517436],[0.336265,0.646583],[0.190716,0.388981],[0.242095,0.646583],[0.755099,0.71355],[0.883352,0.751815],[0.194333,0.548112],[0.122812,0.416988],[0.085144,0.490331],[0.955992,0.813997],[0.025,0.251168],[0.025,0.399449]]"
951d9fa0d45eae8062e964f6,frames/951d9fa0d45eae8062e964f6.png,"[[0.227745,0.337267],[0.247476,0.394665],[0.170346,0.665717],[0.051063,0.691228],[0.782005,0.600346],[0.528193,0.696011],[0.618777,0.581212],[0.21788,0.791676],[0.652857,0.900097],[0.684247,0.310161],[0.648373,0.475981],[0.257341,0.294217],[0.078866,0.578024],[0.57214,0.517436],[0.223261,0.306972]]"
955e11d5916b8c37b4ce4ed0,frames/955e11d5916b8c37b4ce4ed0.png,"[[0.025,0.751815],[0.202633,0.589185],[0.232229,0.531786],[0.605323,0.131586],[0.259135,0.6992],[0.600839,0.621074],[0.581108,0.044444],[0.642991,0.225657],[0.72909,0.676878],[0.558709,0.234671],[0.824531,0.231456],[0.77214,0.445687],[0.803736,0.107687],[0.66992,0.366476],[0.384695,0.348428],[0.654651,0.466414],[0.596684,0.242708],[0.279762,0.10767],[0.566759,0.386693],[0.401736,0.491925],[0.340749,0.841103],[0.43492,0.338861],[0.295906,0.829942],[0.425055,0.73906],[0.522423,0.565443],[0.52602,0.490303],[0.561092,0.562246],[0.411812,0.621397],[0.664509,0.904371],[0.385732,0.677353],[0.481955,0.819639],[0.544005,0.365603]]"
9562be15923babe240e6d64f,frames/9562be15923babe240e6d64f.png,"[[0.946133,0.416988],[0.866312,0.60194],[0.922812,0.181013],[0.426848,0.578024],[0.162274,0.45366],[0.486041,0.640206],[0.599045,0.743843],[0.773934,0.550918],[0.897703,0.688039],[0.950617,0.643394],[0.423261,0.547729],[0.150615,0.584401],[0.867203,0.276679],[0.752409,0.676878],[0.134471,0.345239],[0.512947,0.73906],[0.888734,0.380315],[0.586489,0.625857],[0.35779,0.468008],[0.851961,0.627451],[0.547924,0.691228],[0.402633,0.506275],[0.168552,0.520625],[0.669001,0.735871],[0.550615,0.428149],[0.404427,0.326106],[0.626848,0.547729],[0.304875,0.405826],[0.611602,0.589185],[0.181674,0.39541],[0.721916,0.487142],[0.785592,0.423365],[0.737162,0.831536],[0.949719,0.238413],[0.137162,0.654556],[0.869898,0.750221],[0.137162,0.533381],[0.827742,0.343644],[0.123709,0.397854],[0.904875,0.534975],[0.274382,0.911257],[0.08335,0.468008],[0.046579,0.399449]]"
956c267fefef4a1188959e89,frames/956c267fefef4a1188959e89.png,"[[0.182005,0.361183],[0.287834,0.495114],[0.385592,0.729493],[0.906672,0.694417],[0.269898,0.802838],[0.618777,0.316539],[0.677072,0.348428],[0.025,0.565268],[0.388283,0.311756],[0.655548,0.58759],[0.153305,0.821969],[0.599045,0.681661],[0.801023,0.464528],[0.622,0.433988],[0.543338,0.686349],[0.447498,0.472565],[0.461964,0.135012],[0.025,0.456492],[0.708462,0.158691],[0.385592,0.432932],[0.63761,0.209712],[0.409808,0.877775],[0.422364,0.099698],[0.210705,0.898503]]"
9587b77dc93db14900d44121,frames/9587b77dc93db14900d44121.png,"[[0.573037,0.464819],[0.858234,0.729493],[0.642095,0.672094],[0.802633,0.461631],[0.536265,0.464819],[0.671691,0.896908],[0.581108,0.386693],[0.347924,0.464819],[0.503081,0.365967],[0.696803,0.129992],[0.458238,0.514247],[0.816984,0.405826],[0.242095,0.088537],[0.025,0.578024],[0.935367,0.520625]]"
95957938aae5a1edd7fcda4e,frames/95957938aae5a1edd7fcda4e.png,"[[0.741443,0.639281],[0.480739,0.377318],[0.490815,0.473594],[0.728849,0.473594],[0.743964,0.57435],[0.357314,0.43777],[0.740182,0.247455],[0.601646,0.84751],[0.348497,0.80273],[0.663359,0.592263]]"
959e3a34be1081550128c71c,frames/959e3a34be1081550128c71c.png,"[[0.832672,0.750644],[0.175727,0.617885],[0.057341,0.71355],[0.866312,0.603535],[0.130884,0.705578],[0.716937,0.491854],[0.633754,0.405054],[0.056444,0.509464],[0.564068,0.705578],[0.957789,0.718333],[0.825953,0.590779],[0.672588,0.472792],[0.432229,0.506275],[0.210705,0.579618],[0.975,0.394665],[0.498597,0.24479],[0.528193,0.447282],[0.552409,0.554107],[0.756893,0.609912],[0.627745,0.579618],[0.552409,0.468008],[0.484247,0.3564],[0.680659,0.343644],[0.500391,0.614696],[0.413395,0.337267],[0.35779,0.506275],[0.564068,0.702389],[0.340749,0.334078],[0.675279,0.468008],[0.425951,0.613101],[0.763171,0.691228],[0.721019,0.397854],[0.025,0.225657],[0.856445,0.640206],[0.241349,0.398625],[0.135368,0.629046],[0.837609,0.431338],[0.065413,0.412204],[0.125502,0.565268],[0.0786,0.274856]]"
959f1366544cb53bd32de0b0,frames/959f1366544cb53bd32de0b0.png,"[[0.025,0.742249],[0.24927,0.638611],[0.276175,0.721522],[0.607117,0.117237],[0.309359,0.81081],[0.353305,0.885747],[0.586489,0.044444],[0.630435,0.163475],[0.728193,0.676878],[0.571367,0.228242],[0.842617,0.242708],[0.77214,0.447282],[0.780228,0.085183],[0.650029,0.400232],[0.641198,0.468008],[0.6003,0.258782],[0.265413,0.118831],[0.51205,0.534975],[0.425055,0.383504],[0.507135,0.834028],[0.560193,0.387985],[0.616848,0.736506],[0.448682,0.29366],[0.390229,0.638983],[0.60066,0.389583],[0.715637,0.955556],[0.079763,0.828347],[0.520122,0.305378],[0.458238,0.643394],[0.45196,0.857047],[0.410705,0.90169],[0.724606,0.911257],[0.533574,0.933579]]"
95c4778318f37d9a4559dfde,frames/95c4778318f37d9a4559dfde.png,"[[0.442991,0.90169],[0.755099,0.935174],[0.60353,0.483953],[0.888734,0.683256],[0.916531,0.539758],[0.77214,0.388288],[0.514741,0.361183],[0.179314,0.696011],[0.874383,0.777326],[0.598148,0.211307],[0.405323,0.131586],[0.476175,0.27349],[0.691422,0.114048],[0.44927,0.464819],[0.975,0.409015]]"
95d0322fadcf842433fc79de,frames/95d0322fadcf842433fc79de.png,"[[0.27419,0.540765],[0.362351,0.782579],[0.464366,0.247455],[0.513484,0.245215],[0.510966,0.560917],[0.669656,0.592263],[0.669656,0.448966],[0.570161,0.433293],[0.558823,0.527331],[0.693583,0.522853]]"
95deaa58bdfff3bdcf02a45b,frames/95deaa58bdfff3bdcf02a45b.png,"[[0.256445,0.702389],[0.555996,0.354806],[0.465413,0.110859],[0.72909,0.676878],[0.735924,0.424343],[0.857078,0.274856],[0.764965,0.45366],[0.764857,0.051428],[0.585834,0.270033],[0.764068,0.085348],[0.373037,0.10767],[0.333574,0.841103],[0.644725,0.479111],[0.58897,0.864404],[0.364068,0.593968],[0.378417,0.955556],[0.428641,0.310161],[0.549718,0.225657],[0.480659,0.778921],[0.264516,0.517436],[0.501288,0.23044],[0.405323,0.76776],[0.481556,0.710361],[0.318328,0.58759],[0.440301,0.499897],[0.401736,0.405826],[0.471005,0.509535],[0.518022,0.689564],[0.470102,0.760289],[0.63285,0.855125],[0.462868,0.408269],[0.586738,0.726533],[0.376069,0.749038],[0.488184,0.416307],[0.485472,0.874414],[0.494513,0.335936]]"
95f0def685a94a65f779efcd,frames/95f0def685a94a65f779efcd.png,"[[0.484517,0.139981],[0.558823,0.634804],[0.461847,0.236259],[0.456809,0.169089],[0.38754,0.231781],[0.659578,0.319103],[0.610464,0.231781],[0.571417,0.410903],[0.526079,0.867661],[0.537414,0.200435]]"
95f8c754ba39d051586d0b72,frames/95f8c754ba39d051586d0b72.png,"[[0.214292,0.310161],[0.224158,0.402638],[0.169449,0.662528],[0.153305,0.947929],[0.030435,0.600346],[0.848375,0.825158],[0.726399,0.640206],[0.536265,0.772543],[0.366759,0.520625],[0.488731,0.397854],[0.632229,0.903285],[0.684247,0.303783],[0.85375,0.447282],[0.168552,0.283056],[0.268104,0.498303],[0.385592,0.421771]]"
9647ad0a4a2047e11bbabe68,frames/9647ad0a4a2047e11bbabe68.png,"[[0.305676,0.518375],[0.686031,0.807208],[0.344719,0.312386],[0.509706,0.325819],[0.743964,0.581068],[0.692328,0.126548],[0.741443,0.200435],[0.518522,0.157894],[0.646984,0.782579],[0.405172,0.737798]]"
965907a246c1d11568a4fd55,frames/965907a246c1d11568a4fd55.png,"[[0.122812,0.468008],[0.183798,0.276679],[0.65196,0.080565],[0.492319,0.442499],[0.685144,0.394665],[0.747924,0.461631],[0.211602,0.187392],[0.915641,0.354806],[0.821469,0.125209],[0.739852,0.270301],[0.594561,0.165069],[0.962273,0.416988],[0.667207,0.735871],[0.34344,0.506275],[0.826852,0.184203],[0.807117,0.73906],[0.109359,0.718333],[0.97393,0.077376],[0.975,0.181013]]"
965a4225333f4cecf7eb9458,frames/965a4225333f4cecf7eb9458.png,"[[0.662688,0.480601],[0.470102,0.501499],[0.531584,0.536861],[0.634659,0.6542],[0.75672,0.490246],[0.693429,0.573831],[0.32909,0.665717],[0.075888,0.464528],[0.704278,0.659022],[0.142543,0.828347],[0.869,0.547729],[0.453754,0.624262],[0.880586,0.908169],[0.605323,0.755004],[0.510256,0.377126],[0.869898,0.605129],[0.914742,0.818781],[0.583798,0.578024],[0.535368,0.651367],[0.291982,0.348796],[0.280659,0.716739],[0.742543,0.611507],[0.818773,0.721522],[0.266666,0.634912],[0.243888,0.468008],[0.208014,0.595562],[0.949719,0.802838],[0.058238,0.337267],[0.18918,0.377126],[0.123709,0.517436],[0.107566,0.420176],[0.061826,0.506275],[0.025054,0.477575],[0.025,0.432932],[0.975,0.345239]]"
966e7e60f67854d7a12e663d,frames/966e7e60f67854d7a12e663d.png,"[[0.914742,0.225657],[0.866312,0.60194],[0.26631,0.605129],[0.651063,0.660933],[0.775727,0.654556],[0.956891,0.531786],[0.348821,0.584401],[0.856273,0.148828],[0.68335,0.716739],[0.755099,0.702389],[0.118328,0.649772],[0.333574,0.483953],[0.187386,0.71355],[0.376623,0.436121],[0.613395,0.464819],[0.575727,0.758193],[0.416983,0.196957],[0.487834,0.468008],[0.493216,0.562079],[0.433935,0.470958],[0.506669,0.609912],[0.61788,0.593968],[0.709359,0.919229],[0.354202,0.643394],[0.671691,0.590779],[0.340749,0.544542],[0.735368,0.445687],[0.355996,0.3277],[0.53178,0.472792],[0.408911,0.578024],[0.338955,0.41061],[0.288731,0.420176],[0.286041,0.472792],[0.831336,0.705578],[0.868102,0.640206],[0.073485,0.578024],[0.878867,0.579618],[0.903977,0.491925],[0.955992,0.517436],[0.025,0.528597]]"
9670b4b107d1284cb96ba7f3,frames/9670b4b107d1284cb96ba7f3.png,"[[0.144337,0.799649],[0.51205,0.388288],[0.364068,0.554107],[0.469898,0.43931],[0.260032,0.955556],[0.615189,0.412204],[0.432229,0.409015],[0.2977,0.788488],[0.468104,0.794865],[0.382005,0.372343],[0.125502,0.420176],[0.596355,0.337267],[0.52909,0.362778],[0.376623,0.372343]]"
9671c48bfe6d124fd44e9216,frames/9671c48bfe6d124fd44e9216.png,"[[0.025,0.745437],[0.213395,0.61629],[0.260032,0.57324],[0.594561,0.094915],[0.225055,0.75341],[0.554202,0.732682],[0.583798,0.044444],[0.63492,0.211307],[0.72909,0.676878],[0.556901,0.234671],[0.830859,0.231456],[0.77214,0.447282],[0.793791,0.101257],[0.6654,0.384158],[0.411602,0.310161],[0.652857,0.468008],[0.594875,0.247531],[0.275279,0.074187],[0.569449,0.416988],[0.460032,0.442499],[0.390077,0.955556],[0.440301,0.337267],[0.280659,0.955556],[0.349718,0.888936],[0.524222,0.696538],[0.581776,0.50629],[0.406416,0.787665],[0.662711,0.859607],[0.410913,0.523876],[0.481056,0.702933],[0.585373,0.35601],[0.717431,0.955556],[0.025,0.844292]]"
9674ed55c206127474e26c6f,frames/9674ed55c206127474e26c6f.png,"[[0.201736,0.469603],[0.170346,0.668906],[0.231332,0.528597],[0.62057,0.506275],[0.269001,0.812403],[0.547027,0.498303],[0.13178,0.955556],[0.586489,0.321322],[0.612498,0.431338],[0.486937,0.391476],[0.077072,0.085348],[0.294112,0.735871],[0.225055,0.911257],[0.425951,0.936768],[0.439404,0.306972]]"
967a98c8b945007f857ad618,frames/967a98c8b945007f857ad618.png,"[[0.570161,0.811686],[0.652026,0.75795],[0.424064,0.09744],[0.43288,0.813925],[0.596609,0.187001],[0.692328,0.258649],[0.721292,0.466878],[0.494593,0.247455],[0.408951,0.549721],[0.703661,0.762428]]"
96a84762b70a0ca3ed549859,frames/96a84762b70a0ca3ed549859.png,"[[0.180211,0.361183],[0.292319,0.413799],[0.366759,0.72471],[0.914742,0.665717],[0.276175,0.791676],[0.615189,0.321322],[0.674382,0.332483],[0.025,0.554107],[0.676175,0.609912],[0.137162,0.863425],[0.600839,0.681661],[0.836289,0.458099],[0.631946,0.427558],[0.537913,0.692778],[0.447498,0.464528],[0.46558,0.141442],[0.711153,0.160286],[0.359584,0.442499],[0.661826,0.182608],[0.405323,0.868208],[0.421467,0.098103],[0.213395,0.890531],[0.426848,0.338861]]"
96aae1c5ff07284577457d6c,frames/96aae1c5ff07284577457d6c.png,"[[0.439621,0.604346],[0.495851,0.798393],[0.759354,0.743511],[0.480415,0.333857],[0.543259,0.553384],[0.607943,0.397469],[0.701141,0.592263],[0.655802,0.104157],[0.711219,0.426576],[0.757818,0.451205]]"
96b80c9ca5f0f1248a00cbf7,frames/96b80c9ca5f0f1248a00cbf7.png,"[[0.444215,0.57435],[0.481998,0.3706],[0.492074,0.518375],[0.59787,0.25641],[0.652026,0.892291],[0.657062,0.146699],[0.726333,0.276561],[0.626833,0.388512],[0.771672,0.603457],[0.667135,0.831837]]"
96c245ac0bee9c5f50f16850,frames/96c245ac0bee9c5f50f16850.png,"[[0.209808,0.409015],[0.175727,0.665717],[0.103081,0.622668],[0.690525,0.522219],[0.253754,0.852264],[0.60622,0.528597],[0.167655,0.821969],[0.659135,0.348428],[0.635816,0.428149],[0.034023,0.660933],[0.537162,0.450471],[0.069897,0.219279],[0.455548,0.461631],[0.21788,0.955556]]"
96c49590ce94ee2914567016,frames/96c49590ce94ee2914567016.png,"[[0.176623,0.362778],[0.211602,0.780515],[0.452857,0.71355],[0.896805,0.707172],[0.253754,0.825158],[0.609808,0.316539],[0.653754,0.399449],[0.030435,0.633829],[0.369449,0.310161],[0.612498,0.490331],[0.138955,0.780515],[0.719225,0.646583],[0.69162,0.54329],[0.496322,0.52561],[0.545147,0.573831],[0.416756,0.536861],[0.357986,0.376121],[0.462868,0.186449],[0.055092,0.308611],[0.733574,0.13637],[0.41788,0.421771],[0.627745,0.236818],[0.413395,0.871397],[0.432229,0.10767],[0.215189,0.928796]]"
97035c1382786eefce9c5b4d,frames/97035c1382786eefce9c5b4d.png,"[[0.216033,0.332722],[0.24927,0.397854],[0.225951,0.555701],[0.199045,0.6705],[0.265413,0.890531],[0.303081,0.503086],[0.407117,0.391476],[0.408014,0.456847],[0.878867,0.955556],[0.468104,0.397854],[0.481556,0.456847],[0.500391,0.81081],[0.517431,0.354806],[0.522812,0.444093],[0.54344,0.512653],[0.54613,0.785299],[0.562274,0.455254],[0.604427,0.777326],[0.643888,0.219279],[0.676175,0.3564],[0.6977,0.624262]]"
971c0fa7f5a4bd9f5bdf2190,frames/971c0fa7f5a4bd9f5bdf2190.png,"[[0.68351,0.305669],[0.480739,0.372839],[0.493333,0.478073],[0.581495,0.28104],[0.634391,0.751232],[0.367389,0.787056],[0.712479,0.448966],[0.52356,0.746755],[0.43414,0.874379],[0.654542,0.706453]]"
975494ba4af23cd79dd34ce0,frames/975494ba4af23cd79dd34ce0.png,"[[0.662099,0.697496],[0.481998,0.3706],[0.497112,0.478073],[0.556307,0.25641],[0.69988,0.659433],[0.386281,0.876618],[0.324568,0.684062],[0.601646,0.851988],[0.289303,0.381795],[0.66462,0.596741]]"
97574fc795e1f61037797fd3,frames/97574fc795e1f61037797fd3.png,"[[0.161377,0.495114],[0.103081,0.911257],[0.26631,0.643394],[0.224158,0.434526],[0.14613,0.79646],[0.611602,0.184203],[0.525502,0.227251],[0.616983,0.13637],[0.699494,0.766165],[0.73178,0.126803],[0.766759,0.397854],[0.773934,0.158691],[0.619673,0.531786],[0.801736,0.195362],[0.187386,0.844292],[0.455548,0.614696],[0.185592,0.565268],[0.975,0.841103],[0.096803,0.955556],[0.233126,0.802838],[0.326399,0.68485],[0.651063,0.110859],[0.306669,0.096509],[0.547924,0.051865]]"
975ec55d7e1263428344e5ec,frames/975ec55d7e1263428344e5ec.png,"[[0.543711,0.634804],[0.440437,0.791535],[0.475569,0.152432],[0.415248,0.87214],[0.388799,0.265367],[0.465626,0.296713],[0.47696,0.218347],[0.508447,0.487029],[0.68099,0.379556],[0.43414,0.195957]]"
979fc18dbdd825e2d11200c9,frames/979fc18dbdd825e2d11200c9.png,"[[0.582755,0.641521],[0.483258,0.3706],[0.494593,0.487029],[0.576458,0.278801],[0.672177,0.701974],[0.305676,0.751232],[0.584016,0.943788],[0.489555,0.899007],[0.373686,0.686301],[0.662099,0.639281]]"
97b22c446db40951ad717c3e,frames/97b22c446db40951ad717c3e.png,"[[0.340941,0.66615],[0.330865,0.751232],[0.459329,0.229543],[0.514744,0.220586],[0.510966,0.55196],[0.674693,0.607936],[0.658323,0.377318],[0.590312,0.292234],[0.585271,0.493746],[0.69988,0.549721]]"
97c57bcbd2e4015dbe468101,frames/97c57bcbd2e4015dbe468101.png,"[[0.636911,0.693019],[0.481998,0.377318],[0.494593,0.480312],[0.573938,0.260888],[0.670917,0.637043],[0.406432,0.863183],[0.474442,0.827359],[0.586531,0.854227],[0.309454,0.603457],[0.663359,0.605696]]"
97c9c1f1f27316750c052fc3,frames/97c9c1f1f27316750c052fc3.png,"[[0.412729,0.704213],[0.75026,0.630326],[0.354794,0.289995],[0.400134,0.614653],[0.628094,0.126548],[0.718776,0.260888],[0.718776,0.469117],[0.537414,0.110874],[0.447993,0.578829],[0.589052,0.827359]]"
980041b4e985866e546d16a1,frames/980041b4e985866e546d16a1.png,"[[0.025,0.740654],[0.248373,0.638611],[0.301288,0.732682],[0.622364,0.12202],[0.33178,0.802838],[0.315638,0.917635],[0.588283,0.044444],[0.632229,0.166664],[0.728193,0.676878],[0.581312,0.220204],[0.845328,0.244315],[0.77214,0.447282],[0.781132,0.091613],[0.646412,0.397018],[0.628641,0.461631],[0.6003,0.258782],[0.252857,0.120425],[0.493216,0.531786],[0.43761,0.377126],[0.482855,0.834028],[0.582675,0.351214],[0.621344,0.702933],[0.449581,0.311246],[0.397423,0.632589],[0.593466,0.367201],[0.720122,0.955556],[0.089628,0.817186],[0.520122,0.305378],[0.478866,0.643394],[0.43492,0.791676],[0.412498,0.829942],[0.678866,0.911257],[0.507566,0.882558],[0.553305,0.428149]]"
9817eaeb57ee97644ed4fc2b,frames/9817eaeb57ee97644ed4fc2b.png,"[[0.488296,0.686301],[0.481998,0.3706],[0.502149,0.500463],[0.591568,0.247455],[0.631875,0.831837],[0.620536,0.50718],[0.721292,0.451205],[0.576458,0.442248],[0.668396,0.659433],[0.644469,0.778101]]"
9818a04b481baf894700da3b,frames/9818a04b481baf894700da3b.png,"[[0.695009,0.343644],[0.676175,0.228846],[0.182005,0.361183],[0.337162,0.442499],[0.869,0.442499],[0.370346,0.829942],[0.493216,0.621074],[0.815188,0.509464],[0.335368,0.654556],[0.481556,0.354806],[0.597252,0.487142],[0.025,0.79646],[0.262723,0.27349],[0.609808,0.314944],[0.068104,0.807621],[0.639404,0.397854],[0.534297,0.52561],[0.437552,0.588297],[0.517117,0.475779],[0.382398,0.712067],[0.299215,0.390588],[0.475527,0.059465],[0.195237,0.044444]]"
981d07ff699a45f43cd3a179,frames/981d07ff699a45f43cd3a179.png,"[[0.094113,0.394665],[0.166759,0.644989],[0.339852,0.365967],[0.54344,0.428149],[0.243888,0.721522],[0.4977,0.416988],[0.150615,0.955556],[0.593664,0.401043],[0.447476,0.383504],[0.31205,0.743843],[0.231332,0.57324],[0.433126,0.914446],[0.387386,0.351617],[0.063619,0.483953],[0.566759,0.294217],[0.489628,0.316539]]"
981f5fe5f100976f84770c3f,frames/981f5fe5f100976f84770c3f.png,"[[0.212498,0.316539],[0.224158,0.409015],[0.176623,0.665717],[0.154202,0.94474],[0.030435,0.598751],[0.842094,0.839508],[0.726399,0.640206],[0.532677,0.799649],[0.37752,0.479169],[0.485144,0.397854],[0.628641,0.90169],[0.693216,0.294217],[0.874383,0.464819],[0.155099,0.270301],[0.2977,0.487142],[0.402633,0.36756]]"
98399d94053aa34b7571b543,frames/98399d94053aa34b7571b543.png,"[[0.712479,0.661672],[0.47948,0.3706],[0.494593,0.473594],[0.446734,0.478073],[0.749,0.57435],[0.327086,0.426576],[0.347238,0.227303],[0.606682,0.851988],[0.367389,0.169089],[0.662099,0.603457]]"
98413e489eb4282d52f29da2,frames/98413e489eb4282d52f29da2.png,"[[0.521041,0.558678],[0.641948,0.773623],[0.379983,0.16685],[0.521041,0.858706],[0.599125,0.178044],[0.653281,0.171328],[0.720031,0.466878],[0.493333,0.276561],[0.408951,0.558678],[0.718776,0.737798]]"
98820224d113c410d03cfcb9,frames/98820224d113c410d03cfcb9.png,"[[0.527296,0.72471],[0.565862,0.627451],[0.293216,0.925607],[0.182005,0.359589],[0.656445,0.76776],[0.643888,0.055054],[0.347924,0.751815],[0.659135,0.659339],[0.595458,0.260735],[0.641198,0.539758],[0.490525,0.377126],[0.613395,0.321322],[0.491422,0.649772],[0.456311,0.487539],[0.405323,0.455254],[0.402633,0.397854],[0.077072,0.869803],[0.490525,0.318133],[0.445682,0.316539]]"
98b85cca367a5998499bf999,frames/98b85cca367a5998499bf999.png,"[[0.038507,0.401043],[0.154202,0.643394],[0.520122,0.416988],[0.201736,0.629046],[0.487834,0.412204],[0.17214,0.955556],[0.604427,0.409015],[0.443888,0.383504],[0.302184,0.75341],[0.332677,0.401043],[0.430435,0.914446],[0.386489,0.365967],[0.064516,0.491925],[0.571243,0.305378],[0.503081,0.321322]]"
98bd444a8b68b637541f22f0,frames/98bd444a8b68b637541f22f0.png,"[[0.581495,0.632565],[0.47822,0.3706],[0.497112,0.471356],[0.575198,0.278801],[0.662099,0.717647],[0.306935,0.737798],[0.602906,0.807208],[0.538673,0.858706],[0.3422,0.84751],[0.662099,0.652716]]"
98bf365431985b684b5faf0f,frames/98bf365431985b684b5faf0f.png,"[[0.492543,0.425981],[0.464979,0.765071],[0.565312,0.600426],[0.542157,0.443621],[0.55649,0.796432],[0.61424,0.431054],[0.701141,0.538526],[0.469404,0.155655],[0.712479,0.417619],[0.755297,0.43777]]"
98d2a0cf97e5288d053a2eb8,frames/98d2a0cf97e5288d053a2eb8.png,"[[0.059135,0.399449],[0.029539,0.727899],[0.138059,0.933579],[0.214292,0.442499],[0.340749,0.659339],[0.367655,0.825158],[0.415189,0.785299],[0.438507,0.707172],[0.434023,0.306972],[0.366759,0.649772],[0.578417,0.338861],[0.491422,0.547729],[0.525502,0.662528],[0.427745,0.511058],[0.547027,0.338861],[0.680659,0.247979],[0.542543,0.475981],[0.564068,0.691228],[0.622364,0.069404],[0.730884,0.466414],[0.730884,0.676878],[0.531584,0.200915],[0.793791,0.242708],[0.769449,0.447282],[0.853461,0.171982],[0.460032,0.554107],[0.037009,0.932279],[0.548763,0.379336],[0.483664,0.692778],[0.301288,0.842697],[0.419469,0.388981],[0.471005,0.724926],[0.591259,0.536861],[0.631946,0.239493],[0.504459,0.466136],[0.459252,0.768325]]"
98fa240854e1f3452e83efec,frames/98fa240854e1f3452e83efec.png,"[[0.31953,0.57659],[0.667135,0.831837],[0.347238,0.287756],[0.538673,0.357166],[0.727589,0.641521],[0.655802,0.106396],[0.730109,0.191479],[0.534895,0.160132],[0.667135,0.699735],[0.379983,0.679584]]"
990271c9129d2f326fd1b482,frames/990271c9129d2f326fd1b482.png,"[[0.347238,0.390751],[0.581495,0.818403],[0.308195,0.457921],[0.61424,0.858706],[0.610464,0.191479],[0.667135,0.195957],[0.756557,0.457921],[0.529857,0.307907],[0.417767,0.569872],[0.727589,0.614653]]"
99127af7bbf44628a3036a97,frames/99127af7bbf44628a3036a97.png,"[[0.084247,0.413799],[0.200839,0.316539],[0.642095,0.059837],[0.477072,0.955556],[0.459135,0.839508],[0.825055,0.890531],[0.025,0.847481],[0.353305,0.487142],[0.476175,0.160286],[0.842992,0.377126],[0.205323,0.147531],[0.914742,0.196957],[0.816984,0.260735],[0.42057,0.879369],[0.873484,0.310161],[0.632229,0.155503],[0.642991,0.182608],[0.954203,0.362778],[0.907562,0.593968],[0.344337,0.066215],[0.423261,0.523814]]"
9919b406bb7782f7d680824c,frames/9919b406bb7782f7d680824c.png,"[[0.598148,0.044444],[0.179314,0.365967],[0.975,0.405826],[0.204427,0.798054],[0.45196,0.705578],[0.900391,0.705578],[0.256445,0.829942],[0.607117,0.318133],[0.651063,0.399449],[0.032229,0.637017],[0.371243,0.321322],[0.608014,0.479169],[0.147924,0.778921],[0.735368,0.638611],[0.674441,0.554542],[0.499034,0.532039],[0.546955,0.559364],[0.41766,0.548112],[0.360698,0.382551],[0.463772,0.186449],[0.051476,0.282893],[0.74344,0.141153],[0.414292,0.405826],[0.625951,0.236818],[0.418777,0.865019],[0.432229,0.102887],[0.21788,0.951118]]"
992b22259215b94d0369ebff,frames/992b22259215b94d0369ebff.png,"[[0.226848,0.343644],[0.225055,0.405826],[0.170346,0.662528],[0.16048,0.955556],[0.040301,0.600346],[0.846578,0.732682],[0.639404,0.783704],[0.554202,0.657744],[0.347027,0.688039],[0.516534,0.303783],[0.627745,0.911257],[0.686041,0.306972],[0.718328,0.423365],[0.205323,0.281461],[0.173037,0.528597],[0.422364,0.522219],[0.287834,0.394665]]"
99325fdf6ab3d1a1c5d27bda,frames/99325fdf6ab3d1a1c5d27bda.png,"[[0.516004,0.155655],[0.557568,0.657194],[0.47948,0.236259],[0.43414,0.200435],[0.388799,0.227303],[0.643208,0.292234],[0.591568,0.209391],[0.571417,0.406424],[0.52356,0.867661],[0.533636,0.220586]]"
9937646bdbbce3aea191af0e,frames/9937646bdbbce3aea191af0e.png,"[[0.582755,0.641521],[0.483258,0.368361],[0.495853,0.473594],[0.577719,0.278801],[0.665875,0.717647],[0.311973,0.737798],[0.602906,0.818403],[0.528598,0.883334],[0.347238,0.822881],[0.66462,0.645999]]"
9978f8a01bdbc9f3a0f67e15,frames/9978f8a01bdbc9f3a0f67e15.png,"[[0.064516,0.509464],[0.181108,0.260735],[0.65196,0.080565],[0.468104,0.554107],[0.66362,0.389882],[0.730884,0.466414],[0.190973,0.160286],[0.876172,0.36756],[0.824156,0.094915],[0.564965,0.165069],[0.968555,0.477575],[0.595458,0.786893],[0.792767,0.16188],[0.793664,0.858642],[0.069897,0.644989],[0.968555,0.160286],[0.949719,0.220874],[0.500391,0.044444],[0.317431,0.044444],[0.345234,0.681661]]"
99a1e76bfe26dea2f0cb7f23,frames/99a1e76bfe26dea2f0cb7f23.png,"[[0.634391,0.285518],[0.590312,0.269844],[0.460588,0.204913],[0.354794,0.21163],[0.358573,0.269844],[0.544578,0.200182],[0.50089,0.18924],[0.560083,0.408663],[0.52356,0.84751],[0.397616,0.296713]]"
99c3b91240b873b303c2793a,frames/99c3b91240b873b303c2793a.png,"[[0.288731,0.665717],[0.547027,0.287839],[0.419673,0.21609],[0.72909,0.676878],[0.744966,0.424343],[0.849852,0.252351],[0.764965,0.455254],[0.775707,0.046606],[0.532488,0.112509],[0.775727,0.066215],[0.402633,0.155503],[0.469001,0.946335],[0.598862,0.44394],[0.307566,0.383504],[0.399942,0.292622],[0.239404,0.469603],[0.233126,0.6992],[0.344337,0.6705],[0.338094,0.408269],[0.472814,0.382551],[0.560517,0.379336],[0.44388,0.914599],[0.572271,0.353618],[0.410427,0.445239],[0.424893,0.385765],[0.58493,0.286107],[0.902289,0.794044],[0.346231,0.495068],[0.528872,0.594726],[0.438455,0.393803],[0.505363,0.480601],[0.037913,0.937101],[0.610246,0.766718],[0.575888,0.350403],[0.622,0.385765],[0.584025,0.286107],[0.555996,0.361656],[0.403194,0.933888],[0.507566,0.94474]]"
99d83c73459a6bc8ed6e6ee3,frames/99d83c73459a6bc8ed6e6ee3.png,"[[0.458069,0.610175],[0.484517,0.3706],[0.492074,0.522853],[0.59787,0.25641],[0.655802,0.903485],[0.668396,0.128786],[0.714995,0.269844],[0.626833,0.386273],[0.756557,0.659433],[0.670917,0.834076]]"
99f2911e42926bce7a390285,frames/99f2911e42926bce7a390285.png,"[[0.619276,0.592263],[0.480739,0.3706],[0.494593,0.487029],[0.573938,0.276561],[0.643208,0.751232],[0.362351,0.813925],[0.558823,0.713169],[0.542452,0.813925],[0.391318,0.907964],[0.653281,0.693019]]"
99f4046a8a4cc77902d8e41a,frames/99f4046a8a4cc77902d8e41a.png,"[[0.07408,0.400232],[0.0786,0.575439],[0.133754,0.491854],[0.102235,0.847094],[0.249487,0.258782],[0.272091,0.326292],[0.247678,0.496676],[0.249487,0.583475],[0.296503,0.440417],[0.30012,0.364869],[0.350615,0.3277],[0.324532,0.408269],[0.354369,0.478994],[0.320122,0.520625],[0.334471,0.576429],[0.425055,0.562079],[0.40622,0.691228],[0.507566,0.566862],[0.54613,0.466414],[0.571367,0.618837],[0.603917,0.466136],[0.58493,0.631697],[0.595458,0.691228],[0.642795,0.752251],[0.682453,0.520625],[0.718328,0.391476],[0.867203,0.603535],[0.926703,0.371299],[0.9255,0.483953],[0.933578,0.428149]]"
9a058610c84407796b075bef,frames/9a058610c84407796b075bef.png,"[[0.210705,0.488736],[0.17483,0.667311],[0.190077,0.578024],[0.65196,0.495114],[0.274382,0.798054],[0.567655,0.517436],[0.154202,0.841103],[0.594561,0.350022],[0.615189,0.436121],[0.507566,0.401043],[0.053754,0.106076],[0.301288,0.710361],[0.22057,0.925607]]"
9a434222a39e52106d707bcd,frames/9a434222a39e52106d707bcd.png,"[[0.740182,0.639281],[0.481998,0.368361],[0.489555,0.480312],[0.73137,0.466878],[0.74774,0.583306],[0.368648,0.448966],[0.764115,0.292234],[0.602906,0.84751],[0.378724,0.84751],[0.662099,0.590023]]"
9a541b52b76d4d39fd5ec922,frames/9a541b52b76d4d39fd5ec922.png,"[[0.233126,0.844292],[0.699494,0.785299],[0.501288,0.380315],[0.305772,0.879369],[0.624158,0.405826],[0.459135,0.498303],[0.306669,0.791676],[0.460929,0.58759],[0.355099,0.688039],[0.182005,0.365967],[0.544337,0.372343],[0.521916,0.542947],[0.351512,0.683256],[0.642095,0.316539],[0.451063,0.362778],[0.552836,0.286194]]"
9a86f68a8f91a34c1a00ab50,frames/9a86f68a8f91a34c1a00ab50.png,"[[0.458364,0.347578],[0.385597,0.592586],[0.462774,0.590626],[0.591771,0.427941],[0.564208,0.833674],[0.652026,0.466878],[0.716255,0.518375],[0.567641,0.126548],[0.712479,0.428815],[0.755297,0.43777]]"
9a8b209e26c3d9d1e96af581,frames/9a8b209e26c3d9d1e96af581.png,"[[0.481517,0.806233],[0.534439,0.825833],[0.565312,0.886595],[0.598385,0.561225],[0.445134,0.488703],[0.398875,0.502702],[0.641948,0.583306],[0.809453,0.298952],[0.733885,0.417619],[0.765375,0.453444]]"
9aa526f5385a834eca3cc8b5,frames/9aa526f5385a834eca3cc8b5.png,"[[0.625573,0.697496],[0.481998,0.377318],[0.494593,0.478073],[0.572677,0.269844],[0.674693,0.66615],[0.430361,0.831837],[0.497112,0.919158],[0.552526,0.84751],[0.308195,0.59898],[0.662099,0.601219]]"
9abfaec43fc6336a02d81d4a,frames/9abfaec43fc6336a02d81d4a.png,"[[0.025,0.691228],[0.345234,0.565268],[0.626848,0.391476],[0.586489,0.106076],[0.728193,0.676878],[0.714224,0.416307],[0.835383,0.276462],[0.764965,0.447282],[0.754912,0.06268],[0.639179,0.29736],[0.737162,0.080565],[0.557805,0.313433],[0.292319,0.209712],[0.34613,0.735871],[0.644725,0.551054],[0.648323,0.945939],[0.671704,0.600614],[0.366759,0.614696],[0.40622,0.885747],[0.435816,0.955556],[0.369449,0.71355],[0.427745,0.316539],[0.616086,0.321322],[0.504875,0.643394],[0.499494,0.678472],[0.375727,0.498303],[0.416983,0.691228],[0.578417,0.45366],[0.433126,0.775732],[0.46631,0.691228],[0.459135,0.613101],[0.025,0.896908],[0.418777,0.611507],[0.495009,0.606724],[0.537162,0.447282],[0.532677,0.222468],[0.503081,0.306972],[0.601736,0.831536],[0.439404,0.380315],[0.38511,0.914599],[0.533392,0.893703]]"
9acb4066ccf5e094204857ab,frames/9acb4066ccf5e094204857ab.png,"[[0.706669,0.581212],[0.856445,0.721522],[0.448373,0.885747],[0.704875,0.525408],[0.566759,0.874586],[0.345234,0.252762],[0.141646,0.629046],[0.477969,0.550918],[0.507566,0.593968],[0.184695,0.912851],[0.769449,0.735871],[0.029539,0.955556],[0.407117,0.554107]]"
9ad5e078bbebbf59186ef3a5,frames/9ad5e078bbebbf59186ef3a5.png,"[[0.110256,0.428149],[0.199045,0.3277],[0.639404,0.05346],[0.450166,0.841103],[0.786489,0.909662],[0.355099,0.487142],[0.502184,0.247979],[0.825953,0.397854],[0.218777,0.129992],[0.915641,0.25914],[0.8125,0.251168],[0.40622,0.874586],[0.843891,0.294217],[0.643888,0.192174],[0.957789,0.383504],[0.872586,0.531786],[0.359584,0.12202],[0.441198,0.542947],[0.709359,0.044444]]"
9ada1b7ff4729151279f15ef,frames/9ada1b7ff4729151279f15ef.png,"[[0.669656,0.695257],[0.480739,0.372839],[0.494593,0.478073],[0.568901,0.276561],[0.706182,0.654955],[0.390059,0.858706],[0.303157,0.684062],[0.602906,0.843032],[0.303157,0.312386],[0.66462,0.601219]]"
9ae916aa0673695387ebde3f,frames/9ae916aa0673695387ebde3f.png,"[[0.030435,0.710361],[0.277072,0.58759],[0.59187,0.289433],[0.68335,0.104481],[0.728193,0.676878],[0.629234,0.257174],[0.845328,0.258782],[0.768552,0.450471],[0.755816,0.078753],[0.681674,0.334329],[0.693216,0.177824],[0.587642,0.226633],[0.132677,0.137964],[0.321916,0.742249],[0.399942,0.696011],[0.671704,0.622997],[0.542207,0.694939],[0.552998,0.284068],[0.34613,0.676878],[0.561377,0.464819],[0.555099,0.386693],[0.540749,0.643394],[0.470795,0.622668],[0.58918,0.633829],[0.400839,0.477575],[0.461826,0.329294],[0.385592,0.592374],[0.52909,0.565268],[0.432229,0.420176],[0.534471,0.442499],[0.452857,0.672094],[0.454651,0.372343]]"
9b13a139468b5a49ecd76440,frames/9b13a139468b5a49ecd76440.png,"[[0.973719,0.470958],[0.685291,0.49989],[0.696141,0.609193],[0.88782,0.578653],[0.187386,0.865019],[0.94207,0.731356],[0.031332,0.637017],[0.215189,0.721522],[0.975,0.772543],[0.387386,0.696011],[0.330884,0.557296],[0.869898,0.595562],[0.392767,0.60194],[0.889625,0.550918],[0.421277,0.435594],[0.352409,0.678472],[0.46631,0.421771],[0.680659,0.676878],[0.523447,0.628482],[0.472588,0.565268],[0.402633,0.498303],[0.685144,0.6992],[0.044785,0.340456],[0.554202,0.458442],[0.378417,0.350022],[0.34344,0.306972],[0.315638,0.372343],[0.275279,0.533381],[0.271691,0.464819],[0.94075,0.160286],[0.84568,0.501492],[0.833125,0.705578],[0.248373,0.3564],[0.099494,0.632235],[0.849273,0.409015],[0.133574,0.442499],[0.134471,0.568457],[0.077072,0.27349],[0.93268,0.643394]]"
9b15d0ccf2b3163439de44bd,frames/9b15d0ccf2b3163439de44bd.png,"[[0.084247,0.354806],[0.19187,0.295811],[0.656445,0.044444],[0.507566,0.933579],[0.487834,0.823564],[0.860031,0.778921],[0.034023,0.857047],[0.34344,0.483953],[0.484247,0.069404],[0.849273,0.343644],[0.17483,0.195362],[0.880656,0.952712],[0.503081,0.593968],[0.802633,0.064621],[0.898594,0.114048],[0.856445,0.276679],[0.439404,0.911257],[0.896805,0.3277],[0.611602,0.142747],[0.645682,0.188986],[0.975,0.326106]]"
9b182183b168ed8715fa1abe,frames/9b182183b168ed8715fa1abe.png,"[[0.742703,0.639281],[0.480739,0.372839],[0.493333,0.482551],[0.557568,0.204913],[0.743964,0.581068],[0.3422,0.413142],[0.419026,0.160132],[0.602906,0.843032],[0.267893,0.446727],[0.66462,0.601219]]"
9b2730fd49e34edd185c02b5,frames/9b2730fd49e34edd185c02b5.png,"[[0.192767,0.334078],[0.213395,0.412204],[0.362274,0.514247],[0.173037,0.665717],[0.228641,0.919229],[0.289628,0.456847],[0.460929,0.321322],[0.347027,0.351617],[0.860031,0.900097],[0.408911,0.509464],[0.517431,0.852264],[0.450166,0.413799],[0.537162,0.512653],[0.564965,0.834725],[0.441198,0.475981],[0.700391,0.24479],[0.711153,0.606724],[0.025,0.57324]]"
9b2c1fd754b53fceaebec7b4,frames/9b2c1fd754b53fceaebec7b4.png,"[[0.411469,0.549721],[0.480739,0.372839],[0.499631,0.513897],[0.587792,0.25641],[0.639427,0.867661],[0.662099,0.388512],[0.720031,0.491506],[0.594089,0.457921],[0.689807,0.581068],[0.649505,0.798252]]"
9b333a5e6ccff0667600a133,frames/9b333a5e6ccff0667600a133.png,"[[0.711219,0.654955],[0.481998,0.3706],[0.490815,0.473594],[0.444215,0.500463],[0.75026,0.569872],[0.333384,0.417619],[0.339681,0.231781],[0.604167,0.858706],[0.36361,0.16685],[0.659578,0.601219]]"
9b493cf4115c8dc4e0d8ee26,frames/9b493cf4115c8dc4e0d8ee26.png,"[[0.6155,0.549721],[0.480739,0.3706],[0.495853,0.478073],[0.573938,0.272083],[0.641948,0.753471],[0.357314,0.822881],[0.563865,0.717647],[0.538673,0.807208],[0.397616,0.896769],[0.650766,0.693019]]"
9b498393cfe2604eb325e69b,frames/9b498393cfe2604eb325e69b.png,"[[0.199942,0.314944],[0.224158,0.409015],[0.171243,0.660933],[0.161377,0.917635],[0.043888,0.576429],[0.851961,0.879369],[0.566759,0.61629],[0.523709,0.845886],[0.43761,0.36756],[0.477969,0.409015],[0.596355,0.874586],[0.694112,0.283056],[0.864516,0.562079],[0.145234,0.270301],[0.863617,0.064621],[0.390077,0.432932]]"
9b4dac1fe729cce6f8137909,frames/9b4dac1fe729cce6f8137909.png,"[[0.031332,0.71355],[0.254651,0.654556],[0.427745,0.812403],[0.600839,0.185797],[0.677072,0.139558],[0.728193,0.676878],[0.619288,0.249137],[0.857984,0.252351],[0.773037,0.447282],[0.75672,0.085183],[0.681674,0.406663],[0.632229,0.3277],[0.610246,0.265211],[0.148821,0.106076],[0.362274,0.657744],[0.386489,0.542947],[0.677998,0.635786],[0.278718,0.621397],[0.573682,0.228113],[0.156893,0.751815],[0.486937,0.240007],[0.376623,0.890531],[0.56048,0.57324],[0.371243,0.378721],[0.578417,0.512653],[0.431332,0.542947],[0.402633,0.710361],[0.590077,0.321322],[0.485144,0.654556],[0.550615,0.36756],[0.522812,0.550918],[0.402633,0.421771],[0.547027,0.472792],[0.486937,0.455254],[0.477969,0.359589],[0.347924,0.887342],[0.509359,0.922418]]"
9b817d95957f684b95954999,frames/9b817d95957f684b95954999.png,"[[0.686031,0.316864],[0.480739,0.3706],[0.497112,0.482551],[0.580234,0.28104],[0.635651,0.75795],[0.349757,0.787056],[0.702401,0.448966],[0.526079,0.762428],[0.430361,0.883334],[0.652026,0.701974]]"
9b93f5c14582ca67093b86b9,frames/9b93f5c14582ca67093b86b9.png,"[[0.665875,0.704213],[0.481998,0.377318],[0.497112,0.480312],[0.557568,0.272083],[0.743964,0.569872],[0.335903,0.717647],[0.291822,0.527331],[0.609203,0.851988],[0.436658,0.131026],[0.667135,0.601219]]"
9bc002cc0be9dec37d7888d4,frames/9bc002cc0be9dec37d7888d4.png,"[[0.198148,0.337267],[0.216086,0.413799],[0.34613,0.475981],[0.173037,0.659339],[0.223261,0.917635],[0.265413,0.472792],[0.358687,0.361183],[0.858234,0.892125],[0.38918,0.501492],[0.513844,0.858642],[0.450166,0.391476],[0.537162,0.499897],[0.571243,0.844292],[0.455548,0.450471],[0.703978,0.251168],[0.725502,0.609912],[0.028642,0.531786],[0.975,0.228846]]"
9bc4533daa7f336b7dcb9210,frames/9bc4533daa7f336b7dcb9210.png,"[[0.576458,0.639281],[0.483258,0.372839],[0.494593,0.480312],[0.578974,0.278801],[0.669656,0.686301],[0.347238,0.84751],[0.534895,0.956481],[0.499631,0.878856],[0.305676,0.596741],[0.668396,0.612414]]"
9c044f9dae34b3abab184966,frames/9c044f9dae34b3abab184966.png,"[[0.230435,0.345239],[0.241198,0.412204],[0.170346,0.662528],[0.053754,0.649772],[0.809805,0.649772],[0.587386,0.729493],[0.588283,0.605129],[0.273485,0.778921],[0.634023,0.890531],[0.686938,0.316539],[0.670795,0.43931],[0.23492,0.281461],[0.121916,0.557296],[0.555099,0.544542],[0.234023,0.311756]]"
9c04a05fb569d9a4f0db485f,frames/9c04a05fb569d9a4f0db485f.png,"[[0.76757,0.777969],[0.194561,0.955556],[0.073485,0.654556],[0.194561,0.617885],[0.099494,0.662528],[0.866312,0.603535],[0.156893,0.727899],[0.64822,0.472565],[0.611602,0.536569],[0.141646,0.466414],[0.585592,0.72471],[0.901289,0.605129],[0.741646,0.672094],[0.625951,0.550918],[0.517431,0.606724],[0.103081,0.554107],[0.924609,0.394665],[0.451063,0.203335],[0.48335,0.36756],[0.482453,0.542947],[0.622364,0.662528],[0.54344,0.533381],[0.616455,0.524608],[0.55779,0.299],[0.568552,0.399449],[0.412498,0.643394],[0.513844,0.322917],[0.37214,0.475981],[0.507566,0.633829],[0.26631,0.332483],[0.668104,0.55889],[0.356893,0.696011],[0.802633,0.676878],[0.780211,0.354806],[0.025,0.182608],[0.873484,0.705578],[0.095906,0.405826],[0.105772,0.632235],[0.89232,0.498303],[0.060929,0.316539],[0.034023,0.621074],[0.025,0.356833]]"
9c05a610a7b07f387bd22900,frames/9c05a610a7b07f387bd22900.png,"[[0.444785,0.657744],[0.305772,0.622668],[0.755996,0.225657],[0.480659,0.055054],[0.573934,0.109264],[0.089628,0.584401],[0.164965,0.503086],[0.163171,0.61629],[0.707566,0.688039],[0.103978,0.688039],[0.078866,0.955556],[0.225951,0.849075],[0.42057,0.531786]]"
9c24424bb462a220ec4d5f9c,frames/9c24424bb462a220ec4d5f9c.png,"[[0.025,0.742249],[0.218777,0.627451],[0.247476,0.624262],[0.598148,0.094915],[0.238507,0.794865],[0.519225,0.847481],[0.586489,0.044444],[0.635816,0.200146],[0.72909,0.676878],[0.557805,0.229849],[0.836289,0.236278],[0.77214,0.447282],[0.78927,0.096435],[0.653645,0.400232],[0.436713,0.314944],[0.648373,0.469603],[0.596684,0.252351],[0.279762,0.077376],[0.555996,0.43931],[0.468104,0.402638],[0.43761,0.36756],[0.280659,0.955556],[0.497243,0.752493],[0.578178,0.490303],[0.372243,0.893181],[0.662711,0.822836],[0.402819,0.423157],[0.449581,0.661365],[0.581776,0.379992],[0.709359,0.955556],[0.036714,0.834725],[0.528193,0.332483],[0.530884,0.450471]]"
9c90359561c3257a68ea12ee,frames/9c90359561c3257a68ea12ee.png,"[[0.713734,0.648238],[0.481998,0.377318],[0.490815,0.471356],[0.439177,0.55196],[0.75026,0.57435],[0.344719,0.422097],[0.347238,0.236259],[0.607943,0.851988],[0.36613,0.169089],[0.662099,0.59898]]"
9c96b248e96f52bcd71a621b,frames/9c96b248e96f52bcd71a621b.png,"[[0.875281,0.667311],[0.134471,0.554107],[0.866312,0.603535],[0.120122,0.691228],[0.811875,0.511143],[0.672633,0.353618],[0.025,0.539758],[0.563171,0.688039],[0.973039,0.727899],[0.9255,0.554107],[0.74344,0.432932],[0.376623,0.506275],[0.253754,0.605129],[0.539852,0.351617],[0.558687,0.43931],[0.588283,0.611507],[0.869898,0.536569],[0.686041,0.562079],[0.511153,0.487142],[0.418777,0.428149],[0.769449,0.294217],[0.568552,0.621074],[0.390973,0.311756],[0.34613,0.554107],[0.630435,0.654556],[0.373934,0.361183],[0.625951,0.383504],[0.495009,0.542947],[0.707566,0.659339],[0.696803,0.372343],[0.025,0.270301],[0.814289,0.638611],[0.323709,0.455254],[0.126399,0.61629],[0.828641,0.442499],[0.118328,0.442499],[0.216086,0.498303],[0.116575,0.220204],[0.933578,0.466414],[0.975,0.461631]]"
9cc39150983f61a14a010b18,frames/9cc39150983f61a14a010b18.png,"[[0.23492,0.806026],[0.448373,0.743843],[0.501288,0.310161],[0.404427,0.866614],[0.62057,0.397854],[0.465413,0.509464],[0.310256,0.841103],[0.412498,0.536569],[0.38918,0.743843],[0.182005,0.354806],[0.54344,0.464819],[0.640301,0.562079],[0.390077,0.740654],[0.632229,0.466414],[0.476175,0.409015],[0.506669,0.343644],[0.469898,0.348428],[0.582005,0.263924]]"
9cf7b86f7b17919a1cda18d9,frames/9cf7b86f7b17919a1cda18d9.png,"[[0.741443,0.632565],[0.481998,0.368361],[0.490815,0.478073],[0.704922,0.50718],[0.746484,0.57659],[0.354794,0.43777],[0.612979,0.108635],[0.607943,0.843032],[0.295601,0.659433],[0.658323,0.596741]]"
9d02fbec4dfd4ddcdcd67d55,frames/9d02fbec4dfd4ddcdcd67d55.png,"[[0.427842,0.155655],[0.590312,0.625848],[0.453031,0.240737],[0.487036,0.187001],[0.36487,0.285518],[0.68351,0.558678],[0.655802,0.345971],[0.573938,0.426576],[0.512225,0.878856],[0.602906,0.245215]]"
9d191ef414012dba5e691310,frames/9d191ef414012dba5e691310.png,"[[0.735368,0.939957],[0.910258,0.935174],[0.050166,0.120425],[0.502184,0.696011],[0.434023,0.45366],[0.919227,0.57324],[0.322812,0.683256],[0.799045,0.228846],[0.711153,0.088537],[0.604427,0.120425],[0.962273,0.354806],[0.725502,0.17623],[0.493216,0.044444]]"
9d2f7365f11cc5554d9f0299,frames/9d2f7365f11cc5554d9f0299.png,"[[0.025,0.6992],[0.336265,0.576429],[0.643888,0.389882],[0.592767,0.094915],[0.728193,0.676878],[0.703374,0.382551],[0.829953,0.270033],[0.764965,0.447282],[0.754912,0.06268],[0.637371,0.295751],[0.733574,0.09332],[0.558709,0.305396],[0.274382,0.203335],[0.338059,0.755004],[0.649222,0.559047],[0.625841,0.893181],[0.685193,0.536665],[0.36048,0.614696],[0.402633,0.813997],[0.465413,0.908068],[0.480659,0.955556],[0.381108,0.676878],[0.427745,0.316539],[0.618777,0.334078],[0.499494,0.649772],[0.458238,0.665717],[0.40622,0.472792],[0.404427,0.665717],[0.566759,0.506275],[0.438507,0.807621],[0.452857,0.702389],[0.475279,0.681661],[0.025951,0.917635],[0.472588,0.332483],[0.41788,0.55889],[0.514741,0.562079],[0.556893,0.445687],[0.544337,0.249574],[0.512947,0.265518],[0.590077,0.904879],[0.464516,0.380315]]"
9d3ff23e5b4eb4ab17ca8363,frames/9d3ff23e5b4eb4ab17ca8363.png,"[[0.640688,0.69078],[0.481998,0.3706],[0.494593,0.478073],[0.54749,0.218347],[0.686031,0.654955],[0.392578,0.874379],[0.419026,0.706453],[0.599125,0.854227],[0.283006,0.527331],[0.662099,0.596741]]"
9d40d93b41b3d630a03232b1,frames/9d40d93b41b3d630a03232b1.png,"[[0.025,0.755004],[0.162274,0.57324],[0.314741,0.479169],[0.636713,0.147531],[0.376623,0.654556],[0.594561,0.469603],[0.579314,0.051865],[0.658238,0.252762],[0.72909,0.676878],[0.560517,0.225026],[0.822727,0.225026],[0.77214,0.455254],[0.808258,0.123761],[0.674441,0.360047],[0.361377,0.511058],[0.367655,0.896908],[0.638507,0.517436],[0.596684,0.242708],[0.460155,0.308611],[0.554202,0.487142],[0.40622,0.727899],[0.460032,0.310161],[0.224158,0.225657],[0.586489,0.311756],[0.400839,0.806026],[0.490525,0.578024],[0.424158,0.629046],[0.452857,0.343644],[0.382902,0.598751],[0.558687,0.542947],[0.520122,0.622668],[0.431332,0.58759],[0.564689,0.41996],[0.558395,0.622997],[0.61415,0.718919],[0.521523,0.455131],[0.667207,0.953932],[0.405516,0.912365]]"
9d4256a76db64c36e0b84843,frames/9d4256a76db64c36e0b84843.png,"[[0.904875,0.60194],[0.063619,0.450471],[0.866312,0.603535],[0.073485,0.676878],[0.921914,0.490331],[0.74587,0.268426],[0.512947,0.635422],[0.851062,0.420176],[0.298597,0.546135],[0.340749,0.635422],[0.529987,0.416988],[0.610705,0.444093],[0.641198,0.65615],[0.975,0.498303],[0.793664,0.581212],[0.416086,0.45366],[0.361377,0.542947],[0.782902,0.281461],[0.618777,0.745437],[0.321916,0.351617],[0.431332,0.65615],[0.717431,0.694417],[0.451063,0.409015],[0.57483,0.329294],[0.599942,0.61629],[0.65196,0.590779],[0.629538,0.394665],[0.025951,0.359589],[0.758687,0.681661],[0.40353,0.383504],[0.199045,0.578024],[0.834023,0.447282],[0.167655,0.442499],[0.34344,0.434526],[0.094875,0.180019],[0.882453,0.383504],[0.920125,0.397854],[0.886937,0.825158],[0.975,0.305378]]"
9d46bb73274c99f288dfd449,frames/9d46bb73274c99f288dfd449.png,"[[0.242095,0.818781],[0.641198,0.79646],[0.503081,0.373938],[0.323709,0.877775],[0.619673,0.397854],[0.454651,0.490331],[0.306669,0.79646],[0.453754,0.57324],[0.36048,0.694417],[0.182005,0.362778],[0.536265,0.370749],[0.536265,0.565268],[0.359584,0.6992],[0.659135,0.332483],[0.469898,0.380315],[0.558627,0.28505]]"
9da07a8f0e4b289f15f557a1,frames/9da07a8f0e4b289f15f557a1.png,"[[0.444031,0.618067],[0.490338,0.808193],[0.686589,0.757231],[0.49144,0.275056],[0.542157,0.561225],[0.612979,0.431054],[0.689807,0.569872],[0.628094,0.104157],[0.714995,0.408663],[0.757818,0.446727]]"
9e162f966d86719dafb50ea7,frames/9e162f966d86719dafb50ea7.png,"[[0.893219,0.182608],[0.866312,0.60194],[0.230435,0.544542],[0.690525,0.637017],[0.816984,0.576429],[0.320122,0.57324],[0.818773,0.082159],[0.741646,0.6992],[0.786489,0.676878],[0.043888,0.660933],[0.311153,0.506275],[0.138955,0.648178],[0.464516,0.409015],[0.573934,0.394665],[0.638507,0.72471],[0.478866,0.204929],[0.476175,0.466414],[0.536265,0.576429],[0.480952,0.535253],[0.471691,0.667311],[0.564965,0.629046],[0.39187,0.613101],[0.642095,0.542947],[0.400839,0.509464],[0.72909,0.450471],[0.369449,0.321322],[0.512947,0.517436],[0.441198,0.514247],[0.434023,0.365967],[0.34344,0.397854],[0.338059,0.442499],[0.787386,0.742249],[0.833125,0.614696],[0.121916,0.578024],[0.834023,0.520625],[0.866312,0.531786],[0.893219,0.550918],[0.057341,0.495114],[0.926398,0.436121],[0.975,0.466414]]"
9e3075d2519ad13e03a3777f,frames/9e3075d2519ad13e03a3777f.png,"[[0.485928,0.40638],[0.423083,0.694509],[0.531131,0.649428],[0.555385,0.4103],[0.567516,0.825833],[0.636911,0.457921],[0.694844,0.520614],[0.483258,0.144459],[0.713734,0.419858],[0.756557,0.43777]]"
9e3bb32ade237e91addeed94,frames/9e3bb32ade237e91addeed94.png,"[[0.487834,0.721522],[0.373037,0.955556],[0.597252,0.051865],[0.564965,0.660933],[0.302184,0.909662],[0.182902,0.361183],[0.687834,0.735871],[0.687834,0.063026],[0.353305,0.79646],[0.642095,0.621074],[0.549718,0.305378],[0.562274,0.539758],[0.4977,0.372343],[0.599942,0.292622],[0.516534,0.401043],[0.481556,0.651367],[0.45196,0.472792],[0.408911,0.45366],[0.433126,0.386693],[0.093216,0.94474]]"
9e4c52c1098b76d4764acf6b,frames/9e4c52c1098b76d4764acf6b.png,"[[0.592828,0.106396],[0.481998,0.372839],[0.497112,0.487029],[0.578974,0.240737],[0.635651,0.782579],[0.429102,0.807208],[0.716255,0.442248],[0.54875,0.639281],[0.454291,0.928115],[0.649505,0.73332]]"
9e52b069253fb4dafbc0868c,frames/9e52b069253fb4dafbc0868c.png,"[[0.610464,0.614653],[0.480739,0.377318],[0.494593,0.473594],[0.572677,0.276561],[0.636911,0.746755],[0.357314,0.80273],[0.55001,0.708692],[0.538673,0.807208],[0.385021,0.903485],[0.649505,0.670628]]"
9e5cbbeec6ef8bfb7e0dd3eb,frames/9e5cbbeec6ef8bfb7e0dd3eb.png,"[[0.226848,0.322917],[0.225951,0.405826],[0.17214,0.660933],[0.155996,0.955556],[0.034023,0.592374],[0.842094,0.777326],[0.710256,0.756599],[0.544337,0.71355],[0.376623,0.614696],[0.498597,0.359589],[0.641198,0.908068],[0.686938,0.305378],[0.797252,0.423365],[0.186489,0.270301],[0.225951,0.511058],[0.369449,0.490331]]"
9e7215f62e34e837f6f26dcf,frames/9e7215f62e34e837f6f26dcf.png,"[[0.028642,0.727899],[0.165862,0.621074],[0.353305,0.911257],[0.419673,0.495114],[0.60622,0.343644],[0.645682,0.807621],[0.515637,0.65615],[0.585592,0.299],[0.547027,0.195362],[0.398148,0.565268],[0.595458,0.059837],[0.688731,0.292622],[0.728193,0.672094],[0.55238,0.231456],[0.820008,0.231456],[0.773037,0.45366],[0.819109,0.157516],[0.570463,0.361656],[0.542434,0.40184],[0.308462,0.606724],[0.353465,0.602764],[0.605725,0.462921],[0.437552,0.652593],[0.488184,0.42595],[0.165862,0.933579],[0.594561,0.665717],[0.421467,0.729493],[0.369449,0.892125],[0.579314,0.809215],[0.556901,0.294144],[0.456539,0.360047],[0.487834,0.762976],[0.460929,0.394665],[0.456445,0.354806],[0.025,0.348428]]"
9f258b2e728628fe0d707ac6,frames/9f258b2e728628fe0d707ac6.png,"[[0.199045,0.461631],[0.169449,0.6705],[0.236713,0.517436],[0.619673,0.509464],[0.272588,0.801243],[0.545234,0.499897],[0.127296,0.955556],[0.590077,0.292622],[0.62057,0.43931],[0.475279,0.370749],[0.077969,0.075782],[0.300391,0.745437],[0.224158,0.898503],[0.425951,0.939957],[0.435816,0.299]]"
9f33d24fafcf6930384759ae,frames/9f33d24fafcf6930384759ae.png,"[[0.141646,0.483953],[0.199045,0.3277],[0.63761,0.05346],[0.433126,0.890531],[0.388283,0.468008],[0.555099,0.314944],[0.795458,0.458442],[0.234023,0.126803],[0.919227,0.338861],[0.805323,0.21609],[0.340749,0.922418],[0.795458,0.287839],[0.625951,0.184203],[0.957789,0.394665],[0.773037,0.536569],[0.37214,0.192174],[0.6977,0.118831],[0.955992,0.171447],[0.960477,0.609912],[0.121019,0.955556]]"
9f98570621105073982d8c53,frames/9f98570621105073982d8c53.png,"[[0.310714,0.742277],[0.352276,0.704213],[0.471923,0.249694],[0.52482,0.245215],[0.513484,0.569872],[0.556307,0.84751],[0.610464,0.238498],[0.599125,0.298952],[0.68351,0.43777],[0.68225,0.531809]]"
9faa14f459f4bff21b836b6d,frames/9faa14f459f4bff21b836b6d.png,"[[0.727589,0.637043],[0.481998,0.368361],[0.488296,0.478073],[0.607943,0.581068],[0.75026,0.57659],[0.36613,0.388512],[0.345978,0.247455],[0.602906,0.84751],[0.3422,0.178044],[0.665875,0.594502]]"
9fb7a908e66836917ac3eb07,frames/9fb7a908e66836917ac3eb07.png,"[[0.048373,0.464819],[0.032229,0.735871],[0.155996,0.892125],[0.26631,0.386693],[0.330884,0.672094],[0.399942,0.951118],[0.373037,0.681661],[0.386489,0.625857],[0.413395,0.65615],[0.447476,0.321322],[0.450166,0.512653],[0.547924,0.295811],[0.480659,0.517436],[0.523709,0.688039],[0.489628,0.705578],[0.555996,0.348428],[0.611602,0.420176],[0.571243,0.721522],[0.612498,0.79646],[0.657341,0.086943],[0.695906,0.431338],[0.729987,0.673689],[0.513501,0.163945],[0.777516,0.220204],[0.767655,0.450471],[0.857984,0.176805],[0.416983,0.391476],[0.027967,0.901739],[0.538817,0.385765],[0.527063,0.88245],[0.342543,0.939957],[0.491801,0.429165],[0.518022,0.955556]]"
9fccce474c50a20167a9cbfc,frames/9fccce474c50a20167a9cbfc.png,"[[0.696803,0.232035],[0.629538,0.110859],[0.183798,0.3564],[0.373037,0.389882],[0.875281,0.388288],[0.158687,0.857047],[0.491422,0.638611],[0.878867,0.727899],[0.286041,0.727899],[0.53178,0.338861],[0.645682,0.466414],[0.036714,0.632235],[0.31205,0.292622],[0.586489,0.401043],[0.117431,0.79646],[0.74613,0.456847],[0.591259,0.533646],[0.490897,0.540075],[0.556901,0.467743],[0.43303,0.644556],[0.312777,0.385765],[0.477334,0.13019],[0.107534,0.122153],[0.842094,0.115642],[0.419673,0.3564],[0.583798,0.276679],[0.401736,0.955556]]"
a0184f22081a12b0d2310e88,frames/a0184f22081a12b0d2310e88.png,"[[0.720031,0.645999],[0.480739,0.368361],[0.489555,0.478073],[0.440437,0.59898],[0.75026,0.585545],[0.347238,0.426576],[0.344719,0.251932],[0.606682,0.843032],[0.361092,0.171328],[0.662099,0.601219]]"
a02b7633f9c41e7d5db87ad0,frames/a02b7633f9c41e7d5db87ad0.png,"[[0.373686,0.388512],[0.600385,0.80273],[0.311973,0.397469],[0.611724,0.874379],[0.605422,0.18924],[0.669656,0.187001],[0.745224,0.469117],[0.509706,0.269844],[0.415248,0.567633],[0.712479,0.68854]]"
a052744b8fedde374065f852,frames/a052744b8fedde374065f852.png,"[[0.703081,0.208118],[0.599045,0.051865],[0.180211,0.362778],[0.950617,0.389882],[0.192767,0.828347],[0.469001,0.694417],[0.895906,0.710361],[0.255548,0.820375],[0.578417,0.310161],[0.642095,0.416988],[0.033126,0.632235],[0.349718,0.299],[0.590973,0.455254],[0.144337,0.785299],[0.763171,0.576429],[0.640988,0.532039],[0.518926,0.540075],[0.555996,0.520787],[0.437552,0.585082],[0.340806,0.390588],[0.455634,0.141442],[0.071367,0.200915],[0.758687,0.12202],[0.424158,0.377126],[0.625055,0.247979],[0.416983,0.863425]]"
a0555571555fbc04c60bd740,frames/a0555571555fbc04c60bd740.png,"[[0.576623,0.694417],[0.575727,0.565268],[0.260929,0.947929],[0.180211,0.361183],[0.57752,0.745437],[0.590973,0.044444],[0.223261,0.783704],[0.658238,0.660933],[0.659135,0.13637],[0.719225,0.517436],[0.528193,0.416988],[0.63492,0.377126],[0.46631,0.710361],[0.464516,0.520625],[0.42057,0.428149],[0.402633,0.397854],[0.054651,0.865019],[0.495009,0.300594],[0.427745,0.311756],[0.579314,0.21609]]"
a0917d3932cd6674867788c9,frames/a0917d3932cd6674867788c9.png,"[[0.025,0.751815],[0.151512,0.579618],[0.364965,0.952712],[0.390973,0.495114],[0.64927,0.204929],[0.444785,0.614696],[0.608911,0.354806],[0.536265,0.350022],[0.439404,0.377126],[0.573934,0.05346],[0.670795,0.278274],[0.72909,0.676878],[0.560517,0.226633],[0.822727,0.221811],[0.77214,0.455254],[0.816391,0.138227],[0.6654,0.352011],[0.361377,0.58759],[0.38511,0.822976],[0.422181,0.955556],[0.491422,0.490331],[0.36048,0.680067],[0.619673,0.536569],[0.594875,0.249137],[0.43936,0.321469],[0.575727,0.581212],[0.46362,0.590779],[0.439404,0.3277],[0.148821,0.294217],[0.533574,0.254357],[0.528193,0.613101],[0.487834,0.694417],[0.440301,0.546135],[0.459135,0.343644],[0.440301,0.472792],[0.550615,0.735871],[0.584695,0.475981],[0.488731,0.464819],[0.561991,0.376793],[0.505337,0.848417]]"
a0af12e7fac69abbfa67aac8,frames/a0af12e7fac69abbfa67aac8.png,"[[0.503081,0.727899],[0.57214,0.044444],[0.554202,0.644989],[0.303978,0.933579],[0.179314,0.365967],[0.669001,0.745437],[0.665413,0.063026],[0.35779,0.766165],[0.657341,0.648178],[0.578417,0.271896],[0.628641,0.542947],[0.489628,0.378721],[0.613395,0.299],[0.498597,0.643394],[0.453754,0.472792],[0.412498,0.461631],[0.411602,0.394665],[0.08335,0.911257],[0.499494,0.314944]]"
a0edf092d8e5643c640cb747,frames/a0edf092d8e5643c640cb747.png,"[[0.314492,0.401946],[0.737667,0.686301],[0.348497,0.285518],[0.439177,0.498224],[0.641948,0.361644],[0.727589,0.267606],[0.743964,0.368361],[0.514744,0.131026],[0.673432,0.746755],[0.584016,0.827359]]"
a12456a69c5aa01d3ad85b65,frames/a12456a69c5aa01d3ad85b65.png,"[[0.481517,0.375019],[0.416468,0.663148],[0.524516,0.631787],[0.562,0.427941],[0.57413,0.829754],[0.635651,0.433293],[0.691068,0.540765],[0.50089,0.139981],[0.714995,0.422097],[0.754036,0.433293]]"
a18e2d1bebae195f457e7886,frames/a18e2d1bebae195f457e7886.png,"[[0.269152,0.446727],[0.623057,0.746755],[0.461847,0.247455],[0.507188,0.229543],[0.487036,0.518375],[0.672177,0.592263],[0.648245,0.500463],[0.578974,0.419858],[0.493333,0.654955],[0.684771,0.457921]]"
a1af61a02fca834608072583,frames/a1af61a02fca834608072583.png,"[[0.728849,0.650477],[0.481998,0.3706],[0.490815,0.473594],[0.720031,0.457921],[0.751521,0.583306],[0.373686,0.473594],[0.766635,0.509419],[0.609203,0.838555],[0.425323,0.771383],[0.668396,0.603457]]"
a1b0de555d4f40748df8cb5a,frames/a1b0de555d4f40748df8cb5a.png,"[[0.439177,0.549721],[0.484517,0.3706],[0.495853,0.518375],[0.59787,0.25641],[0.654542,0.892291],[0.655802,0.157894],[0.733885,0.298952],[0.628094,0.390751],[0.771672,0.592263],[0.66462,0.827359]]"
a1d4ccf5dd38c19790f7d708,frames/a1d4ccf5dd38c19790f7d708.png,"[[0.625573,0.538526],[0.480739,0.368361],[0.495853,0.480312],[0.572677,0.269844],[0.646984,0.75795],[0.358573,0.818403],[0.56512,0.717647],[0.543711,0.807208],[0.390059,0.887813],[0.650766,0.699735]]"
a1e5ac6bf7b1ce2f7804c2fc,frames/a1e5ac6bf7b1ce2f7804c2fc.png,"[[0.490338,0.42402],[0.440723,0.73567],[0.549875,0.641588],[0.547672,0.437741],[0.558693,0.825833],[0.623057,0.433293],[0.701141,0.527331],[0.473182,0.151177],[0.713734,0.426576],[0.755297,0.446727]]"
a1fbb1a41a151c09da330c0f,frames/a1fbb1a41a151c09da330c0f.png,"[[0.267893,0.482551],[0.55001,0.843032],[0.463107,0.236259],[0.517263,0.207152],[0.508447,0.558678],[0.670917,0.581068],[0.653281,0.509419],[0.571417,0.428815],[0.541192,0.625848],[0.689807,0.478073]]"
a1fd0f0fce910b2b2e1be726,frames/a1fd0f0fce910b2b2e1be726.png,"[[0.442059,0.600796],[0.495851,0.816033],[0.709745,0.802313],[0.474902,0.404419],[0.579641,0.549465],[0.601646,0.292234],[0.69988,0.578829],[0.678474,0.090723],[0.717516,0.419858],[0.762854,0.446727]]"
a206b67d55359ef6719283b5,frames/a206b67d55359ef6719283b5.png,"[[0.625951,0.511058],[0.854648,0.727899],[0.471691,0.785299],[0.778417,0.495114],[0.521019,0.606724],[0.500391,0.350022],[0.324606,0.499897],[0.469001,0.434526],[0.708462,0.13637],[0.457341,0.667311],[0.795458,0.354806],[0.256445,0.456847],[0.836711,0.576429],[0.053754,0.764571]]"
a220c2072f14b9e2c1eb8022,frames/a220c2072f14b9e2c1eb8022.png,"[[0.663359,0.706453],[0.483258,0.3706],[0.497112,0.478073],[0.571417,0.276561],[0.741443,0.594502],[0.356054,0.746755],[0.286784,0.567633],[0.606682,0.858706],[0.417767,0.146699],[0.66462,0.592263]]"
a231a1682cb63f5f75bcc29d,frames/a231a1682cb63f5f75bcc29d.png,"[[0.513484,0.867661],[0.675953,0.793774],[0.351016,0.247455],[0.322049,0.578829],[0.591568,0.184762],[0.717516,0.267606],[0.723812,0.4624],[0.568901,0.104157],[0.304417,0.520614],[0.584016,0.834076]]"
a29ead2936e3499ba9decc84,frames/a29ead2936e3499ba9decc84.png,"[[0.338955,0.598751],[0.600839,0.36756],[0.544337,0.114048],[0.728193,0.676878],[0.729595,0.419521],[0.844422,0.2845],[0.764965,0.45366],[0.760337,0.057857],[0.637371,0.287715],[0.744337,0.082159],[0.546955,0.308611],[0.341646,0.200146],[0.328193,0.743843],[0.65192,0.551054],[0.671704,0.638983],[0.37752,0.637017],[0.382902,0.718333],[0.425951,0.311756],[0.672633,0.321469],[0.507566,0.651367],[0.51205,0.762976],[0.291422,0.483953],[0.428641,0.750221],[0.569449,0.378721],[0.451063,0.747032],[0.51205,0.554107],[0.460929,0.436121],[0.409808,0.662528],[0.445682,0.694417],[0.462723,0.522219],[0.465413,0.233629],[0.57483,0.716739],[0.398148,0.394665],[0.376973,0.782792],[0.480952,0.720104],[0.467389,0.3279]]"
a2e2508c1bc0e04a82174211,frames/a2e2508c1bc0e04a82174211.png,"[[0.745224,0.64376],[0.480739,0.372839],[0.489555,0.473594],[0.624318,0.258649],[0.74774,0.581068],[0.347238,0.388512],[0.356054,0.28104],[0.605422,0.854227],[0.281746,0.350449],[0.667135,0.603457]]"
a2eba22d4d77848f9962941c,frames/a2eba22d4d77848f9962941c.png,"[[0.469898,0.562079],[0.319225,0.672094],[0.929984,0.399449],[0.74613,0.185797],[0.755996,0.228846],[0.376623,0.153908],[0.524606,0.110859],[0.615189,0.044444],[0.14344,0.128398],[0.101288,0.888936],[0.091422,0.338861],[0.193664,0.240007],[0.254651,0.584401]]"
a3024c20879882f77174e8d1,frames/a3024c20879882f77174e8d1.png,"[[0.332124,0.558678],[0.353535,0.68854],[0.505928,0.187001],[0.737667,0.218347],[0.607943,0.522853],[0.619276,0.240737],[0.534895,0.048182],[0.552526,0.231781],[0.638172,0.446727],[0.396356,0.144459]]"
a327cb1aba389e17a9debd26,frames/a327cb1aba389e17a9debd26.png,"[[0.161377,0.412204],[0.166759,0.668906],[0.288731,0.464819],[0.60353,0.495114],[0.251063,0.818781],[0.536265,0.475981],[0.137162,0.955556],[0.568552,0.255951],[0.618777,0.399449],[0.476175,0.350022],[0.091422,0.044444],[0.311153,0.727899],[0.170346,0.818781],[0.433126,0.914446],[0.435816,0.303783],[0.50393,0.166074]]"
a358469bb99a2daa9f9db721,frames/a358469bb99a2daa9f9db721.png,"[[0.653281,0.368361],[0.619276,0.332537],[0.450513,0.191479],[0.337162,0.251932],[0.358573,0.287756],[0.54749,0.209391],[0.507188,0.16685],[0.560083,0.406424],[0.534895,0.863183],[0.412729,0.267606]]"
a3739e415984ae238bae1e23,frames/a3739e415984ae238bae1e23.png,"[[0.33178,0.794865],[0.409808,0.243196],[0.729987,0.678472],[0.743157,0.421128],[0.816391,0.2411],[0.768552,0.455254],[0.776611,0.04982],[0.565038,0.078753],[0.808914,0.083754],[0.356893,0.225657],[0.570085,0.464724],[0.364965,0.378721],[0.386489,0.311756],[0.210705,0.444093],[0.155996,0.622668],[0.272588,0.820375],[0.284247,0.491925],[0.535201,0.273249],[0.401385,0.548112],[0.664495,0.335936],[0.879688,0.745822],[0.340806,0.62366],[0.459252,0.416307],[0.366123,0.421128],[0.576792,0.51275],[0.596684,0.464528],[0.612054,0.424343],[0.666304,0.337544],[0.58493,0.3279],[0.379685,0.810118],[0.56048,0.598751],[0.506669,0.75341],[0.446579,0.517436],[0.864516,0.955556],[0.467207,0.676878],[0.536265,0.420176],[0.476175,0.332483],[0.520122,0.498303],[0.444785,0.350022]]"
a3e119e910ff4017c7550d21,frames/a3e119e910ff4017c7550d21.png,"[[0.745224,0.628087],[0.481998,0.368361],[0.490815,0.478073],[0.723812,0.469117],[0.741443,0.572111],[0.347238,0.43777],[0.672177,0.157894],[0.604167,0.84751],[0.301898,0.751232],[0.665875,0.603457]]"
a40ef5f771a9ecd0c7a0b36d,frames/a40ef5f771a9ecd0c7a0b36d.png,"[[0.533636,0.139981],[0.512225,0.55196],[0.47948,0.187001],[0.412729,0.227303],[0.368648,0.265367],[0.580234,0.251932],[0.56638,0.18924],[0.560083,0.413142],[0.521041,0.863183],[0.512225,0.231781]]"
a423d396a983d4a6ef93e89e,frames/a423d396a983d4a6ef93e89e.png,"[[0.089628,0.562079],[0.112947,0.783704],[0.321019,0.691228],[0.199045,0.644989],[0.316534,0.632235],[0.182902,0.401043],[0.428641,0.542947],[0.109359,0.643394],[0.59187,0.17623],[0.592767,0.241601],[0.502184,0.794865],[0.604427,0.777326],[0.542543,0.209712],[0.693216,0.660933],[0.761377,0.096509],[0.77483,0.359589],[0.810703,0.283056],[0.707566,0.343644],[0.871688,0.263924],[0.149718,0.710361],[0.445682,0.632235],[0.79187,0.214496],[0.142543,0.488736],[0.959586,0.721522],[0.566759,0.874586],[0.183798,0.903285],[0.286937,0.917635],[0.207117,0.774138]]"
a425cd07d89de9a6fb63938a,frames/a425cd07d89de9a6fb63938a.png,"[[0.050166,0.196957],[0.609808,0.952712],[0.786489,0.799649],[0.058238,0.680067],[0.886039,0.57324],[0.599942,0.416988],[0.913844,0.678472],[0.955992,0.372343],[0.844789,0.185797],[0.368552,0.3277],[0.0977,0.416988],[0.232229,0.925607],[0.759584,0.402638],[0.563171,0.192174],[0.107566,0.523814],[0.216086,0.17623],[0.373934,0.506275],[0.519225,0.182608],[0.687834,0.044444]]"
a42dc1cd6ab8a2cc442790e3,frames/a42dc1cd6ab8a2cc442790e3.png,"[[0.87607,0.456492],[0.754912,0.811725],[0.147027,0.852264],[0.033126,0.605129],[0.095009,0.705578],[0.299007,0.610696],[0.199045,0.750221],[0.866312,0.60194],[0.232229,0.79646],[0.521638,0.464528],[0.523709,0.576429],[0.342543,0.41061],[0.624158,0.73906],[0.731403,0.514357],[0.625951,0.659339],[0.573037,0.590779],[0.593664,0.702389],[0.061826,0.445687],[0.785592,0.409015],[0.453754,0.254357],[0.399942,0.318133],[0.383798,0.509464],[0.482453,0.638611],[0.447476,0.509464],[0.705772,0.568457],[0.627745,0.579618],[0.413395,0.386693],[0.285144,0.672094],[0.623261,0.472792],[0.318328,0.365967],[0.392767,0.517436],[0.166759,0.386693],[0.714741,0.637017],[0.23492,0.621074],[0.898594,0.517436],[0.936266,0.45366],[0.025,0.278274],[0.966758,0.756599]]"
a453ecea25398133f828e83e,frames/a453ecea25398133f828e83e.png,"[[0.155996,0.423365],[0.169449,0.665717],[0.295009,0.450471],[0.601736,0.491925],[0.244785,0.818781],[0.536265,0.464819],[0.136265,0.955556],[0.567655,0.251168],[0.62057,0.412204],[0.461826,0.354806],[0.098597,0.044444],[0.311153,0.72471],[0.168552,0.802838],[0.432229,0.919229],[0.416086,0.316539],[0.483981,0.158066]]"
a45ade735ac6b220b34667a2,frames/a45ade735ac6b220b34667a2.png,"[[0.373037,0.747032],[0.422364,0.275085],[0.729987,0.678472],[0.744062,0.422736],[0.810063,0.242708],[0.768552,0.455254],[0.780228,0.053035],[0.575888,0.072324],[0.825055,0.080565],[0.315638,0.225657],[0.579077,0.455131],[0.379314,0.373938],[0.381108,0.322917],[0.210705,0.444093],[0.122812,0.61629],[0.342543,0.912851],[0.292319,0.495114],[0.391439,0.660631],[0.638275,0.364869],[0.877875,0.718496],[0.287461,0.734571],[0.34804,0.443632],[0.577696,0.509535],[0.588546,0.443632],[0.583121,0.421128],[0.634659,0.366476],[0.577696,0.382551],[0.389631,0.786007],[0.471691,0.576429],[0.448373,0.65615],[0.40353,0.58759],[0.86093,0.955556],[0.446579,0.565268],[0.484247,0.533381],[0.476175,0.332483],[0.54344,0.522219],[0.419673,0.361183],[0.444785,0.432932],[0.57483,0.044444]]"
a4d26fa561d577a82714ae55,frames/a4d26fa561d577a82714ae55.png,"[[0.741443,0.632565],[0.481998,0.3706],[0.490815,0.478073],[0.630615,0.460161],[0.74774,0.569872],[0.354794,0.426576],[0.531117,0.110874],[0.604167,0.851988],[0.300638,0.540765],[0.66462,0.59898]]"
a4f2e4a94d8015547d6ce174,frames/a4f2e4a94d8015547d6ce174.png,"[[0.210705,0.860236],[0.483338,0.320514],[0.643888,0.520625],[0.476175,0.416988],[0.278866,0.914446],[0.61788,0.431338],[0.447476,0.442499],[0.299494,0.798054],[0.46631,0.651367],[0.31205,0.523814],[0.155099,0.377126],[0.555996,0.372343],[0.526399,0.472792],[0.309359,0.523814],[0.570346,0.241601]]"
a50aff7a06cba5457f59091c,frames/a50aff7a06cba5457f59091c.png,"[[0.439621,0.341698],[0.393315,0.555344],[0.437416,0.618067],[0.610516,0.43382],[0.588464,0.678829],[0.658323,0.466878],[0.714995,0.491506],[0.611724,0.108635],[0.707437,0.419858],[0.755297,0.433293]]"
a5183b6f1a81726894929d36,frames/a5183b6f1a81726894929d36.png,"[[0.626833,0.693019],[0.483258,0.368361],[0.494593,0.478073],[0.575198,0.258649],[0.673432,0.652716],[0.413989,0.867661],[0.489555,0.867661],[0.584016,0.858706],[0.310714,0.594502],[0.663359,0.601219]]"
a52014ee428b2e452be848b8,frames/a52014ee428b2e452be848b8.png,"[[0.026848,0.727899],[0.133574,0.629046],[0.344337,0.917635],[0.42057,0.506275],[0.605323,0.350022],[0.641198,0.858642],[0.509359,0.643394],[0.585592,0.303783],[0.535368,0.208118],[0.387386,0.554107],[0.590077,0.063026],[0.691422,0.292622],[0.728193,0.672094],[0.555996,0.231456],[0.820008,0.231456],[0.773037,0.45366],[0.820008,0.152694],[0.574984,0.363262],[0.547859,0.406663],[0.298597,0.617885],[0.336286,0.657415],[0.573176,0.496676],[0.413139,0.679919],[0.18918,0.955556],[0.55779,0.627451],[0.38918,0.718333],[0.393664,0.955556],[0.575727,0.75341],[0.560517,0.286107],[0.437552,0.337544],[0.511153,0.680067],[0.464516,0.401043],[0.440301,0.337267],[0.025951,0.337267],[0.52909,0.343644]]"
a52ff14437d9d388fb4e1389,frames/a52ff14437d9d388fb4e1389.png,"[[0.356893,0.751815],[0.428641,0.345239],[0.730884,0.676878],[0.743157,0.424343],[0.76757,0.236278],[0.769449,0.464819],[0.781132,0.044444],[0.546051,0.064287],[0.900391,0.063026],[0.23492,0.063026],[0.691488,0.666162],[0.453754,0.705578],[0.370346,0.562079],[0.166759,0.794865],[0.207117,0.58759],[0.270795,0.354806],[0.565038,0.348796],[0.831766,0.744215],[0.291982,0.831014],[0.565038,0.348796],[0.571367,0.450061],[0.501747,0.450061],[0.858234,0.955556],[0.395458,0.281461],[0.376623,0.853858],[0.458238,0.343644],[0.522812,0.044444],[0.311153,0.874586],[0.40622,0.394665],[0.515637,0.751815],[0.376623,0.643394],[0.265413,0.584401],[0.568552,0.649772],[0.291078,0.633304],[0.398673,0.273249],[0.466484,0.644556],[0.572271,0.834229],[0.401385,0.577046],[0.448402,0.511143],[0.474622,0.29736],[0.549667,0.419521],[0.547859,0.382551]]"
a5587f4d34f94153518a6e33,frames/a5587f4d34f94153518a6e33.png,"[[0.347027,0.727899],[0.43761,0.295811],[0.730884,0.676878],[0.744966,0.422736],[0.797407,0.236278],[0.77214,0.464819],[0.780228,0.04982],[0.565038,0.051428],[0.856445,0.086943],[0.230435,0.225657],[0.642927,0.531869],[0.376623,0.431338],[0.379314,0.322917],[0.197252,0.487142],[0.115638,0.606724],[0.315638,0.436121],[0.413139,0.695993],[0.619288,0.35844],[0.851656,0.718496],[0.365219,0.551328],[0.538817,0.411485],[0.616575,0.360047],[0.573176,0.376121],[0.438455,0.704029],[0.43761,0.416988],[0.416086,0.506275],[0.473485,0.681661],[0.865414,0.955556],[0.473485,0.380315],[0.443888,0.828347],[0.472588,0.350022],[0.561377,0.584401],[0.384695,0.378721],[0.387386,0.659339],[0.569449,0.044444],[0.46362,0.534975],[0.40622,0.338861],[0.489628,0.43931],[0.503978,0.42496],[0.275279,0.955556],[0.344337,0.955556]]"
a57ef48ce848a279a2f48960,frames/a57ef48ce848a279a2f48960.png,"[[0.322049,0.543005],[0.575198,0.863183],[0.382502,0.319103],[0.655802,0.328059],[0.726333,0.661672],[0.626833,0.106396],[0.686031,0.106396],[0.568901,0.169089],[0.655802,0.471356],[0.393838,0.558678]]"
a5bff8c3294420c9dcca7331,frames/a5bff8c3294420c9dcca7331.png,"[[0.025,0.533381],[0.163171,0.196957],[0.640301,0.044444],[0.490525,0.640206],[0.607117,0.432932],[0.738059,0.531786],[0.085144,0.126803],[0.83582,0.455254],[0.544337,0.181013],[0.924609,0.562079],[0.524606,0.716739],[0.814289,0.247979],[0.025,0.676878],[0.975,0.13637],[0.929094,0.209712],[0.468104,0.077376],[0.315638,0.085348],[0.250166,0.842697],[0.747027,0.185797],[0.555099,0.088537],[0.192767,0.044444]]"
a65cad92c22874337730733d,frames/a65cad92c22874337730733d.png,"[[0.082453,0.397854],[0.159584,0.638611],[0.337162,0.362778],[0.53178,0.428149],[0.230435,0.71355],[0.499494,0.413799],[0.153305,0.955556],[0.598148,0.405826],[0.447476,0.391476],[0.308462,0.747032],[0.244785,0.531786],[0.429538,0.917635],[0.390077,0.350022],[0.060032,0.495114],[0.566759,0.299],[0.490525,0.3277]]"
a690550195d7c1d8b360044f,frames/a690550195d7c1d8b360044f.png,"[[0.224158,0.791676],[0.447476,0.732682],[0.43492,0.868208],[0.622364,0.386693],[0.471691,0.528597],[0.311153,0.841103],[0.395458,0.483953],[0.407117,0.691228],[0.179314,0.359589],[0.533574,0.498303],[0.664516,0.547729],[0.408014,0.680067],[0.616983,0.487142],[0.475279,0.405826],[0.534471,0.311756],[0.457341,0.343644],[0.598148,0.316539],[0.552409,0.181013],[0.6977,0.933579]]"
a6985a0e01f94de05cf84617,frames/a6985a0e01f94de05cf84617.png,"[[0.194561,0.338861],[0.214292,0.416988],[0.327296,0.520625],[0.175727,0.662528],[0.232229,0.919229],[0.288731,0.450471],[0.455548,0.354806],[0.34344,0.361183],[0.863617,0.914446],[0.392767,0.491925],[0.508463,0.845886],[0.452857,0.421771],[0.540749,0.533381],[0.564965,0.809215],[0.447476,0.488736],[0.695009,0.914446],[0.559584,0.251168],[0.688731,0.252762],[0.698597,0.613101],[0.025,0.598751]]"
a6a36dc83bbd93530c50a9fa,frames/a6a36dc83bbd93530c50a9fa.png,"[[0.925797,0.470958],[0.731403,0.848696],[0.170346,0.900097],[0.030435,0.58759],[0.060032,0.649772],[0.280659,0.611507],[0.14613,0.735871],[0.866312,0.598751],[0.219673,0.769354],[0.554195,0.479514],[0.570346,0.576429],[0.271691,0.442499],[0.60622,0.742249],[0.811875,0.54329],[0.660929,0.694417],[0.608014,0.61629],[0.549718,0.665717],[0.08335,0.506275],[0.865414,0.409015],[0.432229,0.182608],[0.453754,0.361183],[0.432229,0.523814],[0.552409,0.605129],[0.489628,0.522219],[0.635816,0.562079],[0.612498,0.428149],[0.488731,0.428149],[0.36048,0.705578],[0.564068,0.420176],[0.365862,0.377126],[0.432229,0.542947],[0.211602,0.388288],[0.668104,0.638611],[0.282453,0.688039],[0.856445,0.584401],[0.885141,0.348428],[0.025,0.181013],[0.912047,0.73906],[0.034023,0.428149],[0.059135,0.550918],[0.921914,0.554107],[0.025,0.299]]"
a6aea66b6804832705dc81cc,frames/a6aea66b6804832705dc81cc.png,"[[0.494593,0.614653],[0.480739,0.372839],[0.498371,0.509419],[0.589052,0.251932],[0.631875,0.843032],[0.636911,0.466878],[0.722552,0.460161],[0.577719,0.457921],[0.674693,0.621369],[0.649505,0.791535]]"
a6d4336100968fcefb1adbfb,frames/a6d4336100968fcefb1adbfb.png,"[[0.031332,0.721522],[0.238507,0.665717],[0.365862,0.764571],[0.612498,0.141153],[0.279762,0.928796],[0.635816,0.171447],[0.728193,0.676878],[0.601205,0.218597],[0.855273,0.244315],[0.773037,0.450471],[0.764857,0.085183],[0.653645,0.397018],[0.600839,0.397854],[0.60663,0.261996],[0.199045,0.13637],[0.358687,0.547729],[0.445682,0.444093],[0.658214,0.645379],[0.212171,0.599015],[0.583574,0.277672],[0.126399,0.774138],[0.488731,0.270301],[0.488731,0.828347],[0.521916,0.73906],[0.402633,0.570051],[0.583798,0.68485],[0.438507,0.71355],[0.465413,0.554107],[0.558687,0.310161],[0.470795,0.76776],[0.551512,0.370749],[0.549718,0.491925],[0.439404,0.270301],[0.555099,0.420176],[0.508463,0.436121]]"
a718a3b224321d58dc61a4f9,frames/a718a3b224321d58dc61a4f9.png,"[[0.232229,0.79646],[0.43492,0.732682],[0.494113,0.300594],[0.416086,0.868208],[0.62057,0.397854],[0.465413,0.522219],[0.309359,0.841103],[0.407117,0.525408],[0.393664,0.716739],[0.181108,0.361183],[0.548821,0.480764],[0.658238,0.550918],[0.395458,0.716739],[0.613395,0.475981],[0.469898,0.41061],[0.521019,0.326106],[0.464516,0.343644],[0.590973,0.271896],[0.552409,0.185797]]"
a773c7dadcc4ae69df7a4d9f,frames/a773c7dadcc4ae69df7a4d9f.png,"[[0.299379,0.381795],[0.665875,0.663911],[0.454291,0.236259],[0.521041,0.227303],[0.458069,0.466878],[0.674693,0.581068],[0.659578,0.480312],[0.575198,0.417619],[0.400134,0.672867],[0.672177,0.390751]]"
a781c8ae42ca7e6d9ea2f58b,frames/a781c8ae42ca7e6d9ea2f58b.png,"[[0.902187,0.450471],[0.865414,0.60194],[0.874383,0.182608],[0.474382,0.598751],[0.975,0.468008],[0.204427,0.498303],[0.438507,0.627451],[0.56048,0.691228],[0.72909,0.480764],[0.825055,0.6705],[0.878867,0.632235],[0.468104,0.520625],[0.218777,0.640206],[0.856445,0.267112],[0.696803,0.751815],[0.210705,0.365967],[0.521019,0.705578],[0.842992,0.487142],[0.520122,0.61629],[0.486041,0.389882],[0.749718,0.667311],[0.594561,0.640206],[0.488731,0.444093],[0.119225,0.466414],[0.691422,0.842697],[0.54344,0.241601],[0.273485,0.43931],[0.691422,0.550918],[0.242991,0.428149],[0.510256,0.514247],[0.142795,0.350403],[0.767655,0.445687],[0.831336,0.334078],[0.773037,0.807621],[0.902187,0.247979],[0.08066,0.621074],[0.939852,0.6992],[0.079763,0.523814],[0.902187,0.386693],[0.08335,0.432932],[0.975,0.621074],[0.21788,0.955556]]"
a798fbfcb5cd1b53fa9ffe3d,frames/a798fbfcb5cd1b53fa9ffe3d.png,"[[0.749487,0.511143],[0.747678,0.609193],[0.921273,0.564186],[0.173037,0.876181],[0.975,0.708851],[0.027745,0.635422],[0.18918,0.716739],[0.37752,0.65615],[0.309359,0.600346],[0.866312,0.603535],[0.338955,0.600346],[0.947922,0.509464],[0.438455,0.464528],[0.355996,0.635422],[0.459135,0.413799],[0.66631,0.683256],[0.601205,0.644556],[0.521916,0.58759],[0.429538,0.520625],[0.66631,0.694417],[0.048373,0.340456],[0.621467,0.397854],[0.402633,0.354806],[0.345234,0.292622],[0.371243,0.432932],[0.306669,0.536569],[0.337162,0.495114],[0.975,0.129992],[0.793664,0.520625],[0.753305,0.672094],[0.314741,0.373938],[0.155099,0.676878],[0.790077,0.461631],[0.190077,0.468008],[0.230435,0.562079],[0.118328,0.271896],[0.865414,0.627451],[0.030435,0.565268],[0.975,0.405826]]"
a79e766b0045157f48af4f08,frames/a79e766b0045157f48af4f08.png,"[[0.025,0.751815],[0.22057,0.617885],[0.256445,0.676878],[0.599942,0.091726],[0.255548,0.81081],[0.489628,0.890531],[0.586489,0.044444],[0.633126,0.188986],[0.72909,0.676878],[0.557805,0.231456],[0.836289,0.236278],[0.77214,0.447282],[0.785653,0.096435],[0.653645,0.397018],[0.457341,0.3277],[0.645682,0.461631],[0.597588,0.257174],[0.277969,0.091726],[0.54344,0.466414],[0.43492,0.380315],[0.494545,0.81804],[0.573682,0.461526],[0.370445,0.955556],[0.664509,0.800454],[0.399222,0.373596],[0.427998,0.638983],[0.585373,0.387985],[0.714741,0.951118],[0.050166,0.823564],[0.525502,0.334078],[0.496803,0.498303],[0.479762,0.951118]]"
a79e80c8b558bb23fd14f6a5,frames/a79e80c8b558bb23fd14f6a5.png,"[[0.444031,0.616106],[0.495851,0.833674],[0.664536,0.651388],[0.515696,0.314256],[0.541054,0.549465],[0.610464,0.428815],[0.687286,0.540765],[0.625573,0.066094],[0.714995,0.419858],[0.756557,0.440009]]"
a79ee0c625b22e4ab2eddce3,frames/a79ee0c625b22e4ab2eddce3.png,"[[0.635651,0.693019],[0.480739,0.3706],[0.495853,0.482551],[0.558823,0.249694],[0.679729,0.645999],[0.395097,0.883334],[0.453031,0.73332],[0.604167,0.851988],[0.293082,0.594502],[0.663359,0.596741]]"
a7c45a88e00da61451d4d357,frames/a7c45a88e00da61451d4d357.png,"[[0.588283,0.576429],[0.580211,0.501492],[0.179314,0.359589],[0.452857,0.72471],[0.721019,0.590779],[0.587386,0.044444],[0.799942,0.562079],[0.534471,0.501492],[0.629538,0.445687],[0.306669,0.863425],[0.490525,0.589185],[0.452857,0.36756],[0.404427,0.428149],[0.060032,0.874586],[0.407117,0.310161],[0.621467,0.281461],[0.337162,0.903285],[0.318328,0.444093],[0.555996,0.305378]]"
a80181e559313497270e5468,frames/a80181e559313497270e5468.png,"[[0.56512,0.843032],[0.652026,0.75795],[0.403913,0.124308],[0.41021,0.798252],[0.594089,0.184762],[0.709958,0.287756],[0.723812,0.466878],[0.490815,0.207152],[0.392578,0.527331],[0.692328,0.773623]]"
a814186fad038b8f6320e08a,frames/a814186fad038b8f6320e08a.png,"[[0.351016,0.663911],[0.788042,0.534048],[0.351016,0.276561],[0.403913,0.603457],[0.697365,0.16685],[0.727589,0.25641],[0.717516,0.482551],[0.510966,0.126548],[0.54749,0.73332],[0.584016,0.827359]]"
a85e464a13cd33043558b271,frames/a85e464a13cd33043558b271.png,"[[0.025,0.747032],[0.201736,0.609912],[0.254651,0.578024],[0.598148,0.096509],[0.228641,0.73906],[0.563171,0.721522],[0.584695,0.044444],[0.63492,0.209712],[0.72909,0.676878],[0.556901,0.231456],[0.830859,0.231456],[0.77214,0.447282],[0.793791,0.101257],[0.664495,0.384158],[0.413395,0.321322],[0.652857,0.468008],[0.594875,0.247531],[0.278866,0.074187],[0.570346,0.416988],[0.457341,0.450471],[0.393664,0.955556],[0.440301,0.337267],[0.291422,0.947929],[0.35779,0.871397],[0.524222,0.672557],[0.582675,0.50629],[0.411812,0.774875],[0.66361,0.870799],[0.407315,0.539862],[0.482855,0.718919],[0.586272,0.349615],[0.721916,0.955556]]"
a87e58ab026e8b4f8cbd64c1,frames/a87e58ab026e8b4f8cbd64c1.png,"[[0.421545,0.131026],[0.480739,0.368361],[0.495853,0.489268],[0.584016,0.245215],[0.631875,0.791535],[0.480739,0.831837],[0.722552,0.426576],[0.576458,0.558678],[0.513484,0.954983],[0.649505,0.751232]]"
a8fa88492434cefd4b9bb099,frames/a8fa88492434cefd4b9bb099.png,"[[0.03492,0.361183],[0.031332,0.721522],[0.186489,0.487142],[0.35779,0.742249],[0.2977,0.869803],[0.400839,0.955556],[0.490525,0.735871],[0.444785,0.294217],[0.380211,0.775732],[0.604427,0.378721],[0.528193,0.592374],[0.536265,0.651367],[0.562274,0.338861],[0.672588,0.243196],[0.540749,0.412204],[0.573934,0.672094],[0.607117,0.063026],[0.717431,0.45366],[0.72909,0.676878],[0.545147,0.213775],[0.808258,0.247531],[0.769449,0.447282],[0.846234,0.159123],[0.414292,0.6992],[0.033392,0.933888],[0.549667,0.393803],[0.489993,0.583475],[0.298597,0.71355],[0.425798,0.384158],[0.472814,0.615624],[0.566846,0.602764],[0.626521,0.236278],[0.533392,0.470958],[0.427605,0.753858],[0.025,0.887342],[0.595458,0.890531],[0.513844,0.432932]]"
a903c1dce0db542db240fc7b,frames/a903c1dce0db542db240fc7b.png,"[[0.585271,0.64376],[0.481998,0.368361],[0.497112,0.480312],[0.575198,0.278801],[0.668396,0.713169],[0.304417,0.751232],[0.606682,0.887813],[0.52356,0.87214],[0.357314,0.811686],[0.66462,0.637043]]"
a9193b1c329ae883fb1c8680,frames/a9193b1c329ae883fb1c8680.png,"[[0.460569,0.567106],[0.493645,0.829754],[0.652411,0.547505],[0.546568,0.380899],[0.542157,0.549465],[0.6155,0.428815],[0.694844,0.52957],[0.577719,0.108635],[0.714995,0.417619],[0.762854,0.43777]]"
a931994f25ff678b295523c6,frames/a931994f25ff678b295523c6.png,"[[0.492543,0.798393],[0.541054,0.859155],[0.576333,0.894436],[0.605,0.555344],[0.447339,0.474982],[0.406432,0.534048],[0.641948,0.587784],[0.801896,0.287756],[0.73263,0.426576],[0.762854,0.448966]]"
a94900efc5bfe3194e8790c3,frames/a94900efc5bfe3194e8790c3.png,"[[0.496953,0.774872],[0.541054,0.870915],[0.58626,0.919917],[0.595078,0.539664],[0.438518,0.469102],[0.413989,0.534048],[0.643208,0.583306],[0.788042,0.285518],[0.730109,0.426576],[0.760339,0.451205]]"
a95c9620996595c24184acd8,frames/a95c9620996595c24184acd8.png,"[[0.025,0.740654],[0.253754,0.644989],[0.347027,0.740654],[0.612498,0.13637],[0.34344,0.820375],[0.2977,0.912851],[0.631332,0.166664],[0.728193,0.676878],[0.581312,0.220204],[0.855273,0.244315],[0.77214,0.447282],[0.77842,0.091613],[0.646412,0.40184],[0.626848,0.458442],[0.603917,0.268426],[0.242991,0.125209],[0.458238,0.539758],[0.450166,0.377126],[0.445984,0.848417],[0.567387,0.343221],[0.627639,0.691742],[0.459473,0.332029],[0.345265,0.638983],[0.610552,0.343221],[0.718328,0.955556],[0.103081,0.818781],[0.51205,0.314944],[0.515637,0.672094],[0.43492,0.786893],[0.405323,0.783704],[0.645682,0.887342],[0.487834,0.885747],[0.552409,0.432932],[0.553305,0.389882],[0.461826,0.919229]]"
a9601072307bae5807628455,frames/a9601072307bae5807628455.png,"[[0.442929,0.604346],[0.502466,0.827794],[0.679974,0.866994],[0.449544,0.43382],[0.644693,0.504383],[0.553786,0.258649],[0.693583,0.57659],[0.68225,0.09744],[0.718776,0.417619],[0.756557,0.440009]]"
a9692d0b084aab3b17f3c5b2,frames/a9692d0b084aab3b17f3c5b2.png,"[[0.408951,0.798252],[0.480739,0.368361],[0.495853,0.502702],[0.589052,0.247455],[0.631875,0.822881],[0.584016,0.549721],[0.725073,0.442248],[0.570161,0.451205],[0.688547,0.717647],[0.645724,0.778101]]"
a97bb5a1e875c61b7eb4652a,frames/a97bb5a1e875c61b7eb4652a.png,"[[0.895906,0.193768],[0.866312,0.60194],[0.235816,0.55889],[0.686041,0.643394],[0.80622,0.579618],[0.316534,0.570051],[0.828641,0.098103],[0.733574,0.705578],[0.781108,0.668906],[0.060929,0.6705],[0.320122,0.498303],[0.14613,0.65615],[0.44927,0.421771],[0.57214,0.394665],[0.633126,0.72471],[0.469001,0.196957],[0.476175,0.468008],[0.529987,0.570051],[0.468293,0.530431],[0.469898,0.672094],[0.573934,0.627451],[0.382005,0.609912],[0.643888,0.539758],[0.399942,0.509464],[0.734471,0.450471],[0.35779,0.322917],[0.515637,0.509464],[0.436713,0.514247],[0.416983,0.361183],[0.336265,0.394665],[0.327296,0.442499],[0.796355,0.743843],[0.84568,0.617885],[0.113844,0.576429],[0.832227,0.534975],[0.871688,0.533381],[0.894109,0.550918],[0.054651,0.503086],[0.941648,0.445687],[0.975,0.458442]]"
a9995bd6636e8cb02fdeb059,frames/a9995bd6636e8cb02fdeb059.png,"[[0.91743,0.227251],[0.866312,0.60194],[0.269898,0.605129],[0.646579,0.660933],[0.770346,0.667311],[0.961375,0.520625],[0.347027,0.579618],[0.861828,0.139558],[0.677969,0.710361],[0.752409,0.702389],[0.130884,0.643394],[0.342543,0.479169],[0.200839,0.721522],[0.361377,0.436121],[0.616086,0.475981],[0.57483,0.758193],[0.415189,0.192174],[0.491422,0.468008],[0.492319,0.562079],[0.429414,0.462921],[0.513844,0.603535],[0.625055,0.590779],[0.707566,0.90169],[0.353305,0.646583],[0.673485,0.598751],[0.34344,0.547729],[0.730884,0.445687],[0.354202,0.338861],[0.538059,0.464819],[0.408014,0.592374],[0.338955,0.41061],[0.28335,0.421771],[0.277969,0.469603],[0.833125,0.694417],[0.879766,0.65615],[0.077969,0.57324],[0.88425,0.57324],[0.916531,0.498303],[0.953305,0.522219]]"
a9daa94871b24bf62eae0c68,frames/a9daa94871b24bf62eae0c68.png,"[[0.337162,0.296713],[0.47948,0.368361],[0.494593,0.482551],[0.581495,0.247455],[0.634391,0.80273],[0.480739,0.811686],[0.722552,0.440009],[0.576458,0.509419],[0.571417,0.956481],[0.648245,0.75795]]"
aa0cdf5c80fe1b373de1e6f9,frames/aa0cdf5c80fe1b373de1e6f9.png,"[[0.27419,0.538526],[0.347238,0.771383],[0.449253,0.240737],[0.509706,0.231781],[0.510966,0.563156],[0.672177,0.601219],[0.678474,0.440009],[0.570161,0.426576],[0.552526,0.527331],[0.688547,0.522853]]"
aa8512d1fbe32fd1c65a9077,frames/aa8512d1fbe32fd1c65a9077.png,"[[0.408951,0.457921],[0.481998,0.368361],[0.494593,0.527331],[0.592828,0.251932],[0.640688,0.87214],[0.679729,0.388512],[0.718776,0.473594],[0.607943,0.43777],[0.692328,0.572111],[0.654542,0.80273]]"
aab131df7a2764b3201b64f1,frames/aab131df7a2764b3201b64f1.png,"[[0.581108,0.487142],[0.873484,0.6992],[0.687834,0.640206],[0.790973,0.442499],[0.528193,0.45366],[0.714741,0.890531],[0.579314,0.389882],[0.339852,0.351617],[0.513844,0.350022],[0.696803,0.133181],[0.467207,0.514247],[0.849273,0.434526],[0.285144,0.051865],[0.025951,0.533381],[0.969445,0.544542]]"
aabeb96ac0e79ac3b0419a51,frames/aabeb96ac0e79ac3b0419a51.png,"[[0.138059,0.389882],[0.171243,0.665717],[0.335368,0.386693],[0.570346,0.461631],[0.247476,0.742249],[0.520122,0.43931],[0.140749,0.955556],[0.626848,0.402638],[0.456445,0.3564],[0.298597,0.735871],[0.186489,0.716739],[0.432229,0.914446],[0.383798,0.337267],[0.554202,0.044444],[0.027745,0.57324],[0.570346,0.318133]]"
aad47e6fe42f44200dcad831,frames/aad47e6fe42f44200dcad831.png,"[[0.896805,0.45366],[0.871688,0.606724],[0.876172,0.185797],[0.473485,0.590779],[0.975,0.468008],[0.199045,0.487142],[0.438507,0.635422],[0.564965,0.702389],[0.727296,0.483953],[0.834922,0.676878],[0.897703,0.632235],[0.464516,0.522219],[0.20622,0.632235],[0.863617,0.265518],[0.6977,0.75341],[0.205323,0.36756],[0.521019,0.721522],[0.84568,0.472792],[0.521019,0.633829],[0.482453,0.397854],[0.754202,0.672094],[0.599942,0.649772],[0.477969,0.45366],[0.129987,0.472792],[0.693216,0.841103],[0.536265,0.247979],[0.291422,0.421771],[0.682453,0.557296],[0.247476,0.420176],[0.516534,0.520625],[0.151838,0.356833],[0.766759,0.45366],[0.823258,0.338861],[0.762274,0.806026],[0.904875,0.24479],[0.086938,0.627451],[0.935367,0.688039],[0.081557,0.512653],[0.899492,0.377126],[0.092319,0.434526],[0.969445,0.606724],[0.225055,0.955556]]"
aae6311d78924ef83275e551,frames/aae6311d78924ef83275e551.png,"[[0.649505,0.330298],[0.591568,0.229543],[0.454291,0.18924],[0.350348,0.224547],[0.361092,0.269844],[0.54875,0.216108],[0.494593,0.155655],[0.552526,0.39299],[0.532376,0.863183],[0.407691,0.307907]]"
aaf94422e7993557dab97574,frames/aaf94422e7993557dab97574.png,"[[0.361092,0.220586],[0.649505,0.69078],[0.460588,0.238498],[0.485777,0.198196],[0.393838,0.372839],[0.669656,0.585545],[0.674693,0.386273],[0.581495,0.422097],[0.383761,0.822881],[0.626833,0.328059]]"
ab00ccb3f1a1d4c90e18cdd9,frames/ab00ccb3f1a1d4c90e18cdd9.png,"[[0.039722,0.668667],[0.515309,0.478994],[0.334477,0.437203],[0.422181,0.368085],[0.540626,0.625268],[0.025,0.589904],[0.622904,0.470958],[0.591259,0.585082],[0.338955,0.562079],[0.140988,0.450061],[0.609342,0.678311],[0.095009,0.624262],[0.148821,0.818781],[0.843891,0.458442],[0.714741,0.678472],[0.875484,0.524608],[0.911156,0.483953],[0.911328,0.662237],[0.866266,0.576533],[0.522812,0.676878],[0.855273,0.765111],[0.631332,0.638611],[0.627745,0.431338],[0.874383,0.595562],[0.91743,0.769354],[0.657341,0.523814],[0.36048,0.643394],[0.208799,0.388981],[0.265413,0.651367],[0.764068,0.710361],[0.885141,0.740654],[0.206991,0.557757],[0.136265,0.399449],[0.106669,0.495114],[0.94075,0.823564],[0.025,0.267112],[0.033126,0.401043]]"
ab20e74eeafd658df216024c,frames/ab20e74eeafd658df216024c.png,"[[0.921016,0.236818],[0.866312,0.60194],[0.274382,0.606724],[0.647476,0.660933],[0.764068,0.667311],[0.946133,0.523814],[0.347924,0.57324],[0.865414,0.152314],[0.681556,0.705578],[0.747027,0.702389],[0.135368,0.637017],[0.34613,0.490331],[0.21788,0.727899],[0.36048,0.434526],[0.619673,0.488736],[0.570346,0.761382],[0.410705,0.198551],[0.501288,0.461631],[0.488731,0.557296],[0.426702,0.448454],[0.520122,0.592374],[0.623261,0.581212],[0.695906,0.903285],[0.353305,0.648178],[0.677072,0.609912],[0.329987,0.546135],[0.737162,0.442499],[0.345234,0.3564],[0.544337,0.447282],[0.405323,0.593968],[0.324606,0.416988],[0.284247,0.431338],[0.278866,0.475981],[0.834023,0.691228],[0.873484,0.65615],[0.076175,0.565268],[0.899492,0.565268],[0.931781,0.483953],[0.968555,0.542947]]"
ab56486ad218a57a202242f9,frames/ab56486ad218a57a202242f9.png,"[[0.325827,0.433293],[0.560083,0.851988],[0.332124,0.558678],[0.61676,0.838555],[0.504668,0.070572],[0.654542,0.16685],[0.791823,0.491506],[0.624318,0.509419],[0.570161,0.697496],[0.743964,0.469117]]"
ab69d84d69dca49170c989d9,frames/ab69d84d69dca49170c989d9.png,"[[0.239404,0.707172],[0.411602,0.777326],[0.476175,0.868208],[0.629538,0.394665],[0.469898,0.570051],[0.306669,0.865019],[0.393664,0.409015],[0.464516,0.668906],[0.182005,0.361183],[0.533574,0.562079],[0.735368,0.43931],[0.464516,0.672094],[0.601736,0.491925],[0.480659,0.412204],[0.525502,0.332483],[0.461826,0.361183],[0.596355,0.305378],[0.549718,0.182608],[0.656445,0.79646]]"
aba67173fcabee2eeb0bad0f,frames/aba67173fcabee2eeb0bad0f.png,"[[0.696141,0.462921],[0.493609,0.488639],[0.534211,0.572435],[0.678058,0.625268],[0.810969,0.474172],[0.715128,0.533646],[0.336265,0.72471],[0.06198,0.470244],[0.737732,0.673489],[0.14344,0.863425],[0.921016,0.512653],[0.431332,0.603535],[0.903078,0.955556],[0.565862,0.762976],[0.477969,0.383504],[0.868102,0.605129],[0.941648,0.831536],[0.554202,0.533381],[0.587386,0.637017],[0.297407,0.331114],[0.2977,0.72471],[0.733574,0.565268],[0.794561,0.732682],[0.298311,0.652593],[0.259135,0.464819],[0.23492,0.565268],[0.919227,0.732682],[0.059135,0.337267],[0.242095,0.394665],[0.168552,0.491925],[0.162274,0.431338],[0.102184,0.506275],[0.040301,0.472792],[0.033126,0.43931],[0.964961,0.326106]]"
abd82a5c207c6a198a6f94d6,frames/abd82a5c207c6a198a6f94d6.png,"[[0.356054,0.762428],[0.47948,0.368361],[0.495853,0.498224],[0.586531,0.247455],[0.631875,0.831837],[0.558823,0.583306],[0.723812,0.446727],[0.570161,0.446727],[0.698625,0.766906],[0.646984,0.778101]]"
ac30a105f39ba166f5808d05,frames/ac30a105f39ba166f5808d05.png,"[[0.688547,0.272083],[0.480739,0.377318],[0.495853,0.478073],[0.580234,0.28104],[0.63313,0.753471],[0.392578,0.787056],[0.717516,0.453444],[0.514744,0.726604],[0.435399,0.87214],[0.652026,0.693019]]"
ac5ab30c86634b6756241056,frames/ac5ab30c86634b6756241056.png,"[[0.303157,0.466878],[0.693583,0.793774],[0.339681,0.319103],[0.508447,0.301191],[0.741443,0.522853],[0.711219,0.126548],[0.759078,0.236259],[0.513484,0.16685],[0.644469,0.787056],[0.458069,0.791535]]"
ac66c10137a2f4d457a43a31,frames/ac66c10137a2f4d457a43a31.png,"[[0.742703,0.639281],[0.483258,0.372839],[0.488296,0.473594],[0.730109,0.4624],[0.749,0.578829],[0.362351,0.442248],[0.746484,0.269844],[0.601646,0.843032],[0.356054,0.807208],[0.662099,0.596741]]"
ac7a821388de45adb8c0085e,frames/ac7a821388de45adb8c0085e.png,"[[0.741443,0.628087],[0.481998,0.368361],[0.489555,0.473594],[0.720031,0.489268],[0.741443,0.57659],[0.353535,0.426576],[0.66462,0.151177],[0.604167,0.854227],[0.298119,0.73332],[0.665875,0.592263]]"
ac894a04ca3283f6623cbf0a,frames/ac894a04ca3283f6623cbf0a.png,"[[0.745224,0.634804],[0.481998,0.368361],[0.489555,0.478073],[0.740182,0.401946],[0.749,0.581068],[0.348497,0.377318],[0.349757,0.287756],[0.604167,0.84751],[0.291822,0.316864],[0.665875,0.583306]]"
ac9ccf60839b0bc493c731b0,frames/ac9ccf60839b0bc493c731b0.png,"[[0.234023,0.466414],[0.171243,0.662528],[0.158687,0.576429],[0.669898,0.501492],[0.259135,0.823564],[0.581108,0.523814],[0.165862,0.829942],[0.625951,0.362778],[0.62057,0.428149],[0.514741,0.402638],[0.042095,0.120425],[0.382005,0.638611],[0.224158,0.898503]]"
aca4c58ad43090155a0dd045,frames/aca4c58ad43090155a0dd045.png,"[[0.44927,0.488736],[0.351512,0.681661],[0.869898,0.294217],[0.827742,0.152314],[0.755996,0.232035],[0.401736,0.461631],[0.590077,0.155503],[0.616983,0.044444],[0.166759,0.080565],[0.070794,0.836319],[0.058238,0.091726],[0.208014,0.074187]]"
aca4e8ba4bd54b53fec78b0e,frames/aca4e8ba4bd54b53fec78b0e.png,"[[0.474902,0.463221],[0.494748,0.825833],[0.573026,0.523983],[0.547672,0.4103],[0.507978,0.610227],[0.611724,0.426576],[0.697365,0.520614],[0.485777,0.146699],[0.713734,0.417619],[0.755297,0.433293]]"
acd3c509e55653560fe093f6,frames/acd3c509e55653560fe093f6.png,"[[0.528598,0.863183],[0.688547,0.75795],[0.347238,0.227303],[0.317011,0.547482],[0.590312,0.187001],[0.722552,0.276561],[0.721292,0.466878],[0.557568,0.079528],[0.310714,0.469117],[0.607943,0.838555]]"
acec5113cd5008120c10b1c1,frames/acec5113cd5008120c10b1c1.png,"[[0.745224,0.64376],[0.483258,0.377318],[0.488296,0.478073],[0.660839,0.316864],[0.74774,0.581068],[0.343459,0.388512],[0.354794,0.276561],[0.607943,0.84751],[0.286784,0.34821],[0.663359,0.585545]]"
acf24ea02d7a4a0967e59e9d,frames/acf24ea02d7a4a0967e59e9d.png,"[[0.35779,0.72471],[0.433126,0.295811],[0.72909,0.676878],[0.74587,0.421128],[0.805545,0.236278],[0.768552,0.455254],[0.782941,0.05625],[0.567751,0.051428],[0.848375,0.088537],[0.254651,0.232035],[0.616848,0.509488],[0.37214,0.405826],[0.379314,0.322917],[0.210705,0.461631],[0.115638,0.606724],[0.306669,0.450471],[0.403194,0.695993],[0.620191,0.376121],[0.855273,0.718496],[0.162688,0.901739],[0.357986,0.528824],[0.538817,0.43881],[0.622,0.371299],[0.573176,0.376121],[0.41766,0.729749],[0.435816,0.498303],[0.423261,0.565268],[0.428641,0.665717],[0.861828,0.955556],[0.455548,0.421771],[0.467207,0.747032],[0.478866,0.340456],[0.583798,0.557296],[0.41788,0.383504],[0.382902,0.609912],[0.571243,0.044444],[0.477072,0.490331],[0.435816,0.337267]]"
ad04e3f0e2e73f26bc295dbf,frames/ad04e3f0e2e73f26bc295dbf.png,"[[0.328346,0.433293],[0.463107,0.80273],[0.335903,0.567633],[0.580234,0.843032],[0.502149,0.16685],[0.604167,0.160132],[0.769151,0.64376],[0.654542,0.596741],[0.69988,0.587784],[0.75026,0.426576]]"
ad14dc25fe9e779091caf4fb,frames/ad14dc25fe9e779091caf4fb.png,"[[0.743964,0.632565],[0.481998,0.368361],[0.488296,0.478073],[0.727589,0.466878],[0.743964,0.592263],[0.351016,0.43777],[0.714995,0.198196],[0.601646,0.851988],[0.31827,0.787056],[0.663359,0.587784]]"
ad331d4b639f37f7c385e025,frames/ad331d4b639f37f7c385e025.png,"[[0.032229,0.721522],[0.242991,0.667311],[0.37752,0.747032],[0.611602,0.141153],[0.293216,0.912851],[0.634023,0.171447],[0.728193,0.676878],[0.594875,0.215382],[0.860695,0.249137],[0.773037,0.450471],[0.764857,0.086791],[0.65455,0.403447],[0.60622,0.409015],[0.60663,0.261996],[0.211602,0.133181],[0.37752,0.546135],[0.444785,0.442499],[0.346164,0.955556],[0.654617,0.651774],[0.221164,0.600614],[0.58897,0.288864],[0.120122,0.774138],[0.498597,0.283056],[0.51205,0.772543],[0.509359,0.75341],[0.394561,0.600346],[0.60353,0.727899],[0.455548,0.732682],[0.485144,0.539758],[0.568552,0.321322],[0.457341,0.799649],[0.552409,0.372343],[0.541646,0.472792],[0.464516,0.294217],[0.540749,0.413799]]"
ad33d58e02a15866952b1912,frames/ad33d58e02a15866952b1912.png,"[[0.196355,0.337267],[0.214292,0.416988],[0.347924,0.506275],[0.17214,0.662528],[0.222364,0.919229],[0.282453,0.461631],[0.452857,0.305378],[0.348821,0.350022],[0.860031,0.892125],[0.398148,0.509464],[0.51205,0.855453],[0.448373,0.41061],[0.537162,0.514247],[0.562274,0.845886],[0.441198,0.461631],[0.703978,0.247979],[0.713844,0.60194],[0.025,0.565268]]"
ad685d9cee0a5eb0e63e0055,frames/ad685d9cee0a5eb0e63e0055.png,"[[0.372427,0.207152],[0.648245,0.695257],[0.469404,0.247455],[0.47948,0.200435],[0.392578,0.341493],[0.667135,0.585545],[0.667135,0.386273],[0.573938,0.431054],[0.398875,0.84751],[0.6155,0.312386]]"
ade4637cf42ae00ce9c35028,frames/ade4637cf42ae00ce9c35028.png,"[[0.173934,0.361183],[0.306669,0.676878],[0.276175,0.853858],[0.612498,0.334078],[0.671691,0.271896],[0.029539,0.562079],[0.702184,0.691228],[0.53178,0.528597],[0.775707,0.622053],[0.629234,0.416307],[0.408619,0.718496],[0.49813,0.393803],[0.46558,0.104472],[0.707566,0.158691],[0.244785,0.421771],[0.622364,0.147531],[0.376623,0.81081],[0.400839,0.181013],[0.208014,0.696011],[0.379314,0.456847],[0.48335,0.361183],[0.025,0.428149],[0.509359,0.104481]]"
adf099c282c7e8ac82424fcb,frames/adf099c282c7e8ac82424fcb.png,"[[0.364965,0.740654],[0.43761,0.334078],[0.730884,0.676878],[0.744966,0.422736],[0.782941,0.229849],[0.769449,0.464819],[0.781132,0.044998],[0.562326,0.05625],[0.873484,0.080565],[0.219673,0.163475],[0.632135,0.6182],[0.387386,0.550918],[0.369449,0.394665],[0.20353,0.621074],[0.161377,0.609912],[0.282453,0.354806],[0.452923,0.819763],[0.576792,0.319862],[0.837188,0.731356],[0.356177,0.655808],[0.583121,0.316647],[0.575888,0.376121],[0.431223,0.607586],[0.448373,0.394665],[0.448373,0.939957],[0.860031,0.955556],[0.460032,0.318133],[0.547924,0.60194],[0.379314,0.287839],[0.422364,0.772543],[0.563171,0.044444],[0.495009,0.60194],[0.416086,0.377126],[0.383798,0.683256],[0.51205,0.562079],[0.324606,0.786893],[0.345234,0.745437],[0.534471,0.841103],[0.241349,0.819763],[0.462868,0.313433]]"
ae239898b3222f111aad14e5,frames/ae239898b3222f111aad14e5.png,"[[0.180211,0.362778],[0.310256,0.68485],[0.975,0.528597],[0.291422,0.81081],[0.608014,0.329294],[0.675279,0.25914],[0.032229,0.550918],[0.721019,0.691228],[0.554202,0.566862],[0.818203,0.569008],[0.627425,0.422736],[0.426702,0.707244],[0.491801,0.408269],[0.470102,0.118938],[0.704875,0.169852],[0.272588,0.436121],[0.63492,0.158691],[0.382005,0.807621],[0.411602,0.142747],[0.193664,0.766165],[0.40353,0.397854],[0.484247,0.350022]]"
ae2472c67e6d42bfb95a43d9,frames/ae2472c67e6d42bfb95a43d9.png,"[[0.920125,0.247979],[0.866312,0.60194],[0.282453,0.598751],[0.64927,0.648178],[0.76048,0.68485],[0.947031,0.531786],[0.344337,0.589185],[0.870797,0.169852],[0.670795,0.705578],[0.742543,0.718333],[0.152409,0.637017],[0.355099,0.490331],[0.221467,0.716739],[0.350615,0.442499],[0.619673,0.501492],[0.564068,0.745437],[0.410705,0.198551],[0.503978,0.450471],[0.481556,0.550918],[0.975,0.61629],[0.424893,0.435594],[0.534471,0.589185],[0.624158,0.584401],[0.690525,0.911257],[0.350615,0.657744],[0.677072,0.605129],[0.334471,0.542947],[0.737162,0.445687],[0.34344,0.3564],[0.550615,0.447282],[0.404427,0.613101],[0.326399,0.416988],[0.280659,0.420176],[0.280659,0.479169],[0.842094,0.696011],[0.882453,0.672094],[0.08066,0.55889],[0.906672,0.55889],[0.939852,0.483953],[0.973039,0.550918]]"
ae3818ceeee739f6412eea07,frames/ae3818ceeee739f6412eea07.png,"[[0.323308,0.428815],[0.573938,0.827359],[0.335903,0.547482],[0.623057,0.818403],[0.528598,0.106396],[0.662099,0.175806],[0.775448,0.4624],[0.602906,0.433293],[0.440437,0.668389],[0.730109,0.466878]]"
ae502d43bffaf494deb98c49,frames/ae502d43bffaf494deb98c49.png,"[[0.31205,0.801243],[0.525502,0.332483],[0.40353,0.260735],[0.72909,0.676878],[0.742253,0.421128],[0.825437,0.244315],[0.769449,0.45366],[0.776611,0.04982],[0.554188,0.090005],[0.80353,0.070998],[0.370346,0.217685],[0.557495,0.44394],[0.342543,0.354806],[0.393664,0.303783],[0.21788,0.450471],[0.199942,0.659339],[0.202633,0.81081],[0.312947,0.468008],[0.542434,0.371299],[0.564134,0.245922],[0.399577,0.487032],[0.658166,0.274856],[0.88782,0.753858],[0.342615,0.536861],[0.461964,0.433988],[0.404098,0.416307],[0.475527,0.421128],[0.532488,0.544897],[0.586738,0.416307],[0.612054,0.419521],[0.653645,0.276462],[0.580409,0.305396],[0.350752,0.824585],[0.605323,0.688039],[0.556893,0.842697],[0.510256,0.495114],[0.878867,0.955556],[0.498597,0.786893],[0.539852,0.409015],[0.479762,0.338861],[0.505772,0.421771]]"
ae61bb2c65d08c6e7303d08b,frames/ae61bb2c65d08c6e7303d08b.png,"[[0.277072,0.498303],[0.277969,0.609912],[0.246579,0.431338],[0.638507,0.184203],[0.35779,0.098103],[0.737162,0.955556],[0.71205,0.077376],[0.728193,0.58759],[0.494113,0.520625],[0.771243,0.271896],[0.194561,0.858642],[0.085144,0.775732],[0.208014,0.829942],[0.65196,0.080565],[0.173037,0.102887],[0.537162,0.047082],[0.818773,0.206524],[0.477969,0.450471],[0.521019,0.047082],[0.753305,0.227251]]"
ae6dea823605777c49826e1c,frames/ae6dea823605777c49826e1c.png,"[[0.323308,0.422097],[0.580234,0.822881],[0.334643,0.527331],[0.619276,0.822881],[0.519782,0.095201],[0.658323,0.175806],[0.783005,0.471356],[0.602906,0.446727],[0.461847,0.686301],[0.73137,0.469117]]"
ae83a922a1cf712590284d19,frames/ae83a922a1cf712590284d19.png,"[[0.433126,0.917635],[0.747924,0.94474],[0.58918,0.479169],[0.888734,0.68485],[0.895906,0.565268],[0.775727,0.402638],[0.521019,0.378721],[0.140749,0.696011],[0.88425,0.794865],[0.600839,0.219279],[0.430435,0.142747],[0.477969,0.270301],[0.693216,0.104481],[0.464516,0.450471],[0.975,0.416988]]"
ae8a689b3cc7a9cc47dcb5f9,frames/ae8a689b3cc7a9cc47dcb5f9.png,"[[0.956891,0.383504],[0.866312,0.60194],[0.338059,0.648178],[0.130884,0.383504],[0.597252,0.633829],[0.713844,0.740654],[0.89232,0.562079],[0.349718,0.58759],[0.866312,0.263924],[0.922812,0.668906],[0.61788,0.710361],[0.674382,0.75341],[0.282453,0.611507],[0.975,0.648178],[0.394561,0.565268],[0.284247,0.632235],[0.292319,0.483953],[0.622364,0.609912],[0.520122,0.562079],[0.398148,0.203335],[0.57483,0.391476],[0.412498,0.488736],[0.882453,0.605129],[0.333573,0.443632],[0.60622,0.57324],[0.650166,0.557296],[0.639404,0.842697],[0.269001,0.6992],[0.729987,0.624262],[0.269898,0.555701],[0.737162,0.43931],[0.272588,0.383504],[0.695906,0.498303],[0.351512,0.727899],[0.248373,0.495114],[0.149718,0.326106],[0.15779,0.461631],[0.927297,0.756599],[0.965859,0.71355],[0.050166,0.458442]]"
aec08e75c70981708dabc00e,frames/aec08e75c70981708dabc00e.png,"[[0.668396,0.710931],[0.481998,0.3706],[0.494593,0.478073],[0.398875,0.249694],[0.74774,0.581068],[0.298119,0.518375],[0.3422,0.249694],[0.605422,0.843032],[0.391318,0.137743],[0.665875,0.590023]]"
aed90359f0a4f6a3d9cc19e3,frames/aed90359f0a4f6a3d9cc19e3.png,"[[0.321916,0.614696],[0.594561,0.377126],[0.534471,0.131586],[0.728193,0.676878],[0.729595,0.419521],[0.839906,0.282893],[0.764965,0.45366],[0.760337,0.057857],[0.633754,0.287715],[0.747924,0.080565],[0.538817,0.319862],[0.345234,0.192174],[0.338955,0.751815],[0.65192,0.528672],[0.66361,0.643781],[0.381108,0.638611],[0.371243,0.718333],[0.429538,0.314944],[0.693216,0.306972],[0.494113,0.643394],[0.496803,0.801243],[0.271691,0.488736],[0.436713,0.79646],[0.559584,0.354806],[0.460929,0.75341],[0.515637,0.499897],[0.477072,0.413799],[0.40622,0.702389],[0.446579,0.716739],[0.446579,0.531786],[0.457341,0.260735],[0.540749,0.6992],[0.398148,0.394665],[0.381494,0.755467],[0.459252,0.66706],[0.471909,0.350403],[0.512597,0.954783]]"
aede65bbef7e061b202c15f7,frames/aede65bbef7e061b202c15f7.png,"[[0.358687,0.721522],[0.446579,0.311756],[0.730884,0.676878],[0.746774,0.424343],[0.790173,0.236278],[0.77214,0.464819],[0.780228,0.04982],[0.564134,0.057857],[0.861828,0.098103],[0.216983,0.203335],[0.65192,0.551054],[0.370346,0.468008],[0.373934,0.322917],[0.19187,0.514247],[0.127296,0.60194],[0.314741,0.409015],[0.40681,0.712067],[0.615671,0.337544],[0.85075,0.723318],[0.359794,0.588297],[0.535201,0.408269],[0.616575,0.332722],[0.573176,0.376121],[0.433935,0.700815],[0.460929,0.377126],[0.418777,0.445687],[0.501288,0.735871],[0.862719,0.955556],[0.409808,0.941551],[0.471691,0.359589],[0.556893,0.57324],[0.349718,0.351617],[0.369449,0.705578],[0.569449,0.044444],[0.471691,0.570051],[0.425951,0.359589],[0.465413,0.501492],[0.521916,0.461631],[0.293216,0.924012],[0.353305,0.90169]]"
aef31313f863e44bfd780c83,frames/aef31313f863e44bfd780c83.png,"[[0.668396,0.706453],[0.483258,0.377318],[0.495853,0.487029],[0.560083,0.276561],[0.742703,0.581068],[0.330865,0.701974],[0.290562,0.482551],[0.604167,0.84751],[0.437918,0.117591],[0.659578,0.594502]]"
af3082619818b0bd4eb08391,frames/af3082619818b0bd4eb08391.png,"[[0.412729,0.701974],[0.759078,0.605696],[0.351016,0.287756],[0.392578,0.612414],[0.628094,0.115352],[0.723812,0.267606],[0.726333,0.478073],[0.531117,0.117591],[0.444215,0.585545],[0.592828,0.822881]]"
af3d3bfd766f9c00f9f3f9e9,frames/af3d3bfd766f9c00f9f3f9e9.png,"[[0.425323,0.639281],[0.483258,0.3706],[0.493333,0.509419],[0.594089,0.247455],[0.670917,0.867661],[0.639427,0.155655],[0.68225,0.231781],[0.623057,0.379556],[0.75026,0.787056],[0.694844,0.778101]]"
af50b1c32f3643045ca94403,frames/af50b1c32f3643045ca94403.png,"[[0.22057,0.345239],[0.293216,0.383504],[0.171243,0.660933],[0.073485,0.691228],[0.721019,0.517436],[0.459135,0.716739],[0.627745,0.542947],[0.171243,0.828347],[0.699494,0.925607],[0.675279,0.321322],[0.640301,0.464819],[0.050166,0.632235],[0.553305,0.514247],[0.138059,0.294217]]"
af5c26031bd332cb71e18709,frames/af5c26031bd332cb71e18709.png,"[[0.747924,0.893719],[0.809805,0.879369],[0.533574,0.900097],[0.175727,0.044444],[0.138059,0.857047],[0.549718,0.517436],[0.702184,0.935174],[0.431332,0.495114],[0.265413,0.544542],[0.813398,0.289433],[0.100391,0.598751],[0.337162,0.659339],[0.764965,0.23044],[0.650166,0.09332],[0.356893,0.509464]]"
af6f1f1d4e2f8bd27a9ca94c,frames/af6f1f1d4e2f8bd27a9ca94c.png,"[[0.027745,0.735871],[0.123709,0.592374],[0.375727,0.947929],[0.438507,0.528597],[0.642991,0.255951],[0.495009,0.646583],[0.592767,0.294217],[0.525502,0.287839],[0.416086,0.472792],[0.57214,0.055054],[0.679762,0.28465],[0.72909,0.676878],[0.567751,0.226633],[0.822727,0.221811],[0.77214,0.455254],[0.82182,0.152694],[0.626521,0.361656],[0.2977,0.632235],[0.387823,0.892094],[0.456539,0.63009],[0.416756,0.88245],[0.499494,0.55889],[0.335368,0.633829],[0.629538,0.605129],[0.591259,0.25396],[0.432127,0.319862],[0.559584,0.598751],[0.470795,0.517436],[0.430435,0.314944],[0.088731,0.338861],[0.500391,0.294217],[0.523709,0.525408],[0.496803,0.821969],[0.503081,0.442499],[0.460032,0.345239],[0.467207,0.397854]]"
af7d02a023a4ec3d3ceeb83d,frames/af7d02a023a4ec3d3ceeb83d.png,"[[0.737667,0.632565],[0.480739,0.368361],[0.489555,0.473594],[0.723812,0.466878],[0.740182,0.581068],[0.388799,0.4624],[0.781745,0.493746],[0.59787,0.843032],[0.519782,0.876618],[0.663359,0.594502]]"
af894b14fa8a9099fc816b71,frames/af894b14fa8a9099fc816b71.png,"[[0.459329,0.135504],[0.562604,0.619131],[0.454901,0.234591],[0.463107,0.187001],[0.393838,0.245215],[0.670917,0.368361],[0.628094,0.25641],[0.578974,0.417619],[0.527339,0.878856],[0.552526,0.207152]]"
afb4fa8379a24f9356702419,frames/afb4fa8379a24f9356702419.png,"[[0.489555,0.838555],[0.691068,0.782579],[0.354794,0.292234],[0.343459,0.601219],[0.618021,0.16685],[0.717516,0.267606],[0.720031,0.469117],[0.571417,0.106396],[0.327086,0.509419],[0.580234,0.838555]]"
afbb1068c0ec6f1d892c759b,frames/afbb1068c0ec6f1d892c759b.png,"[[0.471594,0.651388],[0.536644,0.851315],[0.581849,0.896395],[0.512389,0.490663],[0.576333,0.298577],[0.441696,0.426576],[0.639427,0.610175],[0.743964,0.160132],[0.721292,0.401946],[0.759078,0.433293]]"
b004f250eac76b3ff7f74648,frames/b004f250eac76b3ff7f74648.png,"[[0.449253,0.431054],[0.621797,0.80273],[0.315752,0.319103],[0.599125,0.874379],[0.599125,0.184762],[0.667135,0.16685],[0.723812,0.457921],[0.505928,0.258649],[0.412729,0.567633],[0.684771,0.717647]]"
b00931acc9b39182406b66e9,frames/b00931acc9b39182406b66e9.png,"[[0.446236,0.602386],[0.519004,0.806233],[0.645797,0.872875],[0.431903,0.461262],[0.664536,0.451461],[0.512225,0.276561],[0.68225,0.567633],[0.686031,0.099679],[0.720031,0.410903],[0.760339,0.442248]]"
b0331faafebf2bfd8059ae6a,frames/b0331faafebf2bfd8059ae6a.png,"[[0.662099,0.710931],[0.47948,0.372839],[0.494593,0.473594],[0.571417,0.272083],[0.73137,0.610175],[0.378724,0.766906],[0.277968,0.639281],[0.604167,0.858706],[0.390059,0.175806],[0.660839,0.590023]]"
b03a6ec031bff8141b964b77,frames/b03a6ec031bff8141b964b77.png,"[[0.584016,0.654955],[0.480739,0.368361],[0.495853,0.471356],[0.575198,0.276561],[0.674693,0.695257],[0.333384,0.818403],[0.533636,0.954983],[0.494593,0.887813],[0.304417,0.601219],[0.665875,0.630326]]"
b03fc13aeed103417386daf9,frames/b03fc13aeed103417386daf9.png,"[[0.686041,0.428149],[0.671691,0.278274],[0.179314,0.362778],[0.267207,0.498303],[0.867203,0.490331],[0.394561,0.798054],[0.488731,0.622668],[0.823258,0.487142],[0.375727,0.662528],[0.474382,0.377126],[0.571243,0.483953],[0.025,0.853858],[0.24927,0.260735],[0.636713,0.283056],[0.106669,0.71355],[0.61788,0.420176],[0.503555,0.514357],[0.423085,0.554542],[0.495418,0.472565],[0.366123,0.789222]]"
b04096038068f76e50f5ea13,frames/b04096038068f76e50f5ea13.png,"[[0.570161,0.791535],[0.648245,0.766906],[0.431621,0.07505],[0.444215,0.827359],[0.596609,0.175806],[0.68225,0.251932],[0.722552,0.466878],[0.497112,0.258649],[0.407691,0.55196],[0.702401,0.75795]]"
b09d23320b03f922626f2540,frames/b09d23320b03f922626f2540.png,"[[0.232229,0.688039],[0.555099,0.340456],[0.43761,0.137964],[0.728193,0.676878],[0.740445,0.424343],[0.855273,0.273249],[0.764965,0.45366],[0.775707,0.046606],[0.540626,0.1977],[0.755996,0.083754],[0.37214,0.10767],[0.415189,0.855453],[0.640229,0.455131],[0.330884,0.498303],[0.443888,0.316539],[0.511153,0.292622],[0.443888,0.76776],[0.271691,0.511058],[0.308462,0.732682],[0.404427,0.750221],[0.299494,0.498303],[0.390077,0.399449],[0.425798,0.557757],[0.39596,0.573831],[0.576792,0.673489],[0.457443,0.49989],[0.5786,0.540075],[0.367931,0.570617],[0.414948,0.366476],[0.479143,0.715282],[0.513501,0.342367],[0.546955,0.700815],[0.965578,0.821369],[0.461964,0.385765],[0.500843,0.955556]]"
b0aacdbf56e9b29cec59d905,frames/b0aacdbf56e9b29cec59d905.png,"[[0.32079,0.57659],[0.659578,0.831837],[0.352276,0.276561],[0.555047,0.350449],[0.725073,0.66615],[0.650766,0.088484],[0.727589,0.18924],[0.539933,0.155655],[0.679729,0.670628],[0.379983,0.672867]]"
b0b2595d78706e0c2b6582d7,frames/b0b2595d78706e0c2b6582d7.png,"[[0.672177,0.482551],[0.481998,0.368361],[0.495853,0.482551],[0.575198,0.276561],[0.644469,0.762428],[0.353535,0.813925],[0.557568,0.710931],[0.541192,0.811686],[0.395097,0.887813],[0.650766,0.695257]]"
b0e08d5f35bf11fcb1869528,frames/b0e08d5f35bf11fcb1869528.png,"[[0.050166,0.461631],[0.032229,0.732682],[0.158687,0.892125],[0.264516,0.401043],[0.332677,0.648178],[0.402633,0.955556],[0.37483,0.72471],[0.382005,0.665717],[0.415189,0.665717],[0.435816,0.294217],[0.416086,0.57324],[0.565862,0.303783],[0.467207,0.547729],[0.528193,0.694417],[0.455548,0.60194],[0.559584,0.345239],[0.625951,0.359589],[0.573934,0.637017],[0.58918,0.751815],[0.642991,0.083754],[0.695906,0.428149],[0.727296,0.676878],[0.514405,0.175197],[0.784748,0.225026],[0.767655,0.450471],[0.854367,0.184842],[0.425055,0.428149],[0.032488,0.921028],[0.557805,0.384158],[0.558709,0.782792],[0.296803,0.909662],[0.469197,0.456492],[0.522542,0.867983],[0.546051,0.424343],[0.570463,0.361656],[0.50898,0.437203]]"
b119c44e1a8c0a2a648e0fc8,frames/b119c44e1a8c0a2a648e0fc8.png,"[[0.026848,0.71355],[0.25196,0.648178],[0.412498,0.807621],[0.619673,0.174636],[0.66362,0.147531],[0.728193,0.676878],[0.619288,0.247531],[0.857078,0.247531],[0.773037,0.450471],[0.75672,0.083576],[0.678962,0.409876],[0.629538,0.326106],[0.61115,0.261996],[0.152409,0.117237],[0.347924,0.629046],[0.399942,0.539758],[0.678898,0.638983],[0.253538,0.615003],[0.582675,0.215322],[0.152409,0.755004],[0.487834,0.24479],[0.399942,0.896908],[0.555996,0.58759],[0.359584,0.416988],[0.575727,0.523814],[0.414292,0.570051],[0.435816,0.676878],[0.602633,0.3277],[0.477969,0.688039],[0.550615,0.36756],[0.53178,0.528597],[0.38918,0.402638],[0.556893,0.461631],[0.4977,0.461631],[0.484247,0.362778],[0.37483,0.909662]]"
b13540e9999af750245de4a7,frames/b13540e9999af750245de4a7.png,"[[0.618021,0.554199],[0.47948,0.368361],[0.495853,0.478073],[0.576458,0.276561],[0.641948,0.753471],[0.36361,0.818403],[0.56638,0.706453],[0.537414,0.818403],[0.393838,0.896769],[0.650766,0.697496]]"
b14c233409f0bdf0ce3bb9e9,frames/b14c233409f0bdf0ce3bb9e9.png,"[[0.199942,0.3277],[0.212498,0.416988],[0.442991,0.350022],[0.173934,0.662528],[0.199045,0.898503],[0.18918,0.475981],[0.855547,0.885747],[0.399045,0.55889],[0.511153,0.866614],[0.485144,0.337267],[0.528193,0.458442],[0.573934,0.852264],[0.486041,0.383504],[0.705772,0.254357],[0.748821,0.570051],[0.059135,0.416988],[0.947031,0.165069]]"
b14fb3b5149bc7177fc76b0e,frames/b14fb3b5149bc7177fc76b0e.png,"[[0.818203,0.519179],[0.773898,0.766718],[0.15779,0.845886],[0.025951,0.622668],[0.134471,0.762976],[0.315638,0.617885],[0.252857,0.702389],[0.869898,0.598751],[0.267207,0.729493],[0.499034,0.487032],[0.470795,0.565268],[0.381108,0.445687],[0.642095,0.716739],[0.679866,0.55615],[0.610705,0.629046],[0.533574,0.55889],[0.630435,0.702389],[0.051063,0.365967],[0.722813,0.372343],[0.465413,0.299],[0.385592,0.263924],[0.365862,0.488736],[0.411602,0.603535],[0.433126,0.522219],[0.726399,0.55889],[0.652857,0.637017],[0.364068,0.377126],[0.251063,0.667311],[0.675279,0.475981],[0.282453,0.413799],[0.338955,0.495114],[0.134471,0.343644],[0.783798,0.624262],[0.149718,0.581212],[0.901289,0.464819],[0.975,0.525408]]"
b167a844792664cdf5f5e4ae,frames/b167a844792664cdf5f5e4ae.png,"[[0.741443,0.637043],[0.483258,0.368361],[0.489555,0.478073],[0.73137,0.453444],[0.746484,0.583306],[0.367389,0.43777],[0.762854,0.39299],[0.604167,0.858706],[0.407691,0.883334],[0.660839,0.594502]]"
b189775647de70fe4350b99c,frames/b189775647de70fe4350b99c.png,"[[0.309454,0.337015],[0.665875,0.661672],[0.458069,0.229543],[0.507188,0.200435],[0.444215,0.451205],[0.670917,0.57659],[0.670917,0.466878],[0.578974,0.417619],[0.368648,0.699735],[0.658323,0.368361]]"
b1a2665b24d83ee628fd69ad,frames/b1a2665b24d83ee628fd69ad.png,"[[0.43414,0.124308],[0.481998,0.372839],[0.494593,0.487029],[0.584016,0.249694],[0.63313,0.787056],[0.47822,0.822881],[0.721292,0.431054],[0.573938,0.567633],[0.504668,0.956481],[0.649505,0.751232]]"
b1df074fc1ea4f57912f41c3,frames/b1df074fc1ea4f57912f41c3.png,"[[0.801023,0.429165],[0.570463,0.429165],[0.569559,0.686349],[0.768473,0.657415],[0.910078,0.427589],[0.852562,0.554542],[0.276175,0.839508],[0.033554,0.400274],[0.825437,0.644556],[0.122812,0.791676],[0.348821,0.609912],[0.941648,0.955556],[0.469898,0.732682],[0.396355,0.428149],[0.869898,0.60194],[0.514741,0.554107],[0.695906,0.605129],[0.328148,0.353618],[0.327296,0.751815],[0.624158,0.43931],[0.74344,0.710361],[0.376069,0.689564],[0.354202,0.531786],[0.269898,0.495114],[0.832227,0.72471],[0.060929,0.332483],[0.365862,0.431338],[0.238507,0.45366],[0.282453,0.343644],[0.188283,0.444093],[0.077969,0.528597],[0.098597,0.442499],[0.861828,0.300594],[0.952406,0.546135],[0.025,0.377126]]"
b1f92e86846d9c50018115d9,frames/b1f92e86846d9c50018115d9.png,"[[0.612979,0.679584],[0.483258,0.3706],[0.492074,0.482551],[0.573938,0.276561],[0.678474,0.661672],[0.401394,0.831837],[0.521041,0.956481],[0.528598,0.851988],[0.310714,0.594502],[0.667135,0.610175]]"
b20d4e3cfe52e82a1ee31283,frames/b20d4e3cfe52e82a1ee31283.png,"[[0.449253,0.316864],[0.481998,0.368361],[0.494593,0.518375],[0.596609,0.25641],[0.653281,0.883334],[0.68351,0.312386],[0.733885,0.413142],[0.631875,0.397469],[0.694844,0.587784],[0.658323,0.80273]]"
b21639a00bb6931ba6512a2a,frames/b21639a00bb6931ba6512a2a.png,"[[0.544971,0.146699],[0.625573,0.397469],[0.466885,0.198196],[0.393838,0.204913],[0.351016,0.267606],[0.572677,0.258649],[0.531117,0.187001],[0.558823,0.406424],[0.522301,0.854227],[0.464366,0.276561]]"
b2767d90a7ae96d058365768,frames/b2767d90a7ae96d058365768.png,"[[0.422805,0.366122],[0.481998,0.368361],[0.493333,0.527331],[0.594089,0.251932],[0.645724,0.87214],[0.684771,0.357166],[0.716255,0.451205],[0.623057,0.417619],[0.692328,0.578829],[0.650766,0.80273]]"
b2cc63bf03bca52e65d38ad7,frames/b2cc63bf03bca52e65d38ad7.png,"[[0.54875,0.108635],[0.480739,0.372839],[0.497112,0.478073],[0.584016,0.247455],[0.634391,0.782579],[0.449253,0.827359],[0.716255,0.431054],[0.556307,0.621369],[0.469404,0.943788],[0.652026,0.751232]]"
b2f4e52fc6a757dea02071cc,frames/b2f4e52fc6a757dea02071cc.png,"[[0.291422,0.576429],[0.26362,0.480764],[0.309359,0.141153],[0.693216,0.044444],[0.664516,0.841103],[0.509359,0.589185],[0.799045,0.340456],[0.234023,0.911257],[0.027745,0.903285],[0.180211,0.806026],[0.656445,0.059837],[0.15779,0.240007],[0.542543,0.044444],[0.813398,0.262329],[0.494113,0.479169],[0.527296,0.058243],[0.779314,0.227251],[0.256445,0.104481],[0.795458,0.102887]]"
b307fec26038414362fd20b1,frames/b307fec26038414362fd20b1.png,"[[0.216086,0.409015],[0.17483,0.667311],[0.111153,0.621074],[0.686041,0.525408],[0.241198,0.858642],[0.601736,0.523814],[0.163171,0.829942],[0.653754,0.348428],[0.638507,0.428149],[0.028642,0.6705],[0.521019,0.442499],[0.061826,0.198551],[0.443888,0.477575],[0.212498,0.94474]]"
b31a5db8e0e80da1a60a99a1,frames/b31a5db8e0e80da1a60a99a1.png,"[[0.650766,0.69078],[0.483258,0.3706],[0.494593,0.482551],[0.544971,0.220586],[0.696104,0.659433],[0.379983,0.883334],[0.379983,0.68854],[0.602906,0.851988],[0.281746,0.466878],[0.663359,0.590023]]"
b33be9ced06507fb80d2869d,frames/b33be9ced06507fb80d2869d.png,"[[0.44927,0.603535],[0.303081,0.640206],[0.955102,0.45366],[0.755996,0.23044],[0.325502,0.114048],[0.477969,0.059837],[0.600839,0.074187],[0.089628,0.348428],[0.133574,0.955556],[0.08335,0.483953],[0.175727,0.506275],[0.185592,0.568457],[0.54613,0.847481],[0.025,0.841103]]"
b33c7adf4dc3ced4bd6bd181,frames/b33c7adf4dc3ced4bd6bd181.png,"[[0.025,0.6992],[0.296803,0.579618],[0.614292,0.334078],[0.669001,0.098103],[0.728193,0.676878],[0.64822,0.282893],[0.834477,0.261996],[0.768552,0.450471],[0.755816,0.078753],[0.657263,0.339151],[0.706669,0.147531],[0.5786,0.245922],[0.156893,0.182608],[0.334471,0.794865],[0.384695,0.806026],[0.673502,0.615003],[0.577279,0.725315],[0.58807,0.349615],[0.363171,0.632235],[0.4977,0.533381],[0.539852,0.413799],[0.523709,0.705578],[0.482453,0.751815],[0.607117,0.702389],[0.390973,0.506275],[0.45196,0.332483],[0.419673,0.517436],[0.581108,0.483953],[0.444785,0.442499],[0.462723,0.501492],[0.46362,0.525408],[0.451063,0.359589],[0.43761,0.383504],[0.569449,0.853858],[0.458238,0.951118]]"
b3469f8de73c308aeda83e5f,frames/b3469f8de73c308aeda83e5f.png,"[[0.895906,0.487142],[0.865414,0.60194],[0.86093,0.200146],[0.474382,0.598751],[0.975,0.480764],[0.213395,0.488736],[0.433126,0.621074],[0.555996,0.6705],[0.720122,0.466414],[0.80622,0.662528],[0.883352,0.629046],[0.478866,0.520625],[0.245682,0.638611],[0.849273,0.267112],[0.679762,0.756599],[0.23492,0.373938],[0.522812,0.707172],[0.842992,0.490331],[0.514741,0.603535],[0.514741,0.378721],[0.732677,0.676878],[0.597252,0.638611],[0.509359,0.450471],[0.118328,0.466414],[0.695009,0.839508],[0.530884,0.251168],[0.253754,0.466414],[0.713844,0.550918],[0.235816,0.431338],[0.495009,0.506275],[0.140084,0.321469],[0.778417,0.421771],[0.837609,0.332483],[0.776623,0.806026],[0.895906,0.251168],[0.076175,0.621074],[0.946133,0.680067],[0.073485,0.509464],[0.931781,0.388288],[0.063619,0.420176]]"
b35e0443c59836c61abe1011,frames/b35e0443c59836c61abe1011.png,"[[0.960477,0.413799],[0.866312,0.60194],[0.951508,0.211307],[0.398148,0.611507],[0.136265,0.442499],[0.533574,0.598751],[0.624158,0.729493],[0.817883,0.579618],[0.947922,0.705578],[0.371243,0.590779],[0.090525,0.576429],[0.865414,0.271896],[0.804427,0.632235],[0.060929,0.311756],[0.555996,0.790082],[0.947922,0.314944],[0.622364,0.681661],[0.323709,0.531786],[0.899492,0.649772],[0.494113,0.705578],[0.355099,0.565268],[0.208014,0.534975],[0.657341,0.688039],[0.525502,0.475981],[0.413395,0.222468],[0.638507,0.495114],[0.324606,0.431338],[0.675279,0.598751],[0.235924,0.409876],[0.678866,0.517436],[0.747027,0.488736],[0.687834,0.857047],[0.972141,0.236818],[0.199045,0.660933],[0.804427,0.735871],[0.181108,0.565268],[0.775727,0.365967],[0.188283,0.350022],[0.860031,0.536569],[0.304875,0.829942],[0.125502,0.517436],[0.079763,0.41061]]"
b36ec6c00c38dba0627772d8,frames/b36ec6c00c38dba0627772d8.png,"[[0.66462,0.388512],[0.480739,0.3706],[0.495853,0.478073],[0.581495,0.28104],[0.63313,0.771383],[0.367389,0.798252],[0.646984,0.509419],[0.531117,0.807208],[0.400134,0.907964],[0.650766,0.699735]]"
b39efa49ce2fa923d4dc4f97,frames/b39efa49ce2fa923d4dc4f97.png,"[[0.6977,0.265518],[0.648373,0.147531],[0.178417,0.365967],[0.361377,0.421771],[0.862719,0.402638],[0.204427,0.825158],[0.488731,0.629046],[0.839406,0.673689],[0.315638,0.676878],[0.512947,0.350022],[0.652857,0.464819],[0.027745,0.705578],[0.280659,0.275085],[0.588283,0.372343],[0.104875,0.818781],[0.6977,0.428149],[0.560517,0.52561],[0.482759,0.565794],[0.55238,0.461314],[0.423085,0.692778],[0.312777,0.398625],[0.482759,0.117331],[0.152741,0.094828],[0.900391,0.069404],[0.476175,0.338861],[0.569449,0.270301]]"
b3e7cdaa4ba2f94d12111a2f,frames/b3e7cdaa4ba2f94d12111a2f.png,"[[0.20622,0.3277],[0.211602,0.41061],[0.232229,0.542947],[0.187386,0.667311],[0.238507,0.922418],[0.286937,0.491925],[0.408911,0.359589],[0.39187,0.428149],[0.870797,0.94474],[0.467207,0.365967],[0.448373,0.479169],[0.503978,0.834725],[0.521916,0.294217],[0.498597,0.455254],[0.537162,0.525408],[0.553305,0.794865],[0.518328,0.480764],[0.653754,0.817186],[0.612498,0.222468],[0.680659,0.28465],[0.700391,0.617885]]"
b428e3198ec47eed315d67c0,frames/b428e3198ec47eed315d67c0.png,"[[0.599045,0.562079],[0.587386,0.475981],[0.183798,0.361183],[0.429538,0.691228],[0.724606,0.578024],[0.781108,0.589185],[0.536265,0.491925],[0.628641,0.442499],[0.260929,0.888936],[0.492319,0.622668],[0.450166,0.370749],[0.416086,0.434526],[0.056444,0.879369],[0.40622,0.295811],[0.624158,0.283056],[0.342543,0.911257],[0.311153,0.517436],[0.566759,0.3277]]"
b487554c309b0532e1ea8d26,frames/b487554c309b0532e1ea8d26.png,"[[0.033126,0.710361],[0.242095,0.672094],[0.450166,0.847481],[0.592767,0.198551],[0.681556,0.137964],[0.728193,0.676878],[0.623809,0.249137],[0.857984,0.255567],[0.773037,0.447282],[0.75672,0.085183],[0.686195,0.403447],[0.632229,0.3277],[0.609342,0.258782],[0.138059,0.094915],[0.369449,0.6705],[0.359584,0.566862],[0.675301,0.634188],[0.316488,0.621397],[0.561991,0.242501],[0.171243,0.747032],[0.486937,0.24479],[0.370346,0.922418],[0.555099,0.542947],[0.394561,0.350022],[0.573037,0.477575],[0.442095,0.509464],[0.381108,0.735871],[0.578417,0.348428],[0.487834,0.598751],[0.550615,0.373938],[0.517431,0.565268],[0.428641,0.464819],[0.537162,0.495114],[0.470795,0.464819],[0.477072,0.365967],[0.325502,0.839508],[0.495906,0.890531],[0.491422,0.416988]]"
b5168a71d39fbd5018d9a27d,frames/b5168a71d39fbd5018d9a27d.png,"[[0.420285,0.175806],[0.604167,0.625848],[0.45555,0.238498],[0.48086,0.193193],[0.362351,0.289995],[0.688547,0.585545],[0.66462,0.366122],[0.580234,0.413142],[0.470664,0.876618],[0.604167,0.267606]]"
b53418bf60cbeef4539edf11,frames/b53418bf60cbeef4539edf11.png,"[[0.328346,0.440009],[0.513484,0.827359],[0.334643,0.558678],[0.631875,0.811686],[0.509706,0.054899],[0.653281,0.146699],[0.788042,0.55196],[0.646984,0.572111],[0.667135,0.73332],[0.751521,0.471356]]"
b55480672d455f13fb5a2f02,frames/b55480672d455f13fb5a2f02.png,"[[0.507188,0.157894],[0.561344,0.650477],[0.470664,0.218347],[0.442956,0.16685],[0.385021,0.216108],[0.645724,0.28104],[0.589052,0.225064],[0.573938,0.410903],[0.528598,0.867661],[0.536155,0.209391]]"
b56341d565b6bad8500b4d38,frames/b56341d565b6bad8500b4d38.png,"[[0.353305,0.740654],[0.428641,0.345239],[0.730884,0.676878],[0.743157,0.424343],[0.76757,0.236278],[0.769449,0.464819],[0.781132,0.044444],[0.548763,0.061072],[0.902187,0.063026],[0.241198,0.074187],[0.680696,0.654971],[0.43492,0.707172],[0.373037,0.542947],[0.166759,0.772543],[0.187386,0.598751],[0.274382,0.348428],[0.565038,0.360047],[0.831766,0.744215],[0.291078,0.813332],[0.565038,0.348796],[0.574984,0.442025],[0.49813,0.442025],[0.858234,0.955556],[0.40622,0.270301],[0.386489,0.813997],[0.461826,0.343644],[0.534471,0.044444],[0.345234,0.831536],[0.413395,0.386693],[0.507566,0.73906],[0.361377,0.665717],[0.26631,0.584401],[0.593664,0.654556],[0.275707,0.644556],[0.405906,0.27164],[0.473718,0.718496],[0.55238,0.85834],[0.432127,0.544897],[0.45021,0.488639],[0.478239,0.331114]]"
b5dfeb9460984d3e2192ae18,frames/b5dfeb9460984d3e2192ae18.png,"[[0.081557,0.150719],[0.630435,0.044444],[0.409808,0.774138],[0.512947,0.640206],[0.79187,0.584401],[0.025,0.377126],[0.82057,0.562079],[0.529987,0.287839],[0.875281,0.632235],[0.479762,0.828347],[0.913844,0.314944],[0.961375,0.289433],[0.923711,0.193768],[0.409808,0.200146],[0.238507,0.271896],[0.175727,0.947929],[0.764965,0.270301],[0.548821,0.144342],[0.229538,0.158691],[0.284247,0.069404],[0.364965,0.394665]]"
b6384a397fad7779c41335b8,frames/b6384a397fad7779c41335b8.png,"[[0.701566,0.462921],[0.48728,0.496676],[0.529776,0.560972],[0.668112,0.631697],[0.798311,0.477387],[0.711512,0.533646],[0.33178,0.705578],[0.061251,0.474132],[0.726883,0.675097],[0.142543,0.857047],[0.902187,0.520625],[0.430435,0.609912],[0.901289,0.955556],[0.573934,0.762976],[0.474382,0.394665],[0.868102,0.60194],[0.934469,0.833131],[0.559584,0.542947],[0.579314,0.625857],[0.291078,0.337544],[0.293216,0.716739],[0.739852,0.565268],[0.797252,0.732682],[0.28927,0.644556],[0.260929,0.466414],[0.231332,0.576429],[0.926398,0.747032],[0.058238,0.332483],[0.233126,0.389882],[0.156893,0.491925],[0.155099,0.423365],[0.094113,0.511058],[0.036714,0.477575],[0.042095,0.434526],[0.961375,0.321322]]"
b649ad8ef6a7b22a9ba4d0d4,frames/b649ad8ef6a7b22a9ba4d0d4.png,"[[0.742703,0.639281],[0.483258,0.368361],[0.488296,0.478073],[0.759078,0.397469],[0.746484,0.569872],[0.347238,0.352688],[0.356054,0.287756],[0.604167,0.851988],[0.311973,0.25641],[0.663359,0.596741]]"
b64f342fd94c01a34b976bea,frames/b64f342fd94c01a34b976bea.png,"[[0.741443,0.639281],[0.481998,0.3706],[0.492074,0.478073],[0.727589,0.460161],[0.74774,0.578829],[0.36613,0.446727],[0.764115,0.390751],[0.605422,0.851988],[0.417767,0.87214],[0.662099,0.594502]]"
b6502f2de49eb86ec7e76bb6,frames/b6502f2de49eb86ec7e76bb6.png,"[[0.573938,0.534048],[0.654542,0.466878],[0.459329,0.16685],[0.306935,0.408663],[0.371167,0.296713],[0.544971,0.209391],[0.519782,0.184762],[0.557568,0.401946],[0.563865,0.876618],[0.412729,0.200435]]"
b6942f24d9ecdf42c1cd3045,frames/b6942f24d9ecdf42c1cd3045.png,"[[0.056901,0.601157],[0.396864,0.51275],[0.288366,0.332722],[0.342615,0.409876],[0.461059,0.631697],[0.025,0.612408],[0.548763,0.458099],[0.486376,0.569008],[0.397252,0.423365],[0.222362,0.498283],[0.556901,0.622053],[0.16048,0.65615],[0.138059,0.788488],[0.698597,0.445687],[0.573934,0.688039],[0.725502,0.550918],[0.770346,0.434526],[0.825437,0.622053],[0.832672,0.554542],[0.751512,0.592374],[0.578417,0.705578],[0.829055,0.729749],[0.598148,0.60194],[0.682453,0.377126],[0.869898,0.598751],[0.97393,0.688039],[0.770346,0.479169],[0.244785,0.554107],[0.115638,0.401043],[0.133574,0.57324],[0.860031,0.694417],[0.958687,0.716739],[0.080409,0.498283],[0.051063,0.442499]]"
b69994f04c35a99748b01233,frames/b69994f04c35a99748b01233.png,"[[0.242095,0.812403],[0.613395,0.799649],[0.505772,0.372343],[0.342543,0.871397],[0.623261,0.394665],[0.458238,0.490331],[0.307566,0.790082],[0.455548,0.578024],[0.356893,0.71355],[0.182005,0.365967],[0.539852,0.380315],[0.545234,0.57324],[0.356893,0.705578],[0.660929,0.354806],[0.469001,0.386693],[0.564419,0.294203]]"
b7054bd0a229c87db9013667,frames/b7054bd0a229c87db9013667.png,"[[0.036714,0.204929],[0.592767,0.933579],[0.792767,0.807621],[0.035817,0.702389],[0.903078,0.576429],[0.594561,0.420176],[0.915641,0.678472],[0.958687,0.394665],[0.839406,0.196957],[0.362274,0.3277],[0.087835,0.420176],[0.230435,0.911257],[0.775727,0.432932],[0.570346,0.192174],[0.091422,0.568457],[0.219673,0.171447],[0.364965,0.503086],[0.512947,0.188986],[0.690525,0.051865]]"
b706238e7e934a94d531c199,frames/b706238e7e934a94d531c199.png,"[[0.402653,0.151177],[0.480739,0.372839],[0.493333,0.480312],[0.582755,0.251932],[0.635651,0.791535],[0.483258,0.843032],[0.718776,0.428815],[0.577719,0.55196],[0.518522,0.954983],[0.652026,0.751232]]"
b711329c0c86b3d141e1a14a,frames/b711329c0c86b3d141e1a14a.png,"[[0.027745,0.72471],[0.120122,0.590779],[0.34344,0.939957],[0.445682,0.522219],[0.622364,0.305378],[0.635816,0.955556],[0.510256,0.632235],[0.59187,0.294217],[0.535368,0.251168],[0.373037,0.517436],[0.582902,0.059837],[0.687834,0.283056],[0.72909,0.676878],[0.556901,0.231456],[0.820914,0.225026],[0.773037,0.45366],[0.82182,0.152694],[0.593067,0.345581],[0.556901,0.388981],[0.291422,0.61629],[0.343519,0.761896],[0.559613,0.602764],[0.420373,0.777969],[0.527296,0.589185],[0.371243,0.676878],[0.601736,0.683256],[0.560517,0.268426],[0.430318,0.3279],[0.556893,0.643394],[0.459135,0.450471],[0.427745,0.329294],[0.045682,0.348428],[0.511153,0.303783],[0.520122,0.517436],[0.55779,0.955556],[0.537162,0.401043]]"
b766541137e3650e7f280016,frames/b766541137e3650e7f280016.png,"[[0.541192,0.144459],[0.601646,0.482551],[0.469404,0.171328],[0.392578,0.204913],[0.362351,0.260888],[0.575198,0.25641],[0.556307,0.195957],[0.556307,0.388512],[0.521041,0.84751],[0.47948,0.258649]]"
b8075631a42663c9a19659d0,frames/b8075631a42663c9a19659d0.png,"[[0.950617,0.348428],[0.866312,0.60194],[0.318328,0.632235],[0.107566,0.394665],[0.599045,0.638611],[0.715637,0.735871],[0.904875,0.547729],[0.348821,0.579618],[0.877969,0.249574],[0.942547,0.659339],[0.630435,0.694417],[0.695906,0.751815],[0.276175,0.61629],[0.383798,0.528597],[0.280659,0.637017],[0.301288,0.483953],[0.62057,0.598751],[0.523709,0.578024],[0.397252,0.204929],[0.567655,0.409015],[0.429538,0.509464],[0.896805,0.595562],[0.349848,0.451669],[0.58918,0.584401],[0.651063,0.565268],[0.642095,0.847481],[0.285144,0.705578],[0.722813,0.624262],[0.284247,0.528597],[0.72909,0.436121],[0.279762,0.391476],[0.674382,0.487142],[0.365862,0.705578],[0.25196,0.475981],[0.163171,0.350022],[0.18918,0.472792],[0.903078,0.756599],[0.954203,0.71355],[0.055548,0.472792]]"
b820804f7f76ee3c257a914d,frames/b820804f7f76ee3c257a914d.png,"[[0.287834,0.654556],[0.548821,0.287839],[0.423261,0.214496],[0.729987,0.681661],[0.744966,0.424343],[0.852562,0.258782],[0.764965,0.455254],[0.774803,0.044998],[0.527967,0.115724],[0.77214,0.066215],[0.399942,0.153908],[0.46631,0.939957],[0.61325,0.450335],[0.305772,0.394665],[0.40353,0.299],[0.244785,0.475981],[0.247476,0.710361],[0.332677,0.643394],[0.333574,0.412204],[0.459252,0.400232],[0.553284,0.387374],[0.459252,0.872806],[0.568655,0.361656],[0.408619,0.442025],[0.410427,0.379336],[0.567751,0.303789],[0.902289,0.794044],[0.342615,0.475779],[0.540626,0.628482],[0.445689,0.388981],[0.513501,0.483817],[0.039722,0.929065],[0.629234,0.81494],[0.571367,0.353618],[0.61115,0.35844],[0.567751,0.302182],[0.555092,0.369692],[0.407714,0.954783]]"
b84d79b16806bb08a5718a0a,frames/b84d79b16806bb08a5718a0a.png,"[[0.619276,0.567633],[0.480739,0.3706],[0.495853,0.480312],[0.572677,0.269844],[0.640688,0.75795],[0.361092,0.811686],[0.560083,0.708692],[0.542452,0.813925],[0.392578,0.907964],[0.658323,0.69078]]"
b877d19241e2af1f5365f759,frames/b877d19241e2af1f5365f759.png,"[[0.455056,0.561225],[0.492543,0.821913],[0.654615,0.563185],[0.542157,0.361298],[0.543259,0.539664],[0.610464,0.419858],[0.698625,0.531809],[0.585271,0.104157],[0.713734,0.422097],[0.761594,0.440009]]"
b8b5f704e08a497835450f31,frames/b8b5f704e08a497835450f31.png,"[[0.741443,0.639281],[0.481998,0.377318],[0.490815,0.471356],[0.728849,0.466878],[0.737667,0.57435],[0.356054,0.43777],[0.733885,0.245215],[0.604167,0.843032],[0.338422,0.80273],[0.662099,0.590023]]"
b8b70a9a3e311eea9263a04b,frames/b8b70a9a3e311eea9263a04b.png,"[[0.912047,0.445687],[0.865414,0.60194],[0.894109,0.163475],[0.454651,0.584401],[0.18918,0.468008],[0.462723,0.659339],[0.573934,0.732682],[0.733574,0.511058],[0.869,0.680067],[0.927297,0.627451],[0.450166,0.539758],[0.17483,0.60194],[0.861828,0.281461],[0.73178,0.716739],[0.170346,0.354806],[0.508463,0.721522],[0.864516,0.431338],[0.56048,0.629046],[0.418777,0.450471],[0.816086,0.654556],[0.566759,0.68485],[0.434023,0.498303],[0.151512,0.487142],[0.677969,0.791676],[0.536265,0.310161],[0.347924,0.365967],[0.648373,0.550918],[0.282453,0.391476],[0.544337,0.542947],[0.159975,0.390588],[0.759584,0.483953],[0.798148,0.378721],[0.754202,0.813997],[0.929094,0.255951],[0.115638,0.651367],[0.899492,0.742249],[0.112947,0.503086],[0.863617,0.372343],[0.107566,0.399449],[0.941648,0.550918],[0.25196,0.955556],[0.025,0.458442]]"
b8c21955bd870bcaaeb7ddee,frames/b8c21955bd870bcaaeb7ddee.png,"[[0.480415,0.42402],[0.492543,0.823873],[0.57413,0.512223],[0.549875,0.431861],[0.544362,0.672948],[0.609203,0.428815],[0.698625,0.52957],[0.473182,0.164611],[0.712479,0.417619],[0.759078,0.446727]]"
b8c4f1c9907eee31d812930d,frames/b8c4f1c9907eee31d812930d.png,"[[0.197252,0.321322],[0.214292,0.416988],[0.408014,0.394665],[0.170346,0.665717],[0.216086,0.90169],[0.229538,0.472792],[0.345234,0.3564],[0.857344,0.885747],[0.387386,0.522219],[0.512947,0.871397],[0.478866,0.362778],[0.540749,0.483953],[0.573934,0.858642],[0.461826,0.399449],[0.703081,0.25914],[0.729987,0.592374],[0.030435,0.487142],[0.965859,0.203335]]"
b8cce859db1d2a3977dcd369,frames/b8cce859db1d2a3977dcd369.png,"[[0.737667,0.632565],[0.483258,0.368361],[0.490815,0.478073],[0.723812,0.453444],[0.741443,0.581068],[0.378724,0.448966],[0.784266,0.43777],[0.602906,0.843032],[0.561344,0.907964],[0.665875,0.603457]]"
b8ddaf91b9314042f5ad84d0,frames/b8ddaf91b9314042f5ad84d0.png,"[[0.961375,0.401043],[0.861828,0.592374],[0.344337,0.640206],[0.140749,0.388288],[0.595458,0.638611],[0.712947,0.740654],[0.871688,0.55889],[0.354202,0.589185],[0.866312,0.263924],[0.898594,0.665717],[0.614292,0.727899],[0.670795,0.751815],[0.286937,0.60194],[0.97393,0.660933],[0.405323,0.595562],[0.301288,0.61629],[0.282453,0.487142],[0.627745,0.613101],[0.513844,0.525408],[0.399045,0.208118],[0.583798,0.386693],[0.405323,0.475981],[0.846578,0.590779],[0.324532,0.433988],[0.61788,0.550918],[0.662723,0.542947],[0.640301,0.849075],[0.258238,0.710361],[0.739852,0.657744],[0.254651,0.568457],[0.737162,0.445687],[0.269898,0.36756],[0.716534,0.501492],[0.344337,0.732682],[0.23492,0.514247],[0.132677,0.314944],[0.13178,0.468008],[0.939852,0.75341],[0.975,0.732682],[0.030435,0.445687]]"
b908b67f55ae1573d6448db2,frames/b908b67f55ae1573d6448db2.png,"[[0.899492,0.45366],[0.868102,0.600346],[0.87707,0.182608],[0.467207,0.592374],[0.975,0.469603],[0.198148,0.487142],[0.43761,0.635422],[0.564965,0.716739],[0.726399,0.495114],[0.842992,0.673689],[0.902187,0.624262],[0.46631,0.531786],[0.205323,0.640206],[0.861828,0.265518],[0.713844,0.751815],[0.19187,0.36756],[0.518328,0.72471],[0.852859,0.461631],[0.521916,0.632235],[0.469001,0.412204],[0.773934,0.665717],[0.590973,0.662528],[0.467207,0.464819],[0.135368,0.464819],[0.694112,0.839508],[0.532677,0.270301],[0.298597,0.416988],[0.676175,0.562079],[0.260032,0.409015],[0.520122,0.534975],[0.156358,0.372907],[0.765862,0.456847],[0.82057,0.345239],[0.756893,0.81081],[0.905773,0.24479],[0.091422,0.635422],[0.935367,0.710361],[0.085144,0.509464],[0.888734,0.386693],[0.089628,0.431338],[0.968555,0.603535],[0.225951,0.955556]]"
b929ee7ada017599a2eb8ea1,frames/b929ee7ada017599a2eb8ea1.png,"[[0.242095,0.696011],[0.547027,0.350022],[0.450166,0.120425],[0.72909,0.676878],[0.736828,0.424343],[0.855273,0.273249],[0.764965,0.45366],[0.770282,0.04982],[0.571367,0.226633],[0.755996,0.086943],[0.363171,0.085348],[0.368552,0.829942],[0.644725,0.461526],[0.34613,0.542947],[0.443888,0.316539],[0.526399,0.260735],[0.453754,0.774138],[0.264516,0.517436],[0.495009,0.287839],[0.373934,0.732682],[0.471691,0.727899],[0.286937,0.554107],[0.476175,0.432932],[0.399942,0.409015],[0.500843,0.46935],[0.463772,0.605979],[0.42851,0.663844],[0.588546,0.744215],[0.44388,0.424343],[0.599396,0.622053],[0.335381,0.655808],[0.464677,0.405054],[0.491801,0.779578],[0.494513,0.343974],[0.511693,0.831014],[0.975,0.822976]]"
b93dbad2780a60e7c1d702fb,frames/b93dbad2780a60e7c1d702fb.png,"[[0.871547,0.466136],[0.755816,0.811725],[0.152409,0.853858],[0.031332,0.614696],[0.099494,0.729493],[0.305156,0.612061],[0.210705,0.750221],[0.863617,0.590779],[0.238507,0.778921],[0.521638,0.477387],[0.516534,0.568457],[0.35779,0.421771],[0.631332,0.732682],[0.725074,0.509535],[0.618777,0.649772],[0.570346,0.589185],[0.60622,0.705578],[0.060929,0.434526],[0.778417,0.405826],[0.457341,0.267112],[0.398148,0.311756],[0.37483,0.511058],[0.469898,0.640206],[0.447476,0.512653],[0.715637,0.570051],[0.635816,0.589185],[0.405323,0.380315],[0.272588,0.6705],[0.634023,0.475981],[0.317431,0.36756],[0.381108,0.520625],[0.163171,0.373938],[0.722813,0.638611],[0.216086,0.61629],[0.896805,0.509464],[0.945234,0.461631],[0.025,0.295811],[0.975,0.758193]]"
b946e24719ca5b4bd3678102,frames/b946e24719ca5b4bd3678102.png,"[[0.025,0.743843],[0.242991,0.621074],[0.255548,0.718333],[0.599942,0.09332],[0.276175,0.817186],[0.438507,0.860236],[0.590077,0.044444],[0.633126,0.182608],[0.730884,0.676878],[0.562326,0.229849],[0.839,0.244315],[0.77214,0.447282],[0.783845,0.091613],[0.651838,0.39541],[0.646579,0.469603],[0.597588,0.257174],[0.277072,0.102887],[0.535368,0.506275],[0.427745,0.383504],[0.507135,0.837225],[0.570984,0.435946],[0.643826,0.786067],[0.415409,0.327233],[0.393826,0.645379],[0.606955,0.402374],[0.710256,0.955556],[0.062722,0.834725],[0.521916,0.311756],[0.457341,0.565268],[0.455548,0.93039],[0.444785,0.951118],[0.747027,0.955556]]"
b989e58d7d094440f06f5850,frames/b989e58d7d094440f06f5850.png,"[[0.738927,0.637043],[0.481998,0.377318],[0.488296,0.478073],[0.723812,0.457921],[0.745224,0.585545],[0.36613,0.433293],[0.761594,0.388512],[0.604167,0.84751],[0.444215,0.907964],[0.663359,0.590023]]"
b991004440960cb18616618b,frames/b991004440960cb18616618b.png,"[[0.125502,0.166664],[0.636713,0.044444],[0.482453,0.665717],[0.593664,0.495114],[0.755996,0.557296],[0.052857,0.174636],[0.83582,0.499897],[0.529987,0.217685],[0.908461,0.58759],[0.504875,0.742249],[0.829539,0.281461],[0.971242,0.182608],[0.924609,0.209712],[0.426848,0.125209],[0.298597,0.117237],[0.215189,0.900097],[0.747027,0.225657],[0.55779,0.109264],[0.211602,0.082159],[0.33178,0.044444]]"
b9a3787fd5dcdb8a674a3f1a,frames/b9a3787fd5dcdb8a674a3f1a.png,"[[0.286041,0.646583],[0.57483,0.377126],[0.507566,0.117237],[0.728193,0.676878],[0.735924,0.424343],[0.851656,0.2845],[0.764965,0.45366],[0.757624,0.06268],[0.631946,0.292538],[0.751512,0.086943],[0.364965,0.142747],[0.359584,0.79646],[0.653718,0.514283],[0.622243,0.741301],[0.37214,0.633829],[0.387386,0.785299],[0.428641,0.314944],[0.664516,0.238413],[0.500391,0.6705],[0.426848,0.874586],[0.269001,0.509464],[0.385592,0.955556],[0.576623,0.28465],[0.46362,0.758193],[0.478866,0.421771],[0.411602,0.71355],[0.390077,0.860236],[0.354202,0.533381],[0.460929,0.305378],[0.429538,0.654556],[0.399942,0.401043],[0.432127,0.723318],[0.452018,0.580261],[0.501747,0.866376],[0.46558,0.932279],[0.737732,0.917812],[0.45021,0.408269],[0.520734,0.92585],[0.435743,0.955556]]"
ba30fd008ff3f97388d08ff7,frames/ba30fd008ff3f97388d08ff7.png,"[[0.209808,0.362778],[0.317431,0.350022],[0.171243,0.660933],[0.096803,0.644989],[0.690525,0.517436],[0.333574,0.791676],[0.62057,0.536569],[0.163171,0.828347],[0.75779,0.955556],[0.66362,0.338861],[0.635816,0.428149],[0.032229,0.648178],[0.54613,0.475981],[0.090525,0.28465],[0.460032,0.365967],[0.210705,0.955556]]"
baa9183c6c701bc3b5e0c4b1,frames/baa9183c6c701bc3b5e0c4b1.png,"[[0.214292,0.314944],[0.224158,0.405826],[0.170346,0.662528],[0.153305,0.946335],[0.031332,0.598751],[0.848375,0.831536],[0.726399,0.638611],[0.537162,0.788488],[0.375727,0.498303],[0.48335,0.394665],[0.629538,0.904879],[0.686041,0.306972],[0.863617,0.455254],[0.161377,0.289433],[0.281556,0.490331],[0.39187,0.388288]]"
bae608a495d8f0c17474be80,frames/bae608a495d8f0c17474be80.png,"[[0.060517,0.581868],[0.329956,0.49989],[0.298311,0.316647],[0.329956,0.400232],[0.39596,0.591512],[0.086738,0.641342],[0.496322,0.474172],[0.419469,0.506321],[0.388283,0.383504],[0.272995,0.461314],[0.51983,0.581868],[0.208911,0.673689],[0.17752,0.794865],[0.625951,0.394665],[0.525502,0.691228],[0.658238,0.584401],[0.712947,0.461631],[0.765762,0.639733],[0.766666,0.535253],[0.703081,0.61629],[0.559584,0.727899],[0.801023,0.781185],[0.608911,0.578024],[0.660929,0.361183],[0.869898,0.595562],[0.975,0.60194],[0.775727,0.475981],[0.196355,0.455254],[0.080409,0.390588],[0.082453,0.542947],[0.907562,0.694417],[0.975,0.735871],[0.025,0.548112],[0.025,0.431338]]"
bae925f58deac3f90392505a,frames/bae925f58deac3f90392505a.png,"[[0.372427,0.11983],[0.401394,0.686301],[0.412729,0.793774],[0.460588,0.726604],[0.519782,0.361644],[0.635651,0.184762],[0.667135,0.811686],[0.673432,0.726604],[0.771672,0.50718],[0.786786,0.417619]]"
baf400051f2639ee007370ab,frames/baf400051f2639ee007370ab.png,"[[0.254651,0.683256],[0.55779,0.354806],[0.467207,0.117237],[0.72909,0.676878],[0.735924,0.424343],[0.858891,0.281285],[0.764965,0.45366],[0.762145,0.05625],[0.588546,0.282893],[0.765862,0.085348],[0.37752,0.114048],[0.327296,0.844292],[0.65192,0.498296],[0.595265,0.81804],[0.363171,0.598751],[0.388283,0.924012],[0.427745,0.310161],[0.568552,0.214496],[0.493216,0.774138],[0.273485,0.509464],[0.512947,0.211307],[0.421467,0.778921],[0.470795,0.710361],[0.342543,0.955556],[0.33178,0.58759],[0.469898,0.350022],[0.430435,0.514247],[0.401736,0.405826],[0.47643,0.551328],[0.494513,0.446847],[0.520734,0.731356],[0.47643,0.776362],[0.640084,0.867983],[0.461964,0.416307],[0.575888,0.757074],[0.401385,0.787614],[0.489088,0.409876],[0.474622,0.927457]]"
bb0146cb044a50a7e715264c,frames/bb0146cb044a50a7e715264c.png,"[[0.702401,0.417619],[0.480739,0.372839],[0.494593,0.478073],[0.575198,0.272083],[0.643208,0.771383],[0.36487,0.831837],[0.592828,0.628087],[0.539933,0.80273],[0.397616,0.896769],[0.650766,0.704213]]"
bb117e6040329fc6b3b71f55,frames/bb117e6040329fc6b3b71f55.png,"[[0.740182,0.641521],[0.480739,0.368361],[0.490815,0.471356],[0.737667,0.34821],[0.75026,0.572111],[0.352276,0.359405],[0.349757,0.276561],[0.604167,0.84751],[0.31827,0.249694],[0.660839,0.596741]]"
bb6b71ed593d243d4892241c,frames/bb6b71ed593d243d4892241c.png,"[[0.451772,0.619131],[0.481998,0.372839],[0.494593,0.518375],[0.599125,0.249694],[0.665875,0.878856],[0.653281,0.16685],[0.691068,0.236259],[0.623057,0.388512],[0.743964,0.771383],[0.688547,0.787056]]"
bbd9555bf7165920ab98629f,frames/bbd9555bf7165920ab98629f.png,"[[0.025,0.411485],[0.079505,0.572224],[0.237732,0.48221],[0.07408,0.880843],[0.265762,0.265211],[0.305545,0.339151],[0.296503,0.49989],[0.183483,0.634912],[0.36974,0.474172],[0.323627,0.422736],[0.368552,0.365967],[0.299007,0.435788],[0.425798,0.487032],[0.310256,0.627451],[0.280659,0.694417],[0.548821,0.464819],[0.440301,0.702389],[0.585592,0.609912],[0.60353,0.412204],[0.653645,0.636519],[0.663591,0.464528],[0.632229,0.632235],[0.579314,0.740654],[0.723266,0.753858],[0.661826,0.562079],[0.667207,0.378721],[0.867203,0.605129],[0.961961,0.429165],[0.847477,0.405826],[0.034297,0.522394],[0.025,0.345239]]"
bbec4051fb0b9b51aa4c4dc4,frames/bbec4051fb0b9b51aa4c4dc4.png,"[[0.728849,0.639281],[0.484517,0.368361],[0.493333,0.473594],[0.609203,0.543005],[0.74774,0.572111],[0.36361,0.368361],[0.344719,0.249694],[0.607943,0.84751],[0.339681,0.187001],[0.663359,0.596741]]"
bbf29aaf6142c59927cfe361,frames/bbf29aaf6142c59927cfe361.png,"[[0.144337,0.413799],[0.168552,0.6705],[0.309359,0.423365],[0.584695,0.487142],[0.232229,0.802838],[0.53178,0.45366],[0.136265,0.955556],[0.553305,0.263924],[0.616983,0.412204],[0.459135,0.354806],[0.305772,0.721522],[0.17483,0.769354],[0.431332,0.912851],[0.410705,0.316539],[0.490525,0.070998]]"
bc082f28116cd5d79f512c1b,frames/bc082f28116cd5d79f512c1b.png,"[[0.73263,0.641521],[0.483258,0.372839],[0.489555,0.478073],[0.723812,0.453444],[0.74774,0.587784],[0.386281,0.460161],[0.774188,0.50718],[0.605422,0.851988],[0.454291,0.838555],[0.665875,0.59898]]"
bc33769c03e2fc00313a9280,frames/bc33769c03e2fc00313a9280.png,"[[0.419673,0.688039],[0.315638,0.600346],[0.753305,0.227251],[0.480659,0.059837],[0.55779,0.125209],[0.058238,0.611507],[0.124606,0.550918],[0.169449,0.665717],[0.764965,0.727899],[0.091422,0.678472],[0.093216,0.917635],[0.246579,0.790082],[0.404427,0.464819],[0.17483,0.044444]]"
bc39e06e990a8e2c041ab6a5,frames/bc39e06e990a8e2c041ab6a5.png,"[[0.895906,0.188986],[0.866312,0.60194],[0.235816,0.566862],[0.670795,0.651367],[0.804427,0.60194],[0.320122,0.579618],[0.837609,0.104481],[0.721916,0.710361],[0.782902,0.6705],[0.062722,0.680067],[0.325502,0.495114],[0.141646,0.654556],[0.445682,0.420176],[0.578417,0.409015],[0.625055,0.735871],[0.468104,0.192174],[0.475279,0.469603],[0.525502,0.576429],[0.473718,0.522394],[0.471691,0.676878],[0.573934,0.629046],[0.733574,0.955556],[0.380211,0.621074],[0.652857,0.542947],[0.390973,0.517436],[0.735368,0.450471],[0.356893,0.332483],[0.514741,0.509464],[0.432229,0.528597],[0.40622,0.361183],[0.326399,0.391476],[0.325502,0.456847],[0.80353,0.735871],[0.848375,0.621074],[0.103978,0.576429],[0.839406,0.550918],[0.87707,0.528597],[0.902187,0.550918],[0.045682,0.511058],[0.946133,0.461631],[0.975,0.436121]]"
bc5e70225285364b70fd66e5,frames/bc5e70225285364b70fd66e5.png,"[[0.101288,0.292622],[0.19187,0.294217],[0.656445,0.044444],[0.519225,0.912851],[0.521916,0.806026],[0.818773,0.6992],[0.035817,0.860236],[0.338955,0.461631],[0.498597,0.063026],[0.635816,0.16188],[0.838508,0.345239],[0.164068,0.225657],[0.864516,0.885747],[0.538059,0.58759],[0.773037,0.069404],[0.895008,0.069404],[0.864516,0.270301],[0.441198,0.917635],[0.895008,0.334078],[0.585592,0.106076],[0.650166,0.181013]]"
bc7c766a70fb892c968f6e46,frames/bc7c766a70fb892c968f6e46.png,"[[0.439404,0.665717],[0.398148,0.93039],[0.63492,0.10767],[0.519225,0.646583],[0.294112,0.890531],[0.182902,0.362778],[0.639404,0.756599],[0.698597,0.125209],[0.34344,0.79646],[0.576623,0.568457],[0.503081,0.292622],[0.482453,0.533381],[0.495009,0.377126],[0.590077,0.25914],[0.526399,0.434526],[0.459135,0.598751],[0.368552,0.3277],[0.469001,0.442499],[0.390077,0.388288],[0.459135,0.343644]]"
bc85b4e0a8f4d9dcd4652a2f,frames/bc85b4e0a8f4d9dcd4652a2f.png,"[[0.36048,0.750221],[0.43492,0.351617],[0.730884,0.676878],[0.744966,0.421128],[0.774803,0.228242],[0.769449,0.464819],[0.781132,0.044444],[0.555092,0.044998],[0.87707,0.069404],[0.221467,0.131586],[0.656416,0.635786],[0.392767,0.61629],[0.32909,0.498303],[0.199942,0.691228],[0.168552,0.621074],[0.270795,0.343644],[0.47643,0.949961],[0.569559,0.342367],[0.831766,0.741],[0.32182,0.723318],[0.569559,0.342367],[0.574984,0.376121],[0.475527,0.551328],[0.858234,0.955556],[0.429538,0.270301],[0.488731,0.68485],[0.41788,0.292622],[0.376623,0.94474],[0.539852,0.044444],[0.446579,0.676878],[0.413395,0.377126],[0.345234,0.821969],[0.491422,0.621074],[0.332677,0.76776],[0.303978,0.632235],[0.608911,0.71355],[0.234116,0.718496],[0.429414,0.27164],[0.51983,0.869592],[0.535201,0.955556],[0.501747,0.453276],[0.47643,0.40184],[0.478239,0.342367]]"
bc8e56748d64e8205728ba10,frames/bc8e56748d64e8205728ba10.png,"[[0.205323,0.310161],[0.222364,0.409015],[0.169449,0.665717],[0.158687,0.93039],[0.040301,0.584401],[0.85375,0.858642],[0.630435,0.603535],[0.521019,0.852264],[0.427745,0.412204],[0.469898,0.420176],[0.605323,0.885747],[0.694112,0.292622],[0.876172,0.511058],[0.145234,0.267112],[0.84568,0.044444],[0.37214,0.461631]]"
bc98fe41ed48974f5ae78bd1,frames/bc98fe41ed48974f5ae78bd1.png,"[[0.663359,0.408663],[0.480739,0.372839],[0.493333,0.471356],[0.577719,0.276561],[0.628094,0.782579],[0.36613,0.798252],[0.629354,0.569872],[0.532376,0.80273],[0.41021,0.928115],[0.652026,0.706453]]"
bca682f6aa3cf7cf0d6e7541,frames/bca682f6aa3cf7cf0d6e7541.png,"[[0.233126,0.329294],[0.247476,0.401043],[0.168552,0.665717],[0.057341,0.676878],[0.78918,0.632235],[0.548821,0.6992],[0.610705,0.584401],[0.23761,0.775732],[0.647476,0.898503],[0.686938,0.321322],[0.652857,0.464819],[0.25196,0.294217],[0.095906,0.562079],[0.573037,0.522219],[0.222364,0.271896]]"
bcbaf8614b9f05840a51c3ab,frames/bcbaf8614b9f05840a51c3ab.png,"[[0.675953,0.693019],[0.47948,0.372839],[0.494593,0.478073],[0.407691,0.285518],[0.751521,0.581068],[0.290562,0.480312],[0.332124,0.247455],[0.607943,0.851988],[0.376205,0.139981],[0.66462,0.59898]]"
bcca99ee93aba7852fb21fd7,frames/bcca99ee93aba7852fb21fd7.png,"[[0.366759,0.740654],[0.443888,0.329294],[0.730884,0.676878],[0.747678,0.421128],[0.786557,0.233064],[0.769449,0.464819],[0.780228,0.04982],[0.565942,0.051428],[0.870797,0.083754],[0.218777,0.169852],[0.644725,0.591022],[0.37483,0.534975],[0.382902,0.361183],[0.193664,0.584401],[0.161377,0.609912],[0.299494,0.377126],[0.433935,0.790829],[0.59578,0.319862],[0.844422,0.726533],[0.355273,0.638126],[0.590355,0.313433],[0.575888,0.376121],[0.431223,0.626875],[0.438507,0.394665],[0.45196,0.871397],[0.860031,0.955556],[0.46631,0.337267],[0.547924,0.576429],[0.370346,0.287839],[0.418777,0.740654],[0.565862,0.044444],[0.503081,0.58759],[0.42057,0.373938],[0.380211,0.632235],[0.507566,0.550918],[0.32909,0.813997],[0.35779,0.76776],[0.4977,0.893719],[0.247678,0.874414],[0.464677,0.326292]]"
bce5f4bb66fbf7b1f5ef7019,frames/bce5f4bb66fbf7b1f5ef7019.png,"[[0.750391,0.803689],[0.180211,0.933579],[0.025,0.533381],[0.068104,0.624262],[0.227745,0.613101],[0.109359,0.694417],[0.866312,0.603535],[0.17752,0.762976],[0.616575,0.483817],[0.587386,0.565268],[0.200839,0.472792],[0.592767,0.732682],[0.867203,0.554107],[0.72909,0.702389],[0.622364,0.576429],[0.526399,0.633829],[0.098597,0.534975],[0.903977,0.416988],[0.435816,0.185797],[0.484247,0.361183],[0.477072,0.555701],[0.583798,0.643394],[0.528193,0.509464],[0.618761,0.541006],[0.573934,0.348428],[0.538059,0.420176],[0.388283,0.68485],[0.532677,0.361183],[0.38918,0.461631],[0.470795,0.593968],[0.234023,0.359589],[0.661826,0.600346],[0.328193,0.702389],[0.826852,0.633829],[0.8125,0.318133],[0.025,0.153908],[0.887836,0.732682],[0.056444,0.397854],[0.075279,0.61629],[0.895906,0.534975],[0.058238,0.299],[0.025,0.625857]]"
bd01e7b417dd7d9bb3f431c7,frames/bd01e7b417dd7d9bb3f431c7.png,"[[0.031332,0.727899],[0.254651,0.660933],[0.37752,0.716739],[0.62057,0.142747],[0.311153,0.871397],[0.23761,0.94474],[0.636713,0.160286],[0.728193,0.676878],[0.592162,0.212167],[0.852562,0.242708],[0.77214,0.447282],[0.769378,0.086791],[0.6437,0.413092],[0.613395,0.436121],[0.604821,0.263604],[0.225951,0.13637],[0.407117,0.539758],[0.465413,0.409015],[0.366848,0.8692],[0.656416,0.654971],[0.287711,0.637385],[0.624941,0.309647],[0.11205,0.778921],[0.505772,0.305378],[0.507566,0.716739],[0.481556,0.756599],[0.433126,0.6705],[0.61788,0.775732],[0.468104,0.786893],[0.529987,0.488736],[0.586489,0.343644],[0.433126,0.893719],[0.547027,0.383504]]"
bd0c61f92e8336696f39a45c,frames/bd0c61f92e8336696f39a45c.png,"[[0.605323,0.554107],[0.585592,0.461631],[0.182902,0.359589],[0.42057,0.672094],[0.724606,0.570051],[0.771243,0.624262],[0.535368,0.498303],[0.630435,0.43931],[0.230435,0.911257],[0.493216,0.622668],[0.448373,0.373938],[0.428641,0.445687],[0.060929,0.877775],[0.405323,0.303783],[0.628641,0.287839],[0.340749,0.917635],[0.294112,0.550918],[0.558687,0.338861]]"
bd21c62da2ef019663e01874,frames/bd21c62da2ef019663e01874.png,"[[0.669001,0.501492],[0.638507,0.3564],[0.183798,0.354806],[0.234023,0.576429],[0.881555,0.606724],[0.493216,0.761382],[0.500391,0.621074],[0.771243,0.447282],[0.42057,0.635422],[0.469898,0.36756],[0.550615,0.483953],[0.045682,0.877775],[0.246579,0.241601],[0.626848,0.287839],[0.159584,0.640206],[0.57752,0.388288],[0.480952,0.514357],[0.392344,0.456492],[0.505363,0.366476],[0.36974,0.903347]]"
bd3de06e75b820a529e66bfc,frames/bd3de06e75b820a529e66bfc.png,"[[0.913141,0.40184],[0.634659,0.49989],[0.636466,0.641342],[0.848039,0.612408],[0.975,0.445687],[0.961961,0.588297],[0.205323,0.847481],[0.917656,0.707244],[0.076175,0.681661],[0.26631,0.654556],[0.949719,0.818781],[0.410705,0.745437],[0.373037,0.495114],[0.869898,0.60194],[0.452857,0.57324],[0.819672,0.570051],[0.414948,0.376121],[0.353305,0.764571],[0.554202,0.350022],[0.707566,0.688039],[0.459252,0.649378],[0.432229,0.550918],[0.353305,0.450471],[0.747924,0.740654],[0.058238,0.338861],[0.473485,0.487142],[0.324606,0.377126],[0.308462,0.287839],[0.262723,0.359589],[0.17752,0.570051],[0.192767,0.442499],[0.888734,0.238413],[0.887016,0.500011],[0.907562,0.638611],[0.141646,0.378721],[0.065413,0.593968],[0.921016,0.362778],[0.061826,0.432932],[0.033126,0.487142]]"
bda0eba31ac01ca8b67dedce,frames/bda0eba31ac01ca8b67dedce.png,"[[0.480415,0.427941],[0.471594,0.776832],[0.573026,0.586706],[0.545464,0.43382],[0.552078,0.784672],[0.607943,0.43777],[0.69988,0.527331],[0.464366,0.164611],[0.709958,0.419858],[0.759078,0.442248]]"
bdbd25232b505b6974e6501e,frames/bdbd25232b505b6974e6501e.png,"[[0.267893,0.527331],[0.419026,0.858706],[0.454291,0.245215],[0.502149,0.229543],[0.512225,0.558678],[0.668396,0.585545],[0.654542,0.466878],[0.567641,0.43777],[0.544971,0.560917],[0.687286,0.500463]]"
bdd100376970c9e23295d702,frames/bdd100376970c9e23295d702.png,"[[0.025,0.668667],[0.545147,0.474172],[0.381494,0.456492],[0.470102,0.413092],[0.573176,0.649378],[0.025,0.580261],[0.640084,0.474172],[0.613862,0.581868],[0.336265,0.584401],[0.109342,0.458099],[0.638275,0.675097],[0.056444,0.614696],[0.153305,0.818781],[0.889625,0.464819],[0.733574,0.648178],[0.900391,0.520625],[0.966758,0.495114],[0.948398,0.704029],[0.909359,0.57324],[0.4977,0.654556],[0.853461,0.769933],[0.635816,0.640206],[0.626848,0.416988],[0.868102,0.598751],[0.902187,0.786893],[0.629538,0.534975],[0.409808,0.665717],[0.253103,0.390588],[0.290525,0.667311],[0.775727,0.710361],[0.889625,0.73906],[0.242253,0.580261],[0.15779,0.391476],[0.124606,0.533381],[0.926398,0.829942],[0.041198,0.295811],[0.077969,0.421771],[0.028642,0.491925]]"
bdd184eea71e72881c5b1b95,frames/bdd184eea71e72881c5b1b95.png,"[[0.303978,0.58759],[0.200839,0.520625],[0.293216,0.152314],[0.676175,0.044444],[0.664516,0.853858],[0.532677,0.673689],[0.785592,0.378721],[0.116534,0.879369],[0.665413,0.098103],[0.269898,0.305378],[0.545234,0.044444],[0.799045,0.276679],[0.460929,0.584401],[0.552409,0.106076],[0.804427,0.211307],[0.214292,0.080565],[0.779314,0.169852],[0.895008,0.578024],[0.690525,0.951118]]"
be040ddd7aa08babb63c6532,frames/be040ddd7aa08babb63c6532.png,"[[0.257341,0.71355],[0.761377,0.225657],[0.473485,0.083754],[0.545234,0.133181],[0.150615,0.660933],[0.218777,0.874586],[0.899492,0.716739],[0.102184,0.624262],[0.11205,0.807621],[0.316534,0.667311],[0.368552,0.445687],[0.424158,0.817186],[0.776623,0.09332],[0.382005,0.939957],[0.640301,0.171447],[0.452857,0.550918],[0.342543,0.514247]]"
be0a55fb6b1ffed93a125524,frames/be0a55fb6b1ffed93a125524.png,"[[0.585271,0.641521],[0.481998,0.372839],[0.495853,0.478073],[0.575198,0.276561],[0.673432,0.701974],[0.327086,0.766906],[0.539933,0.943788],[0.489555,0.896769],[0.322049,0.621369],[0.662099,0.634804]]"
be6d6ace3c8c0c5f77ed0b6a,frames/be6d6ace3c8c0c5f77ed0b6a.png,"[[0.229538,0.332483],[0.244785,0.416988],[0.171243,0.662528],[0.054651,0.660933],[0.799045,0.643394],[0.575727,0.716739],[0.596355,0.592374],[0.256445,0.777326],[0.641198,0.900097],[0.687834,0.316539],[0.66362,0.450471],[0.248373,0.283056],[0.112947,0.555701],[0.558687,0.520625],[0.242095,0.295811]]"
be7470ce41fdcba9da946fba,frames/be7470ce41fdcba9da946fba.png,"[[0.199942,0.332483],[0.215189,0.412204],[0.427745,0.372343],[0.17214,0.659339],[0.209808,0.892125],[0.200839,0.472792],[0.854648,0.880964],[0.39187,0.539758],[0.515637,0.869803],[0.480659,0.340456],[0.530884,0.461631],[0.575727,0.853858],[0.469001,0.386693],[0.707566,0.247979],[0.745234,0.584401],[0.043888,0.436121],[0.953305,0.173041]]"
be7f2a46643d5a186f7496a5,frames/be7f2a46643d5a186f7496a5.png,"[[0.439177,0.583306],[0.481998,0.372839],[0.502149,0.513897],[0.590312,0.25641],[0.634391,0.863183],[0.650766,0.422097],[0.730109,0.4624],[0.587792,0.451205],[0.68351,0.581068],[0.646984,0.787056]]"
beef4a73d567f44d6eaa3605,frames/beef4a73d567f44d6eaa3605.png,"[[0.571243,0.710361],[0.579314,0.598751],[0.278866,0.928796],[0.181108,0.361183],[0.60622,0.75341],[0.619673,0.044444],[0.269001,0.755004],[0.659135,0.646583],[0.63492,0.192174],[0.689628,0.511058],[0.509359,0.391476],[0.622364,0.345239],[0.477072,0.680067],[0.458241,0.512707],[0.414292,0.43931],[0.40622,0.401043],[0.054651,0.874586],[0.489628,0.294217],[0.435816,0.316539],[0.558687,0.219279]]"
bef2ff8ef16eba3f9220a7d6,frames/bef2ff8ef16eba3f9220a7d6.png,"[[0.600385,0.086245],[0.47948,0.372839],[0.495853,0.487029],[0.578974,0.240737],[0.636911,0.771383],[0.425323,0.80273],[0.716255,0.446727],[0.546229,0.637043],[0.450513,0.934831],[0.655802,0.731081]]"
bf0c0529637d3440efbbc077,frames/bf0c0529637d3440efbbc077.png,"[[0.240301,0.442499],[0.171243,0.665717],[0.159584,0.581212],[0.677072,0.509464],[0.245682,0.834725],[0.582902,0.517436],[0.164068,0.829942],[0.633126,0.36756],[0.628641,0.428149],[0.025,0.696011],[0.521916,0.442499],[0.043888,0.131586],[0.412498,0.593968],[0.213395,0.898503]]"
bf14695abba4993234f24143,frames/bf14695abba4993234f24143.png,"[[0.599125,0.204913],[0.585271,0.292234],[0.464366,0.16685],[0.371167,0.198196],[0.362351,0.269844],[0.555047,0.231781],[0.50089,0.180284],[0.555047,0.397469],[0.516004,0.838555],[0.424064,0.296713]]"
bf17224f019583611dbaf4a0,frames/bf17224f019583611dbaf4a0.png,"[[0.322049,0.319103],[0.47948,0.372839],[0.495853,0.489268],[0.582755,0.247455],[0.634391,0.807208],[0.47696,0.787056],[0.725073,0.428815],[0.575198,0.502702],[0.585271,0.943788],[0.646984,0.75795]]"
bf4686b351ca4ba31c69e8a6,frames/bf4686b351ca4ba31c69e8a6.png,"[[0.025,0.751815],[0.192767,0.566862],[0.23492,0.495114],[0.608911,0.13637],[0.325502,0.707172],[0.582902,0.533381],[0.579314,0.047082],[0.650166,0.227251],[0.72909,0.676878],[0.559613,0.234671],[0.822727,0.225026],[0.773934,0.450471],[0.805545,0.109294],[0.66992,0.366476],[0.358687,0.394665],[0.659135,0.469603],[0.596684,0.242708],[0.474622,0.366476],[0.53178,0.416988],[0.36048,0.885747],[0.248373,0.142747],[0.583798,0.361183],[0.280659,0.94474],[0.382005,0.520625],[0.321019,0.747032],[0.438507,0.338861],[0.281556,0.727899],[0.507566,0.45366],[0.427745,0.823564],[0.380211,0.681661],[0.5512,0.495099],[0.560193,0.551054],[0.572783,0.605411],[0.46307,0.543061],[0.656416,0.912365],[0.393826,0.728512],[0.466668,0.955556]]"
bf5d420fc2b0bc5d30800092,frames/bf5d420fc2b0bc5d30800092.png,"[[0.560083,0.838555],[0.653281,0.762428],[0.391318,0.126548],[0.406432,0.782579],[0.592828,0.184762],[0.712479,0.287756],[0.721292,0.469117],[0.485777,0.175806],[0.386281,0.500463],[0.689807,0.778101]]"
bf7c876fead2ea34b40ceacf,frames/bf7c876fead2ea34b40ceacf.png,"[[0.045682,0.472792],[0.034023,0.73906],[0.15779,0.885747],[0.26631,0.386693],[0.32909,0.657744],[0.394561,0.939957],[0.373934,0.683256],[0.387386,0.621074],[0.414292,0.657744],[0.454651,0.318133],[0.454651,0.503086],[0.540749,0.294217],[0.486937,0.517436],[0.523709,0.6992],[0.4977,0.718333],[0.554202,0.343644],[0.599942,0.42496],[0.571243,0.732682],[0.62057,0.799649],[0.664516,0.086943],[0.696803,0.428149],[0.725502,0.676878],[0.516213,0.159123],[0.775707,0.215382],[0.767655,0.450471],[0.861602,0.181627],[0.419673,0.388288],[0.025255,0.890488],[0.537009,0.388981],[0.514405,0.906561],[0.351512,0.955556],[0.492705,0.417914]]"
bf7e0cd3172f5573d50bec63,frames/bf7e0cd3172f5573d50bec63.png,"[[0.485777,0.827359],[0.693583,0.773623],[0.352276,0.296713],[0.349757,0.610175],[0.625573,0.164611],[0.720031,0.267606],[0.720031,0.471356],[0.567641,0.095201],[0.335903,0.50718],[0.586531,0.843032]]"
bfd1185a898195736888268c,frames/bfd1185a898195736888268c.png,"[[0.328346,0.43777],[0.539933,0.84751],[0.335903,0.560917],[0.629354,0.827359],[0.510966,0.066094],[0.667135,0.148938],[0.794339,0.527331],[0.638172,0.554199],[0.641948,0.717647],[0.746484,0.478073]]"
bfdaf81ae67a11909d762176,frames/bfdaf81ae67a11909d762176.png,"[[0.310256,0.640206],[0.584695,0.372343],[0.521019,0.128398],[0.728193,0.676878],[0.734116,0.421128],[0.845328,0.2845],[0.764965,0.45366],[0.757624,0.067502],[0.635562,0.295751],[0.749718,0.083754],[0.35779,0.153908],[0.347924,0.774138],[0.652819,0.528672],[0.633034,0.707729],[0.371243,0.637017],[0.364965,0.740654],[0.429538,0.310161],[0.689628,0.263924],[0.495009,0.637017],[0.469898,0.871397],[0.26631,0.499897],[0.425055,0.880964],[0.57214,0.338861],[0.471691,0.764571],[0.494113,0.43931],[0.401736,0.721522],[0.428641,0.769354],[0.410705,0.534975],[0.439404,0.287839],[0.475279,0.691228],[0.399942,0.401043],[0.399577,0.753858],[0.445689,0.622053],[0.489993,0.901739],[0.463772,0.943532]]"
bfdc565ced7ac715b933548c,frames/bfdc565ced7ac715b933548c.png,"[[0.323308,0.710931],[0.352276,0.742277],[0.456809,0.236259],[0.512606,0.237089],[0.510966,0.560917],[0.649505,0.704213],[0.63313,0.276561],[0.589052,0.307907],[0.645724,0.466878],[0.688547,0.547482]]"
bfe209b651dd25d677c11b05,frames/bfe209b651dd25d677c11b05.png,"[[0.6437,0.485424],[0.467389,0.507928],[0.534297,0.524001],[0.627425,0.6542],[0.74587,0.491854],[0.688004,0.578653],[0.329987,0.665717],[0.080409,0.472565],[0.697949,0.655808],[0.150615,0.833131],[0.862719,0.544542],[0.467207,0.609912],[0.870641,0.888881],[0.612498,0.751815],[0.523709,0.386693],[0.872586,0.598751],[0.909359,0.807621],[0.592767,0.57324],[0.521916,0.665717],[0.294695,0.347189],[0.282453,0.71355],[0.744337,0.614696],[0.830438,0.718333],[0.260337,0.639733],[0.242095,0.461631],[0.190973,0.600346],[0.94075,0.794865],[0.054651,0.337267],[0.17752,0.383504],[0.122812,0.533381],[0.092319,0.412204],[0.062722,0.498303],[0.025,0.469603],[0.025,0.416988]]"
bfe2f9f872e01286ccd02d66,frames/bfe2f9f872e01286ccd02d66.png,"[[0.73263,0.637043],[0.480739,0.368361],[0.490815,0.473594],[0.722552,0.457921],[0.737667,0.578829],[0.386281,0.478073],[0.776708,0.498224],[0.596609,0.84751],[0.497112,0.854227],[0.66462,0.594502]]"
bffeb13136159a1961416c2d,frames/bffeb13136159a1961416c2d.png,"[[0.061421,0.569008],[0.291982,0.488639],[0.027967,0.822976],[0.298311,0.303789],[0.328148,0.393803],[0.36974,0.549719],[0.120191,0.639733],[0.461964,0.459706],[0.381494,0.487032],[0.382005,0.388288],[0.280228,0.467743],[0.501747,0.567401],[0.230435,0.673689],[0.208014,0.790082],[0.612498,0.388288],[0.486041,0.721522],[0.630435,0.617885],[0.671691,0.43931],[0.739541,0.622053],[0.735924,0.514357],[0.675279,0.633829],[0.554202,0.718333],[0.772995,0.802081],[0.61788,0.550918],[0.658238,0.359589],[0.868102,0.598751],[0.975,0.546135],[0.763171,0.483953],[0.147316,0.443632],[0.064516,0.372343],[0.047476,0.512653],[0.958687,0.678472]]"
c043da5a2f93af6fd6c942aa,frames/c043da5a2f93af6fd6c942aa.png,"[[0.728849,0.650477],[0.483258,0.377318],[0.490815,0.478073],[0.720031,0.457921],[0.745224,0.583306],[0.382502,0.480312],[0.764115,0.509419],[0.602906,0.84751],[0.437918,0.80273],[0.662099,0.59898]]"
c046c5ea78d7ca6e4a08c2f6,frames/c046c5ea78d7ca6e4a08c2f6.png,"[[0.208911,0.310161],[0.22057,0.405826],[0.169449,0.662528],[0.155996,0.936768],[0.025054,0.603535],[0.851961,0.833131],[0.716534,0.629046],[0.533574,0.817186],[0.390973,0.464819],[0.477072,0.402638],[0.629538,0.903285],[0.696803,0.299],[0.873484,0.472792],[0.150615,0.270301],[0.316534,0.480764],[0.425951,0.350022]]"
c05f6826b75e57c075bd1743,frames/c05f6826b75e57c075bd1743.png,"[[0.276175,0.629046],[0.54344,0.276679],[0.431332,0.198551],[0.728193,0.676878],[0.744966,0.424343],[0.854367,0.265211],[0.765862,0.45366],[0.774803,0.044998],[0.512597,0.146264],[0.765862,0.069404],[0.393664,0.152314],[0.459135,0.917635],[0.612351,0.453532],[0.301288,0.41061],[0.407117,0.305378],[0.364068,0.955556],[0.255548,0.483953],[0.274382,0.727899],[0.287834,0.576429],[0.352409,0.409015],[0.468293,0.427558],[0.437552,0.464528],[0.574984,0.413092],[0.47643,0.763503],[0.571367,0.393803],[0.404098,0.472565],[0.386919,0.353618],[0.529776,0.472565],[0.527967,0.3279],[0.919469,0.803689],[0.393248,0.421128],[0.58945,0.692778],[0.44388,0.382551],[0.478239,0.472565],[0.044242,0.943532],[0.642795,0.937101],[0.561421,0.398625],[0.5786,0.355225],[0.527967,0.331114]]"
c095e7bca0f2d21e17411bba,frames/c095e7bca0f2d21e17411bba.png,"[[0.582755,0.641521],[0.481998,0.3706],[0.497112,0.487029],[0.575198,0.272083],[0.657062,0.717647],[0.329606,0.75795],[0.587792,0.742277],[0.536155,0.807208],[0.348497,0.863183],[0.660839,0.652716]]"
c09e1b5e70aee7f71b304c4b,frames/c09e1b5e70aee7f71b304c4b.png,"[[0.694112,0.589185],[0.855547,0.721522],[0.453754,0.813997],[0.707566,0.523814],[0.590077,0.806026],[0.373934,0.263924],[0.201736,0.555701],[0.464516,0.514247],[0.478866,0.632235],[0.758687,0.275085],[0.204427,0.762976],[0.766759,0.651367],[0.039404,0.890531],[0.414292,0.554107]]"
c0b33f65623f5b5e32e9d879,frames/c0b33f65623f5b5e32e9d879.png,"[[0.733574,0.955556],[0.912047,0.955556],[0.048373,0.149125],[0.515637,0.672094],[0.434023,0.45366],[0.907562,0.614696],[0.321019,0.68485],[0.802633,0.225657],[0.707566,0.102887],[0.616086,0.125209],[0.961375,0.334078],[0.72909,0.174636],[0.495906,0.044444]]"
c0c34b7f45e0a5be45a6dcc6,frames/c0c34b7f45e0a5be45a6dcc6.png,"[[0.73137,0.64376],[0.480739,0.3706],[0.492074,0.478073],[0.722552,0.451205],[0.742703,0.57435],[0.385021,0.466878],[0.774188,0.489268],[0.600385,0.84751],[0.473182,0.851988],[0.663359,0.601219]]"
c1022b21ab58a6c5eea0b3f0,frames/c1022b21ab58a6c5eea0b3f0.png,"[[0.381108,0.806026],[0.427745,0.348428],[0.730884,0.676878],[0.743157,0.424343],[0.765762,0.252351],[0.769449,0.464819],[0.784748,0.044444],[0.503555,0.064287],[0.900391,0.063026],[0.211602,0.075782],[0.718466,0.710926],[0.504875,0.727899],[0.365862,0.643394],[0.141646,0.831536],[0.224158,0.570051],[0.267207,0.397854],[0.553284,0.308611],[0.816391,0.734571],[0.294695,0.921028],[0.553284,0.302182],[0.549667,0.511143],[0.858234,0.955556],[0.395458,0.281461],[0.514741,0.044444],[0.398148,0.389882],[0.521019,0.831536],[0.368552,0.627451],[0.294112,0.576429],[0.532677,0.550918],[0.324532,0.599549],[0.393248,0.282893],[0.456539,0.466136],[0.6003,0.810118],[0.414948,0.744215],[0.501747,0.517572],[0.489993,0.202522],[0.518926,0.467743],[0.587642,0.326292],[0.553284,0.376121]]"
c10699009269daf6fc761406,frames/c10699009269daf6fc761406.png,"[[0.955992,0.421771],[0.866312,0.60194],[0.962273,0.198551],[0.390077,0.649772],[0.136265,0.420176],[0.553305,0.61629],[0.64927,0.740654],[0.833125,0.581212],[0.961375,0.6992],[0.356893,0.606724],[0.062722,0.581212],[0.866312,0.276679],[0.829539,0.640206],[0.034023,0.332483],[0.578417,0.778921],[0.97393,0.306972],[0.636713,0.691228],[0.314741,0.554107],[0.945234,0.654556],[0.487834,0.688039],[0.335368,0.568457],[0.225951,0.534975],[0.651063,0.654556],[0.524606,0.487142],[0.401736,0.204929],[0.632229,0.445687],[0.355996,0.432932],[0.732677,0.590779],[0.260337,0.411485],[0.651063,0.506275],[0.72909,0.503086],[0.669001,0.860236],[0.975,0.228846],[0.213395,0.659339],[0.787386,0.71355],[0.199942,0.57324],[0.770346,0.388288],[0.213395,0.361183],[0.833125,0.517436],[0.311153,0.801243],[0.151512,0.511058],[0.091422,0.386693],[0.025,0.509464],[0.975,0.758193]]"
c10cac26cee3b68defe2376d,frames/c10cac26cee3b68defe2376d.png,"[[0.640301,0.531786],[0.854648,0.721522],[0.453754,0.785299],[0.756893,0.517436],[0.523709,0.654556],[0.488731,0.326106],[0.319225,0.498303],[0.470795,0.442499],[0.707566,0.147531],[0.455548,0.678472],[0.798148,0.338861],[0.251063,0.488736],[0.827742,0.579618],[0.055548,0.777326]]"
c12d24b6a2d9a0c13f4b7d9c,frames/c12d24b6a2d9a0c13f4b7d9c.png,"[[0.687286,0.292234],[0.47948,0.368361],[0.497112,0.478073],[0.578974,0.278801],[0.631875,0.753471],[0.369908,0.791535],[0.713734,0.460161],[0.521041,0.737798],[0.43414,0.874379],[0.646984,0.697496]]"
c130d0dde4b2f30d19fe960f,frames/c130d0dde4b2f30d19fe960f.png,"[[0.328346,0.50718],[0.752781,0.628087],[0.352276,0.278801],[0.419026,0.567633],[0.653281,0.25641],[0.735146,0.251932],[0.725073,0.426576],[0.512225,0.131026],[0.610464,0.731081],[0.589052,0.831837]]"
c133109f282eeb0743b328c3,frames/c133109f282eeb0743b328c3.png,"[[0.025,0.365967],[0.025,0.721522],[0.111153,0.595562],[0.355996,0.836319],[0.541646,0.849075],[0.435816,0.350022],[0.612498,0.383504],[0.643888,0.688039],[0.501288,0.6705],[0.586489,0.310161],[0.595458,0.182608],[0.46631,0.691228],[0.598148,0.066215],[0.702184,0.365967],[0.729987,0.676878],[0.553284,0.225026],[0.823625,0.239493],[0.77214,0.450471],[0.839,0.159123],[0.039722,0.948354],[0.567751,0.384158],[0.55238,0.403447],[0.319225,0.614696],[0.365219,0.454883],[0.447498,0.458099],[0.597588,0.821369],[0.634659,0.27164],[0.478239,0.560972],[0.399577,0.557757],[0.093216,0.868208],[0.632229,0.755004],[0.527296,0.621074],[0.364068,0.542947],[0.558687,0.880964],[0.537913,0.332722],[0.472814,0.339151]]"
c1a12a3959a22d6f8e5a5ec5,frames/c1a12a3959a22d6f8e5a5ec5.png,"[[0.759584,0.762976],[0.852859,0.852264],[0.54344,0.662528],[0.215189,0.044444],[0.118328,0.812403],[0.494113,0.904879],[0.567655,0.431338],[0.700391,0.879369],[0.422364,0.506275],[0.60622,0.17623],[0.954203,0.955556],[0.052857,0.81081],[0.825055,0.055054]]"
c1b78612985f33354393aa99,frames/c1b78612985f33354393aa99.png,"[[0.208911,0.316539],[0.225951,0.409015],[0.169449,0.665717],[0.159584,0.93039],[0.027745,0.605129],[0.851961,0.841103],[0.680659,0.621074],[0.525502,0.829942],[0.402633,0.450471],[0.478866,0.405826],[0.629538,0.90169],[0.694112,0.299],[0.87707,0.472792],[0.149718,0.267112],[0.32909,0.475981],[0.446579,0.338861]]"
c1e7e3bb44b74126bce9b1d1,frames/c1e7e3bb44b74126bce9b1d1.png,"[[0.634391,0.699735],[0.480739,0.368361],[0.492074,0.482551],[0.572677,0.272083],[0.675953,0.663911],[0.430361,0.827359],[0.493333,0.919158],[0.556307,0.834076],[0.309454,0.596741],[0.667135,0.607936]]"
c1efd225d91b5a2a4e0a890e,frames/c1efd225d91b5a2a4e0a890e.png,"[[0.730884,0.863425],[0.857344,0.868208],[0.064516,0.074187],[0.498597,0.696011],[0.435816,0.464819],[0.93268,0.42496],[0.322812,0.58759],[0.317431,0.68485],[0.226848,0.163475],[0.77483,0.214496],[0.700391,0.088537]]"
c22acdc94b722ff118820be8,frames/c22acdc94b722ff118820be8.png,"[[0.36048,0.727899],[0.445682,0.314944],[0.730884,0.676878],[0.743157,0.421128],[0.790173,0.236278],[0.77214,0.464819],[0.780228,0.04982],[0.564134,0.057857],[0.862719,0.098103],[0.216983,0.192174],[0.650121,0.576633],[0.365862,0.498303],[0.373934,0.321322],[0.193664,0.539758],[0.138955,0.609912],[0.318328,0.405826],[0.408619,0.742607],[0.609342,0.331114],[0.85075,0.723318],[0.351656,0.610801],[0.610246,0.3279],[0.575888,0.376121],[0.440264,0.678311],[0.423261,0.42496],[0.486937,0.764571],[0.860031,0.955556],[0.471691,0.361183],[0.556893,0.57324],[0.34344,0.334078],[0.380211,0.691228],[0.569449,0.044444],[0.495009,0.584401],[0.426848,0.386693],[0.445682,0.547729],[0.518328,0.487142],[0.310256,0.887342],[0.366759,0.841103]]"
c243777f888ab334f2fc6769,frames/c243777f888ab334f2fc6769.png,"[[0.159584,0.365967],[0.305772,0.667311],[0.26362,0.874586],[0.615189,0.332483],[0.65196,0.276679],[0.027745,0.557296],[0.675279,0.705578],[0.521019,0.483953],[0.759432,0.663844],[0.624712,0.430772],[0.415852,0.715282],[0.501747,0.400232],[0.46558,0.107687],[0.704875,0.169852],[0.216086,0.397854],[0.623261,0.152314],[0.37214,0.786893],[0.404427,0.299],[0.233126,0.6705],[0.392767,0.531786],[0.486041,0.3564],[0.025,0.383504],[0.513844,0.102887]]"
c24b0a83b7b67d6425ad69ff,frames/c24b0a83b7b67d6425ad69ff.png,"[[0.058709,0.597942],[0.407714,0.519179],[0.287461,0.334329],[0.342615,0.406663],[0.467389,0.620446],[0.025,0.609193],[0.561421,0.451669],[0.499938,0.578653],[0.398148,0.431338],[0.209703,0.495068],[0.560517,0.62366],[0.151512,0.649772],[0.141646,0.798054],[0.715637,0.450471],[0.586489,0.688039],[0.738955,0.533381],[0.782902,0.431338],[0.829953,0.63009],[0.843516,0.546506],[0.767655,0.584401],[0.570463,0.686349],[0.829055,0.742607],[0.601736,0.60194],[0.673485,0.377126],[0.871688,0.598751],[0.973039,0.691228],[0.76048,0.483953],[0.251063,0.554107],[0.121019,0.397854],[0.144337,0.58759],[0.858234,0.702389],[0.954203,0.727899],[0.096684,0.495068],[0.062722,0.444093]]"
c250b746fb68f8cab724f1e9,frames/c250b746fb68f8cab724f1e9.png,"[[0.758687,0.885747],[0.829539,0.849075],[0.158687,0.044444],[0.110256,0.925607],[0.538955,0.584401],[0.676175,0.94474],[0.431332,0.495114],[0.858234,0.316539],[0.214292,0.520625],[0.329987,0.665717],[0.8125,0.182608],[0.628641,0.044444],[0.327296,0.431338],[0.740749,0.222468]]"
c2588ebf4392e3252fa8b7f0,frames/c2588ebf4392e3252fa8b7f0.png,"[[0.919227,0.434526],[0.867203,0.60194],[0.900391,0.169852],[0.440301,0.58759],[0.182005,0.464819],[0.476175,0.654556],[0.586489,0.751815],[0.74344,0.533381],[0.873484,0.672094],[0.915641,0.621074],[0.430435,0.536569],[0.165862,0.584401],[0.864516,0.275085],[0.74344,0.694417],[0.154202,0.345239],[0.510256,0.727899],[0.866312,0.416988],[0.57752,0.621074],[0.390077,0.450471],[0.832227,0.632235],[0.553305,0.6992],[0.423261,0.499897],[0.156893,0.490331],[0.677969,0.774138],[0.541646,0.351617],[0.373934,0.3564],[0.631332,0.542947],[0.289628,0.397854],[0.576623,0.566862],[0.169016,0.400232],[0.752409,0.480764],[0.78918,0.397854],[0.750615,0.818781],[0.933578,0.24479],[0.128193,0.654556],[0.883352,0.740654],[0.120122,0.522219],[0.854648,0.350022],[0.119225,0.397854],[0.933578,0.520625],[0.26362,0.946335],[0.046579,0.461631],[0.025,0.399449]]"
c25ca6f617dc4924fd3fd121,frames/c25ca6f617dc4924fd3fd121.png,"[[0.332124,0.560917],[0.385021,0.73332],[0.487036,0.220586],[0.726333,0.225064],[0.619276,0.527331],[0.657062,0.216108],[0.585271,0.043519],[0.567641,0.218347],[0.644469,0.446727],[0.351016,0.267606]]"
c266a290d53befce07d6c96f,frames/c266a290d53befce07d6c96f.png,"[[0.104875,0.147531],[0.629538,0.044444],[0.464516,0.691228],[0.587386,0.539758],[0.763171,0.58759],[0.04927,0.200146],[0.834023,0.539758],[0.525502,0.220874],[0.89232,0.598751],[0.492319,0.780515],[0.852859,0.294217],[0.97393,0.203335],[0.916531,0.198551],[0.408014,0.149125],[0.276175,0.155503],[0.201736,0.896908],[0.747027,0.220874],[0.556893,0.128398],[0.222364,0.109264],[0.317431,0.044444],[0.367655,0.488736]]"
c27d81397c418d2a4fcbb7e7,frames/c27d81397c418d2a4fcbb7e7.png,"[[0.537414,0.867661],[0.68351,0.753471],[0.348497,0.225064],[0.31953,0.543005],[0.589052,0.187001],[0.722552,0.276561],[0.720031,0.471356],[0.544971,0.090723],[0.310714,0.448966],[0.61676,0.831837]]"
c29b88fb17e330546b6e0ec1,frames/c29b88fb17e330546b6e0ec1.png,"[[0.025,0.702389],[0.299494,0.584401],[0.61788,0.326106],[0.660929,0.106076],[0.728193,0.676878],[0.651838,0.286107],[0.83357,0.263604],[0.768552,0.450471],[0.755816,0.078753],[0.65907,0.332722],[0.708462,0.147531],[0.5786,0.245922],[0.158687,0.182608],[0.334471,0.79646],[0.378417,0.813997],[0.673502,0.602214],[0.587171,0.739703],[0.593466,0.360807],[0.354202,0.624262],[0.503978,0.542947],[0.532677,0.412204],[0.518328,0.721522],[0.476175,0.775732],[0.60622,0.72471],[0.379314,0.509464],[0.447476,0.329294],[0.418777,0.511058],[0.581108,0.469603],[0.444785,0.469603],[0.457341,0.501492],[0.46362,0.534975],[0.454651,0.361183],[0.421467,0.388288],[0.573934,0.831536],[0.46631,0.94474]]"
c2aedf217b62038357a86b0d,frames/c2aedf217b62038357a86b0d.png,"[[0.667135,0.710931],[0.480739,0.368361],[0.494593,0.480312],[0.396356,0.247455],[0.75026,0.57435],[0.293082,0.518375],[0.339681,0.249694],[0.607943,0.843032],[0.382502,0.146699],[0.66462,0.596741]]"
c2f689fe1dfb65c4e1783885,frames/c2f689fe1dfb65c4e1783885.png,"[[0.062722,0.546135],[0.113844,0.786893],[0.272588,0.774138],[0.190973,0.662528],[0.307566,0.654556],[0.182902,0.405826],[0.436713,0.480764],[0.345234,0.503086],[0.109359,0.609912],[0.533574,0.925607],[0.587386,0.181013],[0.561377,0.263924],[0.602633,0.758193],[0.718328,0.871397],[0.545234,0.188986],[0.723709,0.562079],[0.769449,0.058243],[0.786489,0.350022],[0.811602,0.340456],[0.732677,0.300594],[0.862719,0.321322],[0.126399,0.694417],[0.458238,0.638611],[0.808914,0.198551],[0.151512,0.450471],[0.957789,0.668906],[0.598148,0.877775],[0.213395,0.903285],[0.304875,0.917635],[0.171243,0.863425]]"
c301dc4f260af3cb3a75643d,frames/c301dc4f260af3cb3a75643d.png,"[[0.591568,0.518375],[0.66462,0.410903],[0.45555,0.171328],[0.308195,0.359405],[0.367389,0.292234],[0.54875,0.209391],[0.509079,0.164974],[0.553786,0.417619],[0.555047,0.87214],[0.408951,0.207152]]"
c3079e65122d3fdb8a435a13,frames/c3079e65122d3fdb8a435a13.png,"[[0.285525,0.547482],[0.333384,0.737798],[0.447993,0.238498],[0.510966,0.220586],[0.512225,0.567633],[0.672177,0.592263],[0.677214,0.446727],[0.568901,0.39299],[0.552526,0.538526],[0.692328,0.522853]]"
c31ae179a0754f7b568068ed,frames/c31ae179a0754f7b568068ed.png,"[[0.673485,0.477575],[0.660929,0.318133],[0.182902,0.361183],[0.233126,0.547729],[0.870797,0.546135],[0.462723,0.785299],[0.494113,0.621074],[0.804427,0.475981],[0.396355,0.654556],[0.469001,0.365967],[0.563171,0.487142],[0.034023,0.874586],[0.242991,0.260735],[0.626848,0.276679],[0.142543,0.633829],[0.593664,0.420176],[0.496322,0.514357],[0.407714,0.535253],[0.495418,0.411485],[0.36974,0.843874]]"
c31c5edc09c6373683d9b845,frames/c31c5edc09c6373683d9b845.png,"[[0.047476,0.550918],[0.060032,0.420176],[0.064516,0.751815],[0.098597,0.847481],[0.185592,0.742249],[0.17483,0.853858],[0.133574,0.955556],[0.127296,0.203335],[0.31205,0.114048],[0.2977,0.267112],[0.17752,0.536569],[0.261826,0.657744],[0.250166,0.802838],[0.419673,0.542947],[0.53178,0.858642],[0.57752,0.420176],[0.590077,0.595562],[0.692319,0.544542],[0.708462,0.806026],[0.74344,0.576429],[0.584695,0.147531],[0.727296,0.383504],[0.762274,0.066215],[0.779314,0.361183],[0.800839,0.420176],[0.773934,0.214496],[0.858234,0.43931],[0.677072,0.125209],[0.04927,0.667311],[0.440301,0.93039],[0.957789,0.044444]]"
c36305581a9942d2e3d200bb,frames/c36305581a9942d2e3d200bb.png,"[[0.417767,0.630326],[0.483258,0.3706],[0.492074,0.511658],[0.594089,0.245215],[0.669656,0.863183],[0.639427,0.157894],[0.679729,0.227303],[0.620536,0.377318],[0.75026,0.782579],[0.697365,0.771383]]"
c38c22518df02d80689445e3,frames/c38c22518df02d80689445e3.png,"[[0.940266,0.470958],[0.734116,0.847088],[0.170346,0.900097],[0.029539,0.581212],[0.057341,0.651367],[0.278866,0.611507],[0.138955,0.732682],[0.866312,0.603535],[0.209808,0.774138],[0.572643,0.476781],[0.573037,0.570051],[0.258238,0.442499],[0.605323,0.740654],[0.820008,0.533646],[0.669898,0.702389],[0.60622,0.606724],[0.538059,0.649772],[0.086041,0.514247],[0.873484,0.405826],[0.434023,0.174636],[0.45196,0.365967],[0.442991,0.534975],[0.555099,0.621074],[0.498597,0.523814],[0.630435,0.55889],[0.608014,0.413799],[0.495009,0.428149],[0.370346,0.710361],[0.56048,0.41061],[0.367655,0.386693],[0.43761,0.565268],[0.213395,0.388288],[0.66362,0.643394],[0.289628,0.694417],[0.852859,0.593968],[0.870797,0.338861],[0.025,0.171447],[0.901289,0.73906],[0.033126,0.428149],[0.057341,0.565268],[0.915641,0.554107],[0.03492,0.292622]]"
c3ac9bf7865ae737b7aeb199,frames/c3ac9bf7865ae737b7aeb199.png,"[[0.580234,0.634804],[0.481998,0.377318],[0.492074,0.478073],[0.572677,0.276561],[0.663359,0.726604],[0.315752,0.742277],[0.605422,0.811686],[0.541192,0.876618],[0.348497,0.84751],[0.662099,0.64376]]"
c403b79fdc18dd5347f3258d,frames/c403b79fdc18dd5347f3258d.png,"[[0.534895,0.155655],[0.546229,0.610175],[0.47948,0.18924],[0.419132,0.193193],[0.372427,0.238498],[0.59787,0.258649],[0.570161,0.187001],[0.556307,0.397469],[0.534895,0.87214],[0.533636,0.225064]]"
c411a2d34f21b0c492537399,frames/c411a2d34f21b0c492537399.png,"[[0.055092,0.638126],[0.442073,0.530431],[0.283845,0.345581],[0.354369,0.397018],[0.477334,0.63009],[0.025,0.602764],[0.577696,0.440417],[0.518926,0.593119],[0.385592,0.45366],[0.186195,0.458099],[0.577696,0.646164],[0.135368,0.632235],[0.140667,0.795169],[0.747027,0.455254],[0.60622,0.691228],[0.77214,0.542947],[0.817883,0.431338],[0.85075,0.633304],[0.891438,0.520787],[0.807117,0.58759],[0.569559,0.679919],[0.823625,0.765111],[0.61788,0.605129],[0.645682,0.391476],[0.871688,0.598751],[0.965859,0.691228],[0.741646,0.483953],[0.265413,0.603535],[0.155996,0.397854],[0.179314,0.621074],[0.832227,0.6992],[0.929984,0.727899],[0.133754,0.478994],[0.091422,0.434526],[0.029539,0.499897]]"
c42ccecb148e910bc2b67410,frames/c42ccecb148e910bc2b67410.png,"[[0.899492,0.517436],[0.865414,0.60194],[0.025,0.751815],[0.817297,0.218597],[0.493216,0.595562],[0.943437,0.475981],[0.232229,0.495114],[0.434023,0.600346],[0.544337,0.576429],[0.675279,0.445687],[0.749718,0.643394],[0.875281,0.605129],[0.464516,0.514247],[0.289628,0.627451],[0.834922,0.265518],[0.647476,0.785299],[0.26362,0.416988],[0.494113,0.681661],[0.798148,0.531786],[0.495009,0.550918],[0.544337,0.370749],[0.676175,0.665717],[0.607117,0.606724],[0.54613,0.428149],[0.090525,0.444093],[0.736265,0.79646],[0.517431,0.314944],[0.230435,0.490331],[0.73178,0.533381],[0.215189,0.434526],[0.474382,0.469603],[0.124712,0.249137],[0.814289,0.386693],[0.863617,0.338861],[0.799942,0.817186],[0.886937,0.247979],[0.059135,0.603535],[0.962273,0.622668],[0.047476,0.461631],[0.966758,0.416988],[0.025,0.380315]]"
c4612e91e71a085f14c68caf,frames/c4612e91e71a085f14c68caf.png,"[[0.775707,0.773147],[0.195458,0.955556],[0.072588,0.644989],[0.188283,0.613101],[0.092319,0.680067],[0.866312,0.603535],[0.16048,0.716739],[0.669016,0.458099],[0.616983,0.511058],[0.127296,0.475981],[0.57752,0.718333],[0.938953,0.61629],[0.750615,0.640206],[0.641198,0.550918],[0.499494,0.598751],[0.128193,0.565268],[0.923711,0.391476],[0.479762,0.225657],[0.494113,0.41061],[0.503978,0.528597],[0.660032,0.6705],[0.568552,0.576429],[0.616455,0.504111],[0.53178,0.275085],[0.604427,0.386693],[0.428641,0.629046],[0.482453,0.289433],[0.363171,0.475981],[0.517431,0.665717],[0.286937,0.332483],[0.66631,0.531786],[0.37214,0.688039],[0.798148,0.702389],[0.77214,0.377126],[0.025,0.192174],[0.870797,0.694417],[0.130884,0.365967],[0.130884,0.638611],[0.882453,0.464819],[0.065413,0.332483],[0.054651,0.598751],[0.039722,0.323078]]"
c466f7c2f9a7d4e15bebb7e6,frames/c466f7c2f9a7d4e15bebb7e6.png,"[[0.057341,0.383504],[0.031332,0.72471],[0.121019,0.955556],[0.204427,0.464819],[0.35779,0.694417],[0.352409,0.841103],[0.426848,0.817186],[0.444785,0.710361],[0.441198,0.305378],[0.37752,0.676878],[0.581108,0.345239],[0.507566,0.554107],[0.532677,0.654556],[0.452857,0.464819],[0.545234,0.332483],[0.685144,0.252762],[0.552409,0.432932],[0.570346,0.691228],[0.615189,0.059837],[0.729987,0.472792],[0.728193,0.6705],[0.537913,0.208953],[0.797252,0.24479],[0.769449,0.447282],[0.848945,0.163945],[0.451063,0.598751],[0.035201,0.932279],[0.544242,0.39541],[0.481855,0.634912],[0.312947,0.798054],[0.41766,0.379336],[0.467389,0.692778],[0.577696,0.567401],[0.621096,0.237886],[0.512597,0.456492],[0.457443,0.747429],[0.025,0.888936],[0.614292,0.955556]]"
c4735147fc483be63a0c5bc6,frames/c4735147fc483be63a0c5bc6.png,"[[0.025,0.747032],[0.171243,0.568457],[0.28335,0.468008],[0.624158,0.137964],[0.349718,0.65615],[0.582005,0.517436],[0.580211,0.051865],[0.659135,0.24479],[0.72909,0.676878],[0.558709,0.223419],[0.822727,0.225026],[0.77214,0.455254],[0.806445,0.117331],[0.667208,0.366476],[0.355099,0.472792],[0.364068,0.955556],[0.650166,0.498303],[0.596684,0.242708],[0.460155,0.332722],[0.540749,0.472792],[0.373037,0.778921],[0.46362,0.337267],[0.243888,0.196957],[0.58918,0.321322],[0.368552,0.852264],[0.442991,0.554107],[0.390077,0.694417],[0.446579,0.338861],[0.329987,0.622668],[0.534471,0.511058],[0.478866,0.705578],[0.390973,0.621074],[0.569186,0.458328],[0.57548,0.562246],[0.609653,0.659767],[0.508034,0.480711],[0.650121,0.929951],[0.414509,0.814843]]"
c478637e98e2638e23dd338f,frames/c478637e98e2638e23dd338f.png,"[[0.026848,0.3564],[0.025951,0.716739],[0.169449,0.491925],[0.348821,0.747032],[0.276175,0.880964],[0.499494,0.750221],[0.45196,0.311756],[0.369449,0.829942],[0.608911,0.388288],[0.544337,0.603535],[0.539852,0.659339],[0.565862,0.334078],[0.654651,0.23044],[0.534471,0.405826],[0.578417,0.680067],[0.605323,0.064621],[0.717431,0.444093],[0.729987,0.676878],[0.550571,0.216989],[0.81368,0.247531],[0.769449,0.447282],[0.848039,0.162338],[0.414292,0.73906],[0.037913,0.932279],[0.546051,0.388981],[0.492705,0.533646],[0.284247,0.688039],[0.423989,0.384158],[0.469197,0.578653],[0.584025,0.615624],[0.623809,0.233064],[0.55238,0.501499],[0.435743,0.753858],[0.025,0.885747],[0.608911,0.857047],[0.515637,0.464819]]"
c480873945ea33b0bad3669d,frames/c480873945ea33b0bad3669d.png,"[[0.15779,0.834725],[0.498138,0.366275],[0.510256,0.528597],[0.475279,0.431338],[0.26362,0.935174],[0.616983,0.431338],[0.435816,0.420176],[0.300391,0.79646],[0.481556,0.73906],[0.347924,0.431338],[0.156893,0.388288],[0.578417,0.36756],[0.521916,0.394665],[0.352409,0.431338]]"
c4a42a38b25ac3b8282e5353,frames/c4a42a38b25ac3b8282e5353.png,"[[0.88782,0.459706],[0.743157,0.824585],[0.154202,0.866614],[0.032229,0.598751],[0.076175,0.691228],[0.2977,0.603535],[0.173934,0.742249],[0.866312,0.609912],[0.228641,0.788488],[0.533392,0.467743],[0.548821,0.557296],[0.322812,0.416988],[0.622364,0.740654],[0.772995,0.522394],[0.656445,0.659339],[0.60353,0.609912],[0.57214,0.673689],[0.061826,0.461631],[0.816984,0.421771],[0.442991,0.23044],[0.416086,0.329294],[0.401736,0.522219],[0.526399,0.627451],[0.470795,0.501492],[0.678866,0.579618],[0.630435,0.528597],[0.43761,0.416988],[0.31205,0.696011],[0.592767,0.450471],[0.33178,0.361183],[0.399045,0.520625],[0.182005,0.386693],[0.690525,0.632235],[0.247476,0.633829],[0.879766,0.544542],[0.909359,0.377126],[0.026848,0.249574],[0.947922,0.740654],[0.031332,0.416988],[0.033126,0.509464],[0.974828,0.533381]]"
c4d28dc788167679bb9624cb,frames/c4d28dc788167679bb9624cb.png,"[[0.138955,0.525408],[0.117431,0.844292],[0.246579,0.651367],[0.187386,0.409015],[0.121916,0.654556],[0.600839,0.177824],[0.595458,0.225657],[0.394561,0.892125],[0.477969,0.716739],[0.556893,0.182608],[0.706669,0.702389],[0.740749,0.142747],[0.780211,0.351617],[0.799942,0.222468],[0.686938,0.409015],[0.866312,0.195362],[0.178417,0.729493],[0.451063,0.629046],[0.761377,0.233629],[0.182005,0.557296],[0.975,0.818781],[0.529987,0.917635],[0.125502,0.936768],[0.277072,0.852264],[0.277969,0.72471],[0.644785,0.115642],[0.314741,0.044444],[0.547924,0.044444]]"
c4e8e8c14b66ea8cc8863783,frames/c4e8e8c14b66ea8cc8863783.png,"[[0.640688,0.527331],[0.481998,0.372839],[0.498371,0.480312],[0.575198,0.276561],[0.645724,0.771383],[0.354794,0.818403],[0.56512,0.726604],[0.541192,0.807208],[0.388799,0.883334],[0.650766,0.695257]]"
c4edf69c6819498bd8f4b459,frames/c4edf69c6819498bd8f4b459.png,"[[0.618021,0.538526],[0.47948,0.3706],[0.497112,0.473594],[0.572677,0.278801],[0.641948,0.753471],[0.361092,0.813925],[0.563865,0.717647],[0.538673,0.807208],[0.392578,0.896769],[0.649505,0.686301]]"
c502b25669ae5ab725d325e9,frames/c502b25669ae5ab725d325e9.png,"[[0.48335,0.539758],[0.317431,0.676878],[0.921016,0.383504],[0.749718,0.181013],[0.755996,0.23044],[0.39187,0.193768],[0.530884,0.118831],[0.615189,0.044444],[0.155996,0.10767],[0.087835,0.896908],[0.08335,0.294217],[0.204427,0.21609],[0.269898,0.578024]]"
c50ed06a573201b3891591e8,frames/c50ed06a573201b3891591e8.png,"[[0.391318,0.428815],[0.481998,0.377318],[0.497112,0.520614],[0.596609,0.249694],[0.653281,0.887813],[0.663359,0.251932],[0.730109,0.352688],[0.629354,0.39299],[0.745224,0.558678],[0.663359,0.827359]]"
c51ecacb7b56347ece3a9dcf,frames/c51ecacb7b56347ece3a9dcf.png,"[[0.439621,0.623947],[0.502466,0.837594],[0.671151,0.861115],[0.455056,0.457342],[0.645797,0.504383],[0.543711,0.260888],[0.686031,0.572111],[0.68099,0.09744],[0.720031,0.417619],[0.754036,0.453444]]"
c53d952407bcc1e6427db96b,frames/c53d952407bcc1e6427db96b.png,"[[0.621797,0.538526],[0.47948,0.3706],[0.497112,0.478073],[0.572677,0.276561],[0.643208,0.75795],[0.356054,0.818403],[0.56512,0.717647],[0.541192,0.811686],[0.392578,0.892291],[0.648245,0.695257]]"
c54aeb533b0b2125357f936e,frames/c54aeb533b0b2125357f936e.png,"[[0.728691,0.429165],[0.53068,0.458099],[0.559613,0.641342],[0.71332,0.646164],[0.844422,0.451669],[0.755816,0.54329],[0.326399,0.783704],[0.056878,0.462469],[0.774795,0.668088],[0.142543,0.836319],[0.962273,0.483953],[0.399045,0.617885],[0.920125,0.955556],[0.536265,0.751815],[0.43761,0.394665],[0.872586,0.600346],[0.973039,0.823564],[0.550615,0.520625],[0.641198,0.629046],[0.287461,0.339151],[0.303081,0.73906],[0.711153,0.592374],[0.768552,0.735871],[0.31097,0.670275],[0.302184,0.472792],[0.240301,0.544542],[0.880656,0.694417],[0.063619,0.343644],[0.279762,0.402638],[0.207117,0.480764],[0.228641,0.397854],[0.136265,0.483953],[0.054651,0.475981],[0.059135,0.43931],[0.927297,0.305378]]"
c54c00f43f4a06f6d77e6337,frames/c54c00f43f4a06f6d77e6337.png,"[[0.638172,0.695257],[0.483258,0.368361],[0.494593,0.480312],[0.551266,0.236259],[0.68351,0.650477],[0.392578,0.883334],[0.442956,0.717647],[0.602906,0.858706],[0.288044,0.572111],[0.66462,0.59898]]"
c5970f060565d827e20d03d1,frames/c5970f060565d827e20d03d1.png,"[[0.604427,0.475981],[0.855547,0.735871],[0.503081,0.780515],[0.80353,0.469603],[0.512947,0.539758],[0.523709,0.365967],[0.344337,0.509464],[0.477969,0.420176],[0.703081,0.125209],[0.457341,0.672094],[0.793664,0.3564],[0.227745,0.351617],[0.839406,0.581212],[0.05196,0.762976]]"
c5b41d7e2b131ad2233c38c3,frames/c5b41d7e2b131ad2233c38c3.png,"[[0.480415,0.447542],[0.493645,0.823873],[0.571927,0.508303],[0.538849,0.431861],[0.546568,0.682749],[0.611724,0.419858],[0.698625,0.531809],[0.47696,0.164611],[0.712479,0.426576],[0.761594,0.43777]]"
c5d50c74d986455c85b2cd24,frames/c5d50c74d986455c85b2cd24.png,"[[0.095009,0.137964],[0.630435,0.044444],[0.44927,0.716739],[0.57752,0.547729],[0.773037,0.606724],[0.032229,0.265518],[0.83582,0.531786],[0.530884,0.222468],[0.88425,0.609912],[0.482453,0.79646],[0.864516,0.28465],[0.975,0.209712],[0.914742,0.192174],[0.402633,0.174636],[0.267207,0.198551],[0.182005,0.914446],[0.752409,0.240007],[0.551512,0.13637],[0.226848,0.133181],[0.313844,0.058243],[0.364068,0.479169]]"
c601aae8992ab48bb0e8bc16,frames/c601aae8992ab48bb0e8bc16.png,"[[0.73178,0.590779],[0.864516,0.71355],[0.669001,0.468008],[0.535368,0.892125],[0.321019,0.263924],[0.104875,0.790082],[0.487834,0.584401],[0.548821,0.499897],[0.721019,0.785299],[0.388283,0.525408],[0.441198,0.044444]]"
c6128df379fee8de1b601801,frames/c6128df379fee8de1b601801.png,"[[0.04927,0.399449],[0.151512,0.635422],[0.521916,0.416988],[0.201736,0.648178],[0.489628,0.420176],[0.163171,0.955556],[0.600839,0.41061],[0.447476,0.386693],[0.310256,0.747032],[0.294112,0.431338],[0.431332,0.917635],[0.390077,0.3564],[0.063619,0.487142],[0.563171,0.300594],[0.507566,0.318133]]"
c625c505365fab89d5467492,frames/c625c505365fab89d5467492.png,"[[0.198148,0.321322],[0.213395,0.41061],[0.171243,0.662528],[0.207117,0.892125],[0.182005,0.472792],[0.854648,0.890531],[0.40622,0.593968],[0.512947,0.866614],[0.482695,0.335386],[0.520122,0.442499],[0.578417,0.852264],[0.491422,0.380315],[0.698597,0.255951],[0.764068,0.570051],[0.075279,0.394665],[0.943437,0.147531]]"
c648b2b5ff86c5e29cfc3bfc,frames/c648b2b5ff86c5e29cfc3bfc.png,"[[0.025,0.751815],[0.158687,0.570051],[0.313844,0.472792],[0.648373,0.169852],[0.425951,0.635422],[0.607117,0.412204],[0.575727,0.051865],[0.664516,0.260735],[0.72909,0.676878],[0.555996,0.225026],[0.820914,0.218597],[0.77214,0.455254],[0.814586,0.131797],[0.676249,0.350403],[0.367655,0.539758],[0.436648,0.955556],[0.489628,0.442499],[0.382902,0.79646],[0.631332,0.533381],[0.596684,0.242708],[0.452923,0.321469],[0.580211,0.528597],[0.465413,0.638611],[0.452857,0.318133],[0.181108,0.267112],[0.566759,0.270301],[0.465413,0.688039],[0.504875,0.589185],[0.43761,0.595562],[0.462723,0.350022],[0.409808,0.536569],[0.565862,0.640206],[0.523709,0.536569],[0.438507,0.509464],[0.557495,0.402374],[0.516128,0.702933],[0.615948,0.824436]]"
c64a30834437c934b17799d1,frames/c64a30834437c934b17799d1.png,"[[0.401394,0.446727],[0.480739,0.368361],[0.495853,0.522853],[0.599125,0.251932],[0.654542,0.883334],[0.662099,0.231781],[0.733885,0.341493],[0.631875,0.397469],[0.754036,0.558678],[0.662099,0.827359]]"
c65a844faf935678d434425e,frames/c65a844faf935678d434425e.png,"[[0.509081,0.853274],[0.601693,0.847394],[0.554286,0.910117],[0.602797,0.567106],[0.426391,0.506344],[0.444215,0.267606],[0.652026,0.518375],[0.818271,0.381795],[0.740182,0.417619],[0.770411,0.446727]]"
c6686dafc192bf0ea1cf0ac8,frames/c6686dafc192bf0ea1cf0ac8.png,"[[0.585271,0.641521],[0.47948,0.377318],[0.495853,0.480312],[0.576458,0.276561],[0.672177,0.704213],[0.313233,0.746755],[0.557568,0.943788],[0.493333,0.892291],[0.344719,0.645999],[0.659578,0.630326]]"
c669b25075fb9463d5920cf4,frames/c669b25075fb9463d5920cf4.png,"[[0.467184,0.539664],[0.496953,0.829754],[0.643589,0.557305],[0.548771,0.390699],[0.544362,0.543584],[0.607943,0.422097],[0.692328,0.527331],[0.561344,0.099679],[0.712479,0.408663],[0.760339,0.457921]]"
c6b04100b0e2b27d26f4956a,frames/c6b04100b0e2b27d26f4956a.png,"[[0.449544,0.618067],[0.552078,0.810153],[0.59949,0.876795],[0.457261,0.482822],[0.66013,0.365219],[0.464366,0.386273],[0.668396,0.587784],[0.69988,0.117591],[0.720031,0.413142],[0.761594,0.446727]]"
c6c7ff0dd8421cbc07011b9f,frames/c6c7ff0dd8421cbc07011b9f.png,"[[0.955102,0.399449],[0.866312,0.60194],[0.950617,0.206524],[0.40353,0.603535],[0.129987,0.442499],[0.523709,0.609912],[0.62057,0.729493],[0.814289,0.57324],[0.936266,0.71355],[0.975,0.633829],[0.371243,0.579618],[0.104875,0.57324],[0.869898,0.270301],[0.810703,0.632235],[0.068104,0.310161],[0.552409,0.783704],[0.941648,0.321322],[0.62057,0.672094],[0.324606,0.536569],[0.897703,0.646583],[0.511153,0.694417],[0.362274,0.554107],[0.210705,0.528597],[0.656445,0.694417],[0.53178,0.479169],[0.418777,0.236818],[0.636713,0.509464],[0.325502,0.436121],[0.655548,0.600346],[0.233212,0.403447],[0.681556,0.511058],[0.750615,0.487142],[0.700391,0.852264],[0.972141,0.232035],[0.18918,0.665717],[0.823258,0.750221],[0.175727,0.555701],[0.786489,0.365967],[0.171243,0.345239],[0.863617,0.533381],[0.303978,0.821969],[0.119225,0.506275],[0.089628,0.416988]]"
c6ed2c3518f526dc63aa809a,frames/c6ed2c3518f526dc63aa809a.png,"[[0.03492,0.705578],[0.229538,0.651367],[0.457341,0.933579],[0.57752,0.209712],[0.679762,0.133181],[0.728193,0.676878],[0.618384,0.249137],[0.858891,0.260389],[0.773037,0.447282],[0.75672,0.083576],[0.688908,0.388981],[0.642095,0.300594],[0.597588,0.258782],[0.135368,0.085348],[0.371243,0.6992],[0.353305,0.576429],[0.6762,0.629392],[0.356955,0.622997],[0.537711,0.269679],[0.190077,0.716739],[0.487834,0.24479],[0.320122,0.939957],[0.547027,0.523814],[0.443888,0.340456],[0.575727,0.445687],[0.473485,0.531786],[0.35779,0.778921],[0.587386,0.372343],[0.464516,0.576429],[0.551512,0.377126],[0.521019,0.589185],[0.412498,0.528597],[0.514741,0.503086],[0.460929,0.456847],[0.477072,0.362778],[0.303978,0.755004],[0.509359,0.831536],[0.462723,0.41061],[0.539852,0.399449]]"
c7128df3b8fc87c9a0586822,frames/c7128df3b8fc87c9a0586822.png,"[[0.401032,0.335818],[0.402135,0.592586],[0.434108,0.702349],[0.613823,0.43382],[0.610385,0.624555],[0.662099,0.4624],[0.716255,0.498224],[0.652026,0.137743],[0.709958,0.419858],[0.755297,0.431054]]"
c713190376ce196e10a151aa,frames/c713190376ce196e10a151aa.png,"[[0.6977,0.373938],[0.680659,0.252762],[0.182005,0.36756],[0.321019,0.466414],[0.868102,0.469603],[0.384695,0.825158],[0.492319,0.622668],[0.810703,0.490331],[0.348821,0.651367],[0.477969,0.365967],[0.584695,0.477575],[0.025,0.817186],[0.255548,0.27349],[0.619673,0.292622],[0.075279,0.783704],[0.634023,0.412204],[0.511693,0.533646],[0.437552,0.577046],[0.501747,0.475779],[0.370644,0.726533],[0.290173,0.387374],[0.477334,0.044444]]"
c71704552444765c7c1baaa2,frames/c71704552444765c7c1baaa2.png,"[[0.224158,0.332483],[0.223261,0.405826],[0.169449,0.662528],[0.155996,0.955556],[0.033126,0.584401],[0.846578,0.777326],[0.667207,0.806026],[0.547027,0.691228],[0.382902,0.668906],[0.507566,0.326106],[0.63761,0.903285],[0.686938,0.299],[0.776623,0.423365],[0.200839,0.281461],[0.214292,0.517436],[0.373037,0.503086]]"
c72044eca7b4b236bcd90bfd,frames/c72044eca7b4b236bcd90bfd.png,"[[0.479312,0.651388],[0.517897,0.839087],[0.569719,0.890516],[0.544362,0.490663],[0.496953,0.239774],[0.413989,0.451205],[0.635651,0.612414],[0.754036,0.18924],[0.726333,0.408663],[0.761594,0.451205]]"
c7514b011730f7ea280e8361,frames/c7514b011730f7ea280e8361.png,"[[0.442929,0.616106],[0.494748,0.825833],[0.738406,0.757231],[0.48703,0.306417],[0.545464,0.555344],[0.611724,0.417619],[0.701141,0.592263],[0.643208,0.108635],[0.718776,0.417619],[0.759078,0.442248]]"
c7f204af27562dcd80bf26c7,frames/c7f204af27562dcd80bf26c7.png,"[[0.05196,0.546135],[0.025,0.483953],[0.092319,0.751815],[0.155996,0.812403],[0.176623,0.740654],[0.216086,0.788488],[0.124606,0.951118],[0.154202,0.332483],[0.472588,0.299],[0.313844,0.397854],[0.173934,0.557296],[0.28335,0.659339],[0.286937,0.766165],[0.54613,0.866614],[0.616086,0.208118],[0.522812,0.466414],[0.667207,0.665717],[0.718328,0.863425],[0.766759,0.621074],[0.563171,0.142747],[0.73178,0.45366],[0.768552,0.058243],[0.77483,0.361183],[0.80622,0.394665],[0.753305,0.251168],[0.863617,0.389882],[0.676175,0.125209],[0.113844,0.672094],[0.460032,0.799649],[0.887836,0.139558],[0.060032,0.294217],[0.790973,0.125209],[0.712947,0.080565],[0.943437,0.581212],[0.600839,0.955556]]"
c80220021ad9d3c5f2cf0b56,frames/c80220021ad9d3c5f2cf0b56.png,"[[0.646984,0.187001],[0.47948,0.3706],[0.494593,0.480312],[0.582755,0.269844],[0.634391,0.75795],[0.413989,0.771383],[0.720031,0.448966],[0.497112,0.717647],[0.439177,0.887813],[0.650766,0.701974]]"
c82eb994c6fabad2ca01149d,frames/c82eb994c6fabad2ca01149d.png,"[[0.668396,0.697496],[0.481998,0.377318],[0.493333,0.480312],[0.567641,0.267606],[0.707437,0.657194],[0.391318,0.863183],[0.309454,0.684062],[0.605422,0.851988],[0.294341,0.34821],[0.66462,0.59898]]"
c85e4e1918b176f477283229,frames/c85e4e1918b176f477283229.png,"[[0.115638,0.386693],[0.171243,0.649772],[0.344337,0.386693],[0.55779,0.450471],[0.254651,0.732682],[0.4977,0.416988],[0.147027,0.955556],[0.584695,0.386693],[0.450166,0.373938],[0.307566,0.740654],[0.207117,0.668906],[0.431332,0.917635],[0.386489,0.348428],[0.050166,0.509464],[0.561377,0.287839]]"
c8a10824c6f24f8b77bf2c8c,frames/c8a10824c6f24f8b77bf2c8c.png,"[[0.385597,0.327978],[0.414263,0.539664],[0.474902,0.770952],[0.611615,0.435781],[0.638078,0.618067],[0.674693,0.493746],[0.704922,0.482551],[0.687286,0.157894],[0.708698,0.422097],[0.757818,0.442248]]"
c8cc5d5f1f35e88e671f8de8,frames/c8cc5d5f1f35e88e671f8de8.png,"[[0.324568,0.549721],[0.52356,0.863183],[0.398875,0.325819],[0.674693,0.296713],[0.704922,0.657194],[0.646984,0.148938],[0.673432,0.079528],[0.567641,0.18924],[0.644469,0.426576],[0.372427,0.478073]]"
c8e1624afc1178081c2448ff,frames/c8e1624afc1178081c2448ff.png,"[[0.242095,0.807621],[0.453754,0.774138],[0.501288,0.340456],[0.386489,0.845886],[0.618777,0.394665],[0.46362,0.495114],[0.308462,0.813997],[0.433126,0.55889],[0.373934,0.727899],[0.180211,0.361183],[0.53178,0.420176],[0.599942,0.570051],[0.375727,0.729493],[0.667207,0.442499],[0.474382,0.409015],[0.536265,0.311756],[0.436713,0.345239]]"
c8ea7c021151b9b9ad8f2741,frames/c8ea7c021151b9b9ad8f2741.png,"[[0.571417,0.540765],[0.655802,0.502702],[0.461847,0.169089],[0.293082,0.419858],[0.371167,0.292234],[0.544971,0.207152],[0.508447,0.184762],[0.560083,0.408663],[0.575198,0.878856],[0.405172,0.216108]]"
c8ed9a8cb70625e6ef0d46bc,frames/c8ed9a8cb70625e6ef0d46bc.png,"[[0.519782,0.146699],[0.558823,0.654955],[0.475701,0.216108],[0.429102,0.187001],[0.383761,0.236259],[0.634391,0.276561],[0.582755,0.207152],[0.558823,0.419858],[0.526079,0.867661],[0.532376,0.21163]]"
c8f19d5811bf2b712c8dd872,frames/c8f19d5811bf2b712c8dd872.png,"[[0.325502,0.539758],[0.287834,0.581212],[0.253754,0.43931],[0.306669,0.139558],[0.700391,0.044444],[0.661826,0.79646],[0.509359,0.576429],[0.792767,0.300594],[0.236713,0.896908],[0.044785,0.879369],[0.188283,0.809215],[0.650166,0.058243],[0.147924,0.185797],[0.551512,0.051865],[0.816086,0.255951],[0.493216,0.472792],[0.528193,0.059837],[0.770346,0.23044],[0.26362,0.115642],[0.799942,0.070998]]"
c8fcc8e88c803500b3b1ee40,frames/c8fcc8e88c803500b3b1ee40.png,"[[0.025,0.743843],[0.138059,0.589185],[0.366759,0.955556],[0.405323,0.495114],[0.647476,0.219279],[0.445682,0.622668],[0.607117,0.340456],[0.540749,0.326106],[0.43761,0.383504],[0.57483,0.05346],[0.670795,0.281461],[0.72909,0.676878],[0.559613,0.226633],[0.822727,0.221811],[0.77214,0.455254],[0.816391,0.138227],[0.655454,0.355225],[0.347924,0.598751],[0.38059,0.813332],[0.432127,0.945139],[0.498597,0.520625],[0.353305,0.665717],[0.629538,0.539758],[0.592162,0.250744],[0.432127,0.319862],[0.570346,0.595562],[0.467207,0.566862],[0.435816,0.321322],[0.137162,0.310161],[0.521916,0.263924],[0.529987,0.584401],[0.489628,0.72471],[0.451063,0.520625],[0.457341,0.345239],[0.438507,0.466414],[0.547027,0.772543],[0.583798,0.45366],[0.490525,0.447282],[0.555696,0.370399],[0.507135,0.867601]]"
c902877c75039981ce357d20,frames/c902877c75039981ce357d20.png,"[[0.737667,0.637043],[0.480739,0.372839],[0.490815,0.471356],[0.727589,0.337015],[0.75026,0.572111],[0.352276,0.357166],[0.351016,0.272083],[0.604167,0.84751],[0.32079,0.245215],[0.662099,0.59898]]"
c902ab1acd554f99f217d765,frames/c902ab1acd554f99f217d765.png,"[[0.327086,0.547482],[0.762854,0.607936],[0.349757,0.28104],[0.416507,0.57435],[0.665875,0.225064],[0.73263,0.249694],[0.728849,0.442248],[0.513484,0.126548],[0.600385,0.73332],[0.582755,0.831837]]"
c90c921df05833c20f36c5f0,frames/c90c921df05833c20f36c5f0.png,"[[0.231332,0.691228],[0.547027,0.338861],[0.442095,0.13637],[0.728193,0.676878],[0.740445,0.424343],[0.855273,0.273249],[0.764965,0.45366],[0.775707,0.046606],[0.546955,0.208953],[0.755996,0.083754],[0.371243,0.102887],[0.413395,0.858642],[0.63933,0.458328],[0.334471,0.506275],[0.443888,0.316539],[0.51205,0.283056],[0.448373,0.772543],[0.269898,0.512653],[0.314741,0.72471],[0.419673,0.735871],[0.301288,0.509464],[0.388283,0.399449],[0.42851,0.554542],[0.411331,0.585082],[0.574984,0.686349],[0.45021,0.478994],[0.58493,0.546506],[0.362506,0.573831],[0.426702,0.371299],[0.492705,0.731356],[0.511693,0.353618],[0.535201,0.715282],[0.965578,0.819763],[0.466484,0.376121]]"
c9234d146cb2bd2a5a30978a,frames/c9234d146cb2bd2a5a30978a.png,"[[0.475279,0.568457],[0.319225,0.672094],[0.933578,0.397854],[0.747027,0.192174],[0.754202,0.225657],[0.356893,0.133181],[0.519225,0.109264],[0.612498,0.044444],[0.140749,0.16188],[0.114741,0.911257],[0.096803,0.386693],[0.188283,0.278274],[0.242991,0.581212]]"
c978ab5c3f127d32f1e369cb,frames/c978ab5c3f127d32f1e369cb.png,"[[0.750391,0.421128],[0.53068,0.451669],[0.560517,0.662237],[0.712416,0.641342],[0.866125,0.440417],[0.775707,0.544897],[0.31205,0.818781],[0.051047,0.463765],[0.793242,0.655789],[0.144337,0.831536],[0.972141,0.475981],[0.382902,0.61629],[0.933578,0.955556],[0.518328,0.750221],[0.432229,0.383504],[0.870797,0.598751],[0.975,0.836319],[0.547027,0.517436],[0.654651,0.613101],[0.288366,0.337544],[0.303081,0.740654],[0.688731,0.57324],[0.754202,0.732682],[0.332669,0.692778],[0.307566,0.472792],[0.242991,0.539758],[0.868102,0.696011],[0.063619,0.343644],[0.295009,0.41061],[0.226848,0.472792],[0.23761,0.394665],[0.158687,0.472792],[0.054651,0.490331],[0.060929,0.436121],[0.905773,0.306972],[0.975,0.531786]]"
c98ab8d553d0e62574560fea,frames/c98ab8d553d0e62574560fea.png,"[[0.859797,0.480601],[0.757624,0.795651],[0.152409,0.855453],[0.033126,0.621074],[0.109359,0.743843],[0.306694,0.62436],[0.21788,0.740654],[0.874383,0.611507],[0.236713,0.769354],[0.517117,0.483817],[0.501288,0.57324],[0.370346,0.431338],[0.634023,0.729493],[0.705183,0.52561],[0.616983,0.654556],[0.565862,0.584401],[0.609808,0.6992],[0.060032,0.421771],[0.771243,0.394665],[0.459135,0.260735],[0.394561,0.303783],[0.364068,0.490331],[0.452857,0.640206],[0.438507,0.514247],[0.717431,0.57324],[0.64927,0.605129],[0.399942,0.372343],[0.26631,0.651367],[0.639404,0.480764],[0.304875,0.373938],[0.378417,0.512653],[0.161377,0.365967],[0.742543,0.632235],[0.202633,0.611507],[0.893219,0.514247],[0.952406,0.464819],[0.025,0.306972],[0.975,0.764571]]"
c9904e7320bda807c9fd097a,frames/c9904e7320bda807c9fd097a.png,"[[0.740182,0.639281],[0.481998,0.377318],[0.490815,0.473594],[0.600385,0.151177],[0.749,0.578829],[0.344719,0.419858],[0.391318,0.204913],[0.601646,0.84751],[0.27419,0.426576],[0.66462,0.603457]]"
c99156d10fd176c7a9657fa9,frames/c99156d10fd176c7a9657fa9.png,"[[0.386281,0.798252],[0.47948,0.3706],[0.497112,0.502702],[0.589052,0.251932],[0.631875,0.827359],[0.571417,0.563156],[0.727589,0.442248],[0.572677,0.446727],[0.691068,0.731081],[0.649505,0.778101]]"
c9941561f11c20f02d1c076f,frames/c9941561f11c20f02d1c076f.png,"[[0.604167,0.623608],[0.47948,0.377318],[0.495853,0.478073],[0.572677,0.276561],[0.638172,0.742277],[0.358573,0.787056],[0.558823,0.717647],[0.539933,0.807208],[0.374945,0.903485],[0.654542,0.675106]]"
c9f04abb329c5f7c559946e0,frames/c9f04abb329c5f7c559946e0.png,"[[0.030435,0.727899],[0.12909,0.576429],[0.36048,0.952712],[0.448373,0.523814],[0.630435,0.287839],[0.640301,0.955556],[0.506669,0.633829],[0.59187,0.299],[0.537162,0.254357],[0.380211,0.512653],[0.581108,0.058243],[0.687834,0.28465],[0.72909,0.676878],[0.565038,0.234671],[0.823625,0.221811],[0.773037,0.45366],[0.820914,0.152694],[0.604821,0.350403],[0.550571,0.374514],[0.289628,0.621074],[0.360698,0.821369],[0.526159,0.605979],[0.415852,0.803689],[0.509359,0.578024],[0.355996,0.654556],[0.608014,0.651367],[0.573176,0.260389],[0.432127,0.319862],[0.565862,0.646583],[0.467207,0.458442],[0.432229,0.318133],[0.062722,0.350022],[0.503081,0.289433],[0.502184,0.534975],[0.52909,0.917635],[0.533574,0.405826]]"
c9f7a92186f6adc44de3d35b,frames/c9f7a92186f6adc44de3d35b.png,"[[0.238507,0.6992],[0.756893,0.233629],[0.467207,0.110859],[0.539852,0.118831],[0.162274,0.72471],[0.248373,0.924012],[0.923711,0.654556],[0.104875,0.606724],[0.132677,0.786893],[0.315638,0.654556],[0.362274,0.42496],[0.401736,0.775732],[0.771243,0.110859],[0.375727,0.903285],[0.656445,0.173041],[0.460032,0.550918],[0.344337,0.520625]]"
ca046721ee57e9db8f924864,frames/ca046721ee57e9db8f924864.png,"[[0.619276,0.681823],[0.481998,0.377318],[0.497112,0.478073],[0.572677,0.276561],[0.679729,0.663911],[0.411469,0.818403],[0.518522,0.948266],[0.533636,0.84751],[0.306935,0.601219],[0.667135,0.601219]]"
ca1baedce690874e5f7e4e0c,frames/ca1baedce690874e5f7e4e0c.png,"[[0.26631,0.643394],[0.569449,0.36756],[0.496803,0.117237],[0.728193,0.676878],[0.735924,0.424343],[0.851656,0.2845],[0.764965,0.45366],[0.759432,0.061072],[0.629234,0.292538],[0.755099,0.086943],[0.371243,0.139558],[0.36048,0.79646],[0.653718,0.522278],[0.622243,0.754092],[0.37214,0.633829],[0.382902,0.794865],[0.428641,0.314944],[0.648373,0.238413],[0.495009,0.683256],[0.40622,0.885747],[0.269001,0.509464],[0.387386,0.955556],[0.57752,0.260735],[0.446579,0.761382],[0.484247,0.420176],[0.41788,0.72471],[0.381108,0.855453],[0.340749,0.523814],[0.464516,0.321322],[0.416086,0.643394],[0.405323,0.405826],[0.442073,0.704029],[0.46558,0.565794],[0.502651,0.850303],[0.471005,0.901739],[0.731403,0.901739],[0.455634,0.416307],[0.522542,0.921028],[0.432127,0.927457]]"
ca59163777faca4ccaa0b2d0,frames/ca59163777faca4ccaa0b2d0.png,"[[0.233126,0.490331],[0.058238,0.955556],[0.286041,0.643394],[0.239404,0.436121],[0.193664,0.955556],[0.621467,0.166664],[0.388283,0.147531],[0.727296,0.90169],[0.710256,0.080565],[0.762274,0.517436],[0.730884,0.147531],[0.504875,0.501492],[0.799045,0.289433],[0.193664,0.853858],[0.44927,0.613101],[0.113844,0.769354],[0.975,0.758193],[0.216086,0.825158],[0.654651,0.094915],[0.200839,0.126803],[0.547027,0.058243],[0.311153,0.735871],[0.861828,0.16188],[0.469001,0.483953],[0.511153,0.044444],[0.738955,0.228846]]"
ca87e9f3a242662f110ae202,frames/ca87e9f3a242662f110ae202.png,"[[0.282453,0.665717],[0.371243,0.820375],[0.484247,0.874586],[0.642991,0.373938],[0.470795,0.576429],[0.306669,0.879369],[0.380211,0.397854],[0.487834,0.683256],[0.180211,0.359589],[0.547027,0.609912],[0.77752,0.394665],[0.488731,0.683256],[0.588283,0.503086],[0.487834,0.413799],[0.534471,0.305378],[0.445682,0.365967],[0.573934,0.300594],[0.547027,0.177824],[0.650166,0.778921]]"
ca8a45b27d3021434bae0078,frames/ca8a45b27d3021434bae0078.png,"[[0.910258,0.614696],[0.086041,0.475981],[0.866312,0.603535],[0.095906,0.6705],[0.895008,0.499897],[0.739541,0.292538],[0.532677,0.644989],[0.84568,0.412204],[0.314741,0.542947],[0.323709,0.637017],[0.52909,0.377126],[0.602633,0.436121],[0.61788,0.648178],[0.975,0.512653],[0.778417,0.58759],[0.431332,0.458442],[0.37483,0.495114],[0.790077,0.289433],[0.610705,0.6992],[0.344337,0.310161],[0.410705,0.654556],[0.686938,0.705578],[0.426848,0.394665],[0.566759,0.314944],[0.568552,0.60194],[0.66631,0.600346],[0.644785,0.416988],[0.025,0.332483],[0.77752,0.667311],[0.373934,0.420176],[0.169449,0.579618],[0.83582,0.445687],[0.159584,0.450471],[0.304875,0.45366],[0.093067,0.180019],[0.894109,0.41061],[0.93268,0.413799],[0.912047,0.845886]]"
ca923ef3ff94bc58c7f22380,frames/ca923ef3ff94bc58c7f22380.png,"[[0.593664,0.632235],[0.575727,0.517436],[0.184695,0.361183],[0.502184,0.745437],[0.553305,0.044444],[0.128193,0.955556],[0.668104,0.657744],[0.632229,0.044444],[0.827742,0.528597],[0.547924,0.487142],[0.626848,0.447282],[0.416983,0.751815],[0.486041,0.542947],[0.455548,0.394665],[0.401736,0.397854],[0.054651,0.874586],[0.460032,0.306972],[0.41788,0.311756],[0.61788,0.247979],[0.355099,0.955556]]"
cac6172f093e5a8f25869efb,frames/cac6172f093e5a8f25869efb.png,"[[0.194561,0.45366],[0.169449,0.6705],[0.242991,0.509464],[0.618777,0.509464],[0.278866,0.818781],[0.538955,0.491925],[0.12909,0.955556],[0.583798,0.278274],[0.622364,0.431338],[0.477072,0.372343],[0.077969,0.05346],[0.299494,0.73906],[0.221467,0.888936],[0.428641,0.925607],[0.434023,0.294217]]"
cad1ffe6ccc9417d47be093e,frames/cad1ffe6ccc9417d47be093e.png,"[[0.92218,0.414699],[0.637371,0.49989],[0.647316,0.638126],[0.857078,0.605979],[0.961961,0.605979],[0.199942,0.860236],[0.927609,0.715282],[0.071691,0.680067],[0.260032,0.662528],[0.959586,0.785299],[0.407117,0.740654],[0.376623,0.499897],[0.869898,0.60194],[0.452857,0.570051],[0.825055,0.566862],[0.420373,0.385765],[0.353305,0.755004],[0.54344,0.340456],[0.698597,0.68485],[0.467389,0.655808],[0.434023,0.554107],[0.351512,0.450471],[0.745234,0.745437],[0.054651,0.329294],[0.492319,0.498303],[0.323709,0.36756],[0.312947,0.287839],[0.274382,0.351617],[0.192767,0.578024],[0.20353,0.455254],[0.891422,0.232035],[0.884711,0.501378],[0.890523,0.632235],[0.149718,0.377126],[0.076175,0.579618],[0.919227,0.370749],[0.064516,0.428149],[0.042991,0.498303],[0.025,0.278274],[0.975,0.691228]]"
cb25d830e19211630dd09129,frames/cb25d830e19211630dd09129.png,"[[0.065038,0.589904],[0.357081,0.49989],[0.292886,0.329507],[0.335381,0.411485],[0.426702,0.618837],[0.04305,0.62846],[0.528872,0.474172],[0.461059,0.528824],[0.393664,0.405826],[0.246774,0.483817],[0.54153,0.599549],[0.179314,0.660933],[0.150659,0.789703],[0.669001,0.42496],[0.548763,0.668667],[0.694112,0.542947],[0.751512,0.450471],[0.806445,0.634912],[0.805545,0.54329],[0.744337,0.595562],[0.56048,0.73906],[0.827242,0.747429],[0.592767,0.584401],[0.676175,0.361183],[0.872586,0.598751],[0.975,0.648178],[0.773934,0.472792],[0.228641,0.506275],[0.100391,0.402638],[0.128193,0.565268],[0.870797,0.707172],[0.967656,0.732682],[0.059613,0.514357],[0.035817,0.43931]]"
cb3afd77079468babf2d3754,frames/cb3afd77079468babf2d3754.png,"[[0.929984,0.292622],[0.866312,0.60194],[0.312947,0.613101],[0.046579,0.402638],[0.611602,0.657744],[0.733574,0.707172],[0.939852,0.523814],[0.347924,0.58759],[0.885141,0.219279],[0.975,0.651367],[0.638507,0.705578],[0.717431,0.755004],[0.235816,0.643394],[0.37214,0.509464],[0.271691,0.681661],[0.337162,0.468008],[0.61788,0.566862],[0.547027,0.683256],[0.398148,0.208118],[0.538059,0.445687],[0.456445,0.520625],[0.954203,0.617885],[0.391439,0.433988],[0.558687,0.592374],[0.640301,0.566862],[0.660032,0.876181],[0.318328,0.705578],[0.690525,0.611507],[0.313844,0.542947],[0.734471,0.447282],[0.306669,0.394665],[0.624158,0.461631],[0.390973,0.665717],[0.291422,0.450471],[0.21788,0.402638],[0.248373,0.475981],[0.868102,0.729493],[0.918328,0.732682],[0.067207,0.509464],[0.951508,0.557296],[0.975,0.487142],[0.975,0.539758]]"
cb63c5edc9f9b0f903a88e13,frames/cb63c5edc9f9b0f903a88e13.png,"[[0.077969,0.160286],[0.63492,0.044444],[0.375727,0.880964],[0.544337,0.76776],[0.794561,0.648178],[0.043888,0.534975],[0.825953,0.544542],[0.536265,0.365967],[0.886937,0.657744],[0.477072,0.892125],[0.919227,0.332483],[0.955992,0.287839],[0.905773,0.192174],[0.361377,0.262329],[0.168552,0.389882],[0.199045,0.955556],[0.773037,0.294217],[0.545234,0.171447],[0.224158,0.295811],[0.20353,0.044444],[0.365862,0.409015],[0.491422,0.063026]]"
cbafbd2a9e3d61f497d09159,frames/cbafbd2a9e3d61f497d09159.png,"[[0.459329,0.773623],[0.713734,0.731081],[0.352276,0.289995],[0.383761,0.614653],[0.629354,0.144459],[0.720031,0.278801],[0.723812,0.473594],[0.560083,0.106396],[0.381243,0.50718],[0.591568,0.818403]]"
cbb3de0cf37c05a2210b5ad5,frames/cbb3de0cf37c05a2210b5ad5.png,"[[0.181108,0.359589],[0.280659,0.461631],[0.37752,0.732682],[0.906672,0.683256],[0.272588,0.79646],[0.615189,0.318133],[0.677072,0.343644],[0.025,0.566862],[0.667207,0.598751],[0.14613,0.831536],[0.599942,0.678472],[0.824531,0.461314],[0.627425,0.430772],[0.540626,0.679919],[0.447498,0.472565],[0.461059,0.133405],[0.715637,0.155503],[0.370346,0.43931],[0.657341,0.193768],[0.409808,0.880964],[0.41788,0.10767],[0.215189,0.887342]]"
cc0d1708245062e3392ce295,frames/cc0d1708245062e3392ce295.png,"[[0.573037,0.469603],[0.858234,0.727899],[0.626848,0.683256],[0.816086,0.464819],[0.535368,0.464819],[0.642095,0.900097],[0.579314,0.383504],[0.349718,0.483953],[0.501288,0.377126],[0.696803,0.129992],[0.460929,0.528597],[0.795458,0.377126],[0.227745,0.147531],[0.025,0.606724],[0.916531,0.517436]]"
cc1b1c832f5e4e85381496fc,frames/cc1b1c832f5e4e85381496fc.png,"[[0.723812,0.645999],[0.483258,0.368361],[0.489555,0.478073],[0.553786,0.590023],[0.749,0.578829],[0.362351,0.433293],[0.3422,0.247455],[0.604167,0.851988],[0.345978,0.171328],[0.660839,0.605696]]"
cc21de0980c3c164f256bc0f,frames/cc21de0980c3c164f256bc0f.png,"[[0.453031,0.590023],[0.480739,0.3706],[0.502149,0.511658],[0.589052,0.249694],[0.635651,0.858706],[0.650766,0.417619],[0.725073,0.466878],[0.585271,0.457921],[0.688547,0.581068],[0.649505,0.791535]]"
cc49b5acab2e001f5a4ae6b9,frames/cc49b5acab2e001f5a4ae6b9.png,"[[0.703312,0.456285],[0.518022,0.466136],[0.55238,0.609193],[0.697045,0.63009],[0.834477,0.454883],[0.739541,0.535253],[0.33178,0.766165],[0.060522,0.470244],[0.762145,0.678311],[0.141646,0.857047],[0.938062,0.501492],[0.40622,0.614696],[0.906672,0.955556],[0.551512,0.755004],[0.459135,0.383504],[0.871688,0.606724],[0.953305,0.831536],[0.551512,0.520625],[0.621467,0.633829],[0.291078,0.326292],[0.302184,0.732682],[0.72909,0.581212],[0.778417,0.73906],[0.301023,0.660631],[0.282453,0.464819],[0.231332,0.565268],[0.903078,0.691228],[0.060929,0.343644],[0.252857,0.397854],[0.193664,0.490331],[0.194561,0.409015],[0.121916,0.488736],[0.052857,0.472792],[0.053754,0.444093],[0.944336,0.311756]]"
cc84699a03e9d23ba8651089,frames/cc84699a03e9d23ba8651089.png,"[[0.616575,0.477387],[0.423989,0.49989],[0.518926,0.466136],[0.605725,0.676704],[0.025,0.564186],[0.690716,0.491854],[0.640084,0.594726],[0.32909,0.613101],[0.109342,0.454883],[0.670825,0.671882],[0.029539,0.649772],[0.151512,0.818781],[0.955102,0.442499],[0.801736,0.593968],[0.968555,0.536569],[0.975,0.715282],[0.975,0.609912],[0.491422,0.643394],[0.87607,0.826192],[0.640301,0.691228],[0.569449,0.394665],[0.867203,0.593968],[0.899492,0.79646],[0.616983,0.544542],[0.474382,0.688039],[0.27842,0.379336],[0.292319,0.702389],[0.778417,0.673689],[0.859133,0.718333],[0.258528,0.622053],[0.202633,0.413799],[0.164965,0.57324],[0.935367,0.841103],[0.047476,0.3277],[0.127296,0.420176],[0.065413,0.539758],[0.045682,0.43931],[0.025,0.487142]]"
ccb8d4edcdf658978a5bdbfa,frames/ccb8d4edcdf658978a5bdbfa.png,"[[0.270411,0.527331],[0.393838,0.834076],[0.447993,0.236259],[0.505928,0.238498],[0.513484,0.57659],[0.670917,0.594502],[0.662099,0.469117],[0.570161,0.431054],[0.553786,0.547482],[0.689807,0.50718]]"
ccc4e221daf02695724c3f60,frames/ccc4e221daf02695724c3f60.png,"[[0.556307,0.612414],[0.641948,0.648238],[0.474442,0.148938],[0.286784,0.538526],[0.381243,0.272083],[0.544971,0.207152],[0.514744,0.204913],[0.546229,0.406424],[0.6155,0.813925],[0.420285,0.209391]]"
ccd22cb2479d5507d754a7ae,frames/ccd22cb2479d5507d754a7ae.png,"[[0.570346,0.464819],[0.861828,0.73906],[0.575727,0.740654],[0.804427,0.456847],[0.53178,0.456847],[0.566759,0.939957],[0.57752,0.386693],[0.355996,0.498303],[0.502184,0.394665],[0.6977,0.117237],[0.451063,0.576429],[0.799942,0.380315],[0.240301,0.171447],[0.891422,0.517436],[0.030435,0.821969]]"
cce7f51b9647a303b51ff005,frames/cce7f51b9647a303b51ff005.png,"[[0.025,0.688039],[0.323709,0.584401],[0.650166,0.394665],[0.616983,0.083754],[0.728193,0.676878],[0.696141,0.342367],[0.829953,0.270033],[0.766759,0.450471],[0.755816,0.061072],[0.650933,0.326292],[0.729987,0.098103],[0.549667,0.279678],[0.229538,0.208118],[0.327296,0.791676],[0.669005,0.565443],[0.618646,0.808449],[0.673502,0.450335],[0.355996,0.621074],[0.460929,0.75341],[0.469001,0.81081],[0.570346,0.860236],[0.369449,0.57324],[0.432229,0.321322],[0.461826,0.401043],[0.615189,0.402638],[0.513844,0.584401],[0.410705,0.694417],[0.430435,0.401043],[0.422364,0.533381],[0.581108,0.638611],[0.432229,0.839508],[0.414292,0.747032],[0.487834,0.799649],[0.077969,0.951118],[0.470795,0.332483],[0.460032,0.464819],[0.502184,0.43931],[0.544337,0.394665],[0.520122,0.343644]]"
ccfcfe1368c902b7be6a78e4,frames/ccfcfe1368c902b7be6a78e4.png,"[[0.266633,0.448966],[0.604167,0.766906],[0.461847,0.247455],[0.508447,0.225064],[0.495853,0.520614],[0.670917,0.585545],[0.650766,0.493746],[0.573938,0.422097],[0.512225,0.648238],[0.68225,0.460161]]"
cd034beb1ca2eb05c983b1f8,frames/cd034beb1ca2eb05c983b1f8.png,"[[0.558823,0.099679],[0.481998,0.372839],[0.494593,0.480312],[0.584016,0.249694],[0.634391,0.791535],[0.441696,0.831837],[0.717516,0.428815],[0.557568,0.621369],[0.468145,0.943788],[0.652026,0.746755]]"
cd50026023059c25bd6a235b,frames/cd50026023059c25bd6a235b.png,"[[0.030435,0.705578],[0.273485,0.58759],[0.585592,0.287839],[0.685144,0.104481],[0.728193,0.676878],[0.629234,0.257174],[0.844422,0.258782],[0.768552,0.450471],[0.755816,0.078753],[0.682579,0.337544],[0.685144,0.198551],[0.58945,0.2411],[0.121916,0.129992],[0.320122,0.751815],[0.409808,0.668906],[0.669905,0.629392],[0.515229,0.706131],[0.552998,0.271278],[0.347027,0.6705],[0.488731,0.292622],[0.585592,0.450471],[0.55779,0.378721],[0.549718,0.633829],[0.476175,0.621074],[0.576623,0.614696],[0.399045,0.469603],[0.462723,0.332483],[0.387386,0.589185],[0.519225,0.595562],[0.432229,0.420176],[0.540749,0.420176],[0.427745,0.705578],[0.457341,0.372343]]"
cd57d1bd0d273b575e6711b7,frames/cd57d1bd0d273b575e6711b7.png,"[[0.328346,0.547482],[0.538673,0.867661],[0.398875,0.330298],[0.670917,0.316864],[0.711219,0.66615],[0.643208,0.126548],[0.673432,0.088484],[0.568901,0.180284],[0.645724,0.408663],[0.385021,0.482551]]"
cd85fcded115a31c71854179,frames/cd85fcded115a31c71854179.png,"[[0.359584,0.764571],[0.412498,0.254357],[0.729987,0.678472],[0.744966,0.422736],[0.810969,0.242708],[0.768552,0.455254],[0.776611,0.04982],[0.57408,0.072324],[0.814289,0.080565],[0.335368,0.227251],[0.571884,0.467921],[0.373934,0.377126],[0.385592,0.321322],[0.210705,0.444093],[0.122812,0.617885],[0.316534,0.871397],[0.287834,0.487142],[0.516213,0.290929],[0.409523,0.610801],[0.65455,0.350403],[0.876977,0.729749],[0.325436,0.678311],[0.461964,0.397018],[0.344423,0.430772],[0.57408,0.520787],[0.599396,0.456492],[0.604821,0.427558],[0.659975,0.353618],[0.5786,0.360047],[0.378781,0.810118],[0.513844,0.581212],[0.485144,0.727899],[0.419673,0.539758],[0.862719,0.955556],[0.45196,0.600346],[0.511153,0.458442],[0.476175,0.332483],[0.538955,0.523814],[0.427745,0.365967],[0.475279,0.42496],[0.57483,0.044444]]"
cd8a5ff563294384030b2b91,frames/cd8a5ff563294384030b2b91.png,"[[0.23761,0.809215],[0.455548,0.762976],[0.503081,0.326106],[0.387386,0.852264],[0.621467,0.397854],[0.458238,0.498303],[0.308462,0.818781],[0.425055,0.55889],[0.383798,0.727899],[0.182005,0.362778],[0.538059,0.431338],[0.62057,0.570051],[0.380211,0.721522],[0.657341,0.464819],[0.472588,0.412204],[0.519225,0.322917],[0.460929,0.359589]]"
cdb9c348bfea85b97d20447b,frames/cdb9c348bfea85b97d20447b.png,"[[0.059135,0.182608],[0.62057,0.955556],[0.787386,0.774138],[0.069897,0.657744],[0.872586,0.565268],[0.60353,0.416988],[0.913844,0.676878],[0.944336,0.345239],[0.856445,0.174636],[0.362274,0.310161],[0.110256,0.421771],[0.224158,0.946335],[0.75779,0.388288],[0.559584,0.192174],[0.121916,0.495114],[0.213395,0.169852],[0.368552,0.490331],[0.520122,0.177824],[0.687834,0.044444]]"
cdd72c7d6a72f38bb1127579,frames/cdd72c7d6a72f38bb1127579.png,"[[0.227745,0.338861],[0.286937,0.388288],[0.171243,0.657744],[0.063619,0.705578],[0.742543,0.533381],[0.468104,0.716739],[0.624158,0.557296],[0.168552,0.821969],[0.68335,0.914446],[0.674382,0.311756],[0.644785,0.464819],[0.04927,0.635422],[0.556893,0.522219],[0.165862,0.278274]]"
ce06c8ff20e3ad225393167a,frames/ce06c8ff20e3ad225393167a.png,"[[0.056901,0.628482],[0.438455,0.533646],[0.282097,0.337401],[0.352561,0.40184],[0.471909,0.62366],[0.025,0.602764],[0.571367,0.445239],[0.516213,0.601157],[0.390077,0.455254],[0.197045,0.475779],[0.577696,0.638126],[0.14344,0.643394],[0.134471,0.798054],[0.736265,0.461631],[0.608014,0.68485],[0.75779,0.546135],[0.817883,0.434526],[0.848945,0.633304],[0.884203,0.533646],[0.798148,0.581212],[0.569559,0.684742],[0.825437,0.747429],[0.614292,0.609912],[0.656445,0.397854],[0.868102,0.60194],[0.963172,0.694417],[0.74613,0.487142],[0.26362,0.600346],[0.154202,0.397854],[0.168552,0.593968],[0.842094,0.694417],[0.937164,0.732682],[0.125616,0.475779],[0.085144,0.442499]]"
ce2c614eb7c615f0df19a937,frames/ce2c614eb7c615f0df19a937.png,"[[0.884203,0.454883],[0.748582,0.822976],[0.152409,0.866614],[0.031332,0.600346],[0.082453,0.6992],[0.295009,0.609912],[0.18918,0.751815],[0.865414,0.605129],[0.233126,0.786893],[0.537913,0.456492],[0.542543,0.562079],[0.334471,0.431338],[0.622364,0.732682],[0.757624,0.528824],[0.64927,0.651367],[0.590973,0.593968],[0.580211,0.68485],[0.060032,0.461631],[0.807117,0.41061],[0.44927,0.232035],[0.408014,0.326106],[0.388283,0.520625],[0.501288,0.632235],[0.46631,0.506275],[0.691422,0.576429],[0.63761,0.539758],[0.432229,0.41061],[0.299494,0.6992],[0.60353,0.458442],[0.323709,0.362778],[0.393664,0.517436],[0.17483,0.388288],[0.691422,0.633829],[0.243888,0.622668],[0.886937,0.531786],[0.91743,0.405826],[0.025,0.24479],[0.951508,0.740654],[0.025054,0.423365],[0.025,0.490331],[0.975,0.528597]]"
ce700b56d7e89abdf7f86836,frames/ce700b56d7e89abdf7f86836.png,"[[0.260929,0.638611],[0.555099,0.294217],[0.428641,0.171447],[0.729987,0.673689],[0.744966,0.424343],[0.854367,0.265211],[0.765862,0.45366],[0.775707,0.04982],[0.514405,0.176805],[0.756893,0.064621],[0.373934,0.125209],[0.439404,0.890531],[0.620445,0.445539],[0.312947,0.432932],[0.427745,0.318133],[0.408014,0.845886],[0.268104,0.506275],[0.276175,0.727899],[0.364068,0.955556],[0.292319,0.506275],[0.355099,0.409015],[0.459252,0.456492],[0.426702,0.483817],[0.588546,0.517572],[0.458347,0.655808],[0.564134,0.409876],[0.376069,0.495068],[0.381494,0.371299],[0.518926,0.578653],[0.513501,0.364869],[0.527063,0.487032],[0.943883,0.810118],[0.423085,0.413092],[0.591259,0.787614],[0.455634,0.388981],[0.502651,0.430772],[0.079505,0.955556],[0.661783,0.955556],[0.544242,0.405054]]"
ce73ff59f07e675820f289dc,frames/ce73ff59f07e675820f289dc.png,"[[0.563865,0.567633],[0.660839,0.57435],[0.469404,0.16685],[0.293082,0.466878],[0.374945,0.287756],[0.546229,0.21163],[0.510966,0.207152],[0.552526,0.408663],[0.584016,0.863183],[0.41021,0.216108]]"
ce782dd44d3403f957a4008c,frames/ce782dd44d3403f957a4008c.png,"[[0.034023,0.705578],[0.23761,0.651367],[0.453754,0.898503],[0.584695,0.209712],[0.682453,0.128398],[0.728193,0.676878],[0.618384,0.249137],[0.857078,0.25396],[0.773037,0.447282],[0.758528,0.083576],[0.685291,0.39541],[0.636713,0.322917],[0.609342,0.258782],[0.138955,0.085348],[0.371243,0.681661],[0.353305,0.576429],[0.675301,0.634188],[0.343466,0.621397],[0.549402,0.258489],[0.183798,0.72471],[0.487834,0.24479],[0.345234,0.928796],[0.545234,0.520625],[0.430435,0.348428],[0.575727,0.447282],[0.44927,0.520625],[0.36048,0.761382],[0.582902,0.365967],[0.472588,0.578024],[0.551512,0.377126],[0.517431,0.566862],[0.421467,0.498303],[0.528193,0.490331],[0.460929,0.461631],[0.477969,0.362778],[0.307566,0.785299],[0.505772,0.855453],[0.474382,0.41061]]"
ce788b8057234021ea532028,frames/ce788b8057234021ea532028.png,"[[0.164068,0.480764],[0.260929,0.181013],[0.665413,0.044444],[0.648373,0.855453],[0.566759,0.705578],[0.77483,0.401043],[0.113844,0.939957],[0.668104,0.120425],[0.303978,0.343644],[0.545234,0.044444],[0.77214,0.270301],[0.44927,0.609912],[0.578417,0.13637],[0.817883,0.204929],[0.181108,0.114048],[0.745234,0.219279],[0.82057,0.576429],[0.664516,0.94474]]"
cea17fdf1c831f09d5f0bee8,frames/cea17fdf1c831f09d5f0bee8.png,"[[0.630615,0.265367],[0.581495,0.296713],[0.460588,0.180284],[0.357403,0.208869],[0.361092,0.25641],[0.54875,0.200435],[0.508447,0.18924],[0.556307,0.401946],[0.519782,0.854227],[0.402653,0.307907]]"
ceba51ffca93963db1813817,frames/ceba51ffca93963db1813817.png,"[[0.573037,0.469603],[0.881555,0.68485],[0.739852,0.614696],[0.813398,0.520625],[0.520122,0.421771],[0.76048,0.882558],[0.594561,0.36756],[0.373037,0.314944],[0.508463,0.332483],[0.696803,0.117237],[0.456445,0.503086],[0.881555,0.442499],[0.321019,0.066215],[0.025054,0.475981]]"
cec7625ac062044a488729f6,frames/cec7625ac062044a488729f6.png,"[[0.291422,0.740654],[0.762274,0.21609],[0.476175,0.074187],[0.550615,0.13637],[0.138059,0.609912],[0.20622,0.841103],[0.891422,0.732682],[0.094113,0.638611],[0.106669,0.821969],[0.296803,0.659339],[0.378417,0.450471],[0.428641,0.853858],[0.778417,0.086943],[0.385592,0.951118],[0.63492,0.166664],[0.45196,0.562079]]"
cf0dd466c01b1e5982afc91a,frames/cf0dd466c01b1e5982afc91a.png,"[[0.260929,0.676878],[0.56048,0.361183],[0.479762,0.114048],[0.728193,0.676878],[0.735924,0.424343],[0.855273,0.281285],[0.764965,0.45366],[0.759432,0.061072],[0.619288,0.292538],[0.766759,0.080565],[0.37752,0.125209],[0.347027,0.829942],[0.655516,0.512685],[0.615049,0.776474],[0.370346,0.622668],[0.380211,0.834725],[0.431332,0.310161],[0.610705,0.236818],[0.498597,0.732682],[0.373934,0.955556],[0.275279,0.509464],[0.545234,0.222468],[0.430435,0.774138],[0.439404,0.732682],[0.35779,0.900097],[0.338059,0.546135],[0.465413,0.338861],[0.412498,0.595562],[0.401736,0.405826],[0.469197,0.641342],[0.479143,0.477387],[0.518926,0.824585],[0.471909,0.81494],[0.692524,0.884058],[0.459252,0.411485],[0.546051,0.866376],[0.431223,0.863161]]"
cf32b220270d772c5870edc8,frames/cf32b220270d772c5870edc8.png,"[[0.669656,0.699735],[0.483258,0.377318],[0.492074,0.478073],[0.582755,0.267606],[0.713734,0.652716],[0.395097,0.834076],[0.289303,0.679584],[0.605422,0.84751],[0.32079,0.265367],[0.665875,0.596741]]"
cf3abb92832e851c75457e20,frames/cf3abb92832e851c75457e20.png,"[[0.476005,0.378939],[0.409853,0.645507],[0.511286,0.608267],[0.560901,0.42206],[0.575234,0.837594],[0.643208,0.453444],[0.687286,0.531809],[0.505928,0.148938],[0.713734,0.417619],[0.754036,0.442248]]"
cfa9e8d97a128af796303f85,frames/cfa9e8d97a128af796303f85.png,"[[0.412729,0.307907],[0.481998,0.3706],[0.495853,0.520614],[0.596609,0.247455],[0.652026,0.883334],[0.674693,0.305669],[0.735146,0.417619],[0.628094,0.390751],[0.706182,0.57659],[0.657062,0.807208]]"
cfe4d92bffa70aec694ab5fc,frames/cfe4d92bffa70aec694ab5fc.png,"[[0.446579,0.488736],[0.355996,0.680067],[0.86093,0.283056],[0.834922,0.147531],[0.758687,0.236818],[0.40353,0.461631],[0.590973,0.169852],[0.616983,0.044444],[0.168552,0.077376],[0.062722,0.857047],[0.064516,0.05346],[0.224158,0.047082]]"
d01c0a2eb4a3e192af4410a8,frames/d01c0a2eb4a3e192af4410a8.png,"[[0.323709,0.81081],[0.521916,0.337267],[0.40622,0.262329],[0.72909,0.676878],[0.743157,0.427558],[0.825437,0.244315],[0.767655,0.45366],[0.776611,0.04982],[0.555092,0.085183],[0.802633,0.080565],[0.367655,0.214496],[0.557495,0.44394],[0.34344,0.362778],[0.390973,0.299],[0.208014,0.450471],[0.185592,0.649772],[0.21788,0.807621],[0.300391,0.480764],[0.540626,0.372907],[0.561421,0.258782],[0.403194,0.498283],[0.662688,0.287715],[0.88782,0.753858],[0.348944,0.554542],[0.459252,0.442025],[0.388727,0.421128],[0.479143,0.419521],[0.539722,0.535253],[0.584025,0.416307],[0.612054,0.419521],[0.661783,0.290929],[0.580409,0.308611],[0.349848,0.831014],[0.599942,0.667311],[0.556893,0.818781],[0.501288,0.503086],[0.868102,0.955556],[0.495906,0.764571],[0.53178,0.409015],[0.480659,0.338861],[0.512947,0.43931]]"
d06da3e4d051d6804d9b4c20,frames/d06da3e4d051d6804d9b4c20.png,"[[0.759432,0.790829],[0.18918,0.955556],[0.070794,0.633829],[0.211602,0.614696],[0.105772,0.673689],[0.866312,0.603535],[0.170346,0.751815],[0.629234,0.480601],[0.598148,0.554107],[0.173037,0.466414],[0.587386,0.72471],[0.886039,0.565268],[0.739852,0.680067],[0.618777,0.566862],[0.530884,0.622668],[0.101288,0.554107],[0.923711,0.405826],[0.440301,0.196957],[0.471691,0.359589],[0.474382,0.557296],[0.60353,0.654556],[0.530884,0.522219],[0.617992,0.528707],[0.568552,0.332483],[0.551512,0.409015],[0.396355,0.665717],[0.527296,0.348428],[0.380211,0.472792],[0.484247,0.606724],[0.242991,0.338861],[0.66631,0.590779],[0.351512,0.702389],[0.809805,0.649772],[0.790973,0.338861],[0.025,0.174636],[0.87707,0.710361],[0.074382,0.397854],[0.092319,0.621074],[0.896805,0.512653],[0.069,0.299],[0.025,0.622668],[0.025,0.350403]]"
d077dd64dae88af7f09a243a,frames/d077dd64dae88af7f09a243a.png,"[[0.413395,0.606724],[0.337162,0.892125],[0.423261,0.93039],[0.643888,0.204929],[0.473485,0.581212],[0.298597,0.888936],[0.179314,0.361183],[0.59187,0.696011],[0.773934,0.204929],[0.482453,0.716739],[0.55779,0.550918],[0.518328,0.300594],[0.500391,0.495114],[0.506669,0.373938],[0.57483,0.228846],[0.623261,0.509464],[0.414292,0.555701],[0.419673,0.322917],[0.45196,0.428149],[0.905773,0.044444]]"
d11f38d0338ed75e7299aac3,frames/d11f38d0338ed75e7299aac3.png,"[[0.335903,0.670628],[0.330865,0.746755],[0.463107,0.225064],[0.507188,0.227303],[0.514744,0.558678],[0.669656,0.610175],[0.654542,0.372839],[0.59787,0.296713],[0.596609,0.487029],[0.696104,0.558678]]"
d14cc6b6f1ca61a5180ec0bd,frames/d14cc6b6f1ca61a5180ec0bd.png,"[[0.253754,0.688039],[0.404427,0.785299],[0.484247,0.877775],[0.635816,0.389882],[0.469001,0.581212],[0.306669,0.882558],[0.390077,0.405826],[0.468104,0.673689],[0.179314,0.361183],[0.537162,0.584401],[0.740749,0.421771],[0.468104,0.668906],[0.598148,0.491925],[0.482453,0.413799],[0.529987,0.3277],[0.453754,0.365967],[0.583798,0.305378],[0.549718,0.181013],[0.64927,0.783704]]"
d15d5fd5c79cde849eefc658,frames/d15d5fd5c79cde849eefc658.png,"[[0.313233,0.73332],[0.345978,0.68854],[0.461847,0.249694],[0.531117,0.25641],[0.512225,0.567633],[0.542452,0.858706],[0.605422,0.229543],[0.600385,0.301191],[0.679729,0.401946],[0.677214,0.534048]]"
d162f82851eff33fc9762c0a,frames/d162f82851eff33fc9762c0a.png,"[[0.512389,0.866994],[0.612719,0.839554],[0.554286,0.896395],[0.59949,0.559265],[0.444031,0.506344],[0.458069,0.247455],[0.655802,0.511658],[0.819531,0.386273],[0.741443,0.428815],[0.764115,0.451205]]"
d1908138965154c339113314,frames/d1908138965154c339113314.png,"[[0.934469,0.300594],[0.866312,0.60194],[0.313844,0.624262],[0.058238,0.397854],[0.609808,0.654556],[0.725502,0.721522],[0.938953,0.531786],[0.347924,0.581212],[0.886039,0.219279],[0.975,0.654556],[0.63761,0.705578],[0.711153,0.758193],[0.245682,0.643394],[0.378417,0.520625],[0.273485,0.657744],[0.332677,0.461631],[0.614292,0.576429],[0.544337,0.659339],[0.399942,0.209712],[0.54613,0.442499],[0.452857,0.512653],[0.943437,0.603535],[0.38059,0.440417],[0.573934,0.590779],[0.638507,0.57324],[0.652857,0.863425],[0.311153,0.705578],[0.698597,0.614696],[0.303081,0.528597],[0.737162,0.445687],[0.296803,0.401043],[0.633126,0.461631],[0.384695,0.668906],[0.277969,0.450471],[0.204427,0.394665],[0.235816,0.472792],[0.877969,0.740654],[0.931781,0.72471],[0.06631,0.511058],[0.960477,0.566862],[0.975,0.480764]]"
d1983ceaa3f7cdbdfa90db4a,frames/d1983ceaa3f7cdbdfa90db4a.png,"[[0.667135,0.706453],[0.481998,0.372839],[0.493333,0.487029],[0.580234,0.265367],[0.718776,0.650477],[0.390059,0.798252],[0.289303,0.668389],[0.605422,0.851988],[0.356054,0.207152],[0.668396,0.596741]]"
d1b454a23f7c5723094034a6,frames/d1b454a23f7c5723094034a6.png,"[[0.63313,0.684062],[0.480739,0.3706],[0.497112,0.480312],[0.575198,0.267606],[0.668396,0.639281],[0.403913,0.87214],[0.47696,0.811686],[0.591568,0.863183],[0.308195,0.596741],[0.665875,0.601219]]"
d1ca9e84069c2752cea8be6f,frames/d1ca9e84069c2752cea8be6f.png,"[[0.898594,0.598751],[0.050166,0.450471],[0.866312,0.603535],[0.060032,0.688039],[0.94882,0.483953],[0.754912,0.268426],[0.507566,0.632235],[0.883352,0.434526],[0.279762,0.539758],[0.36048,0.625857],[0.536265,0.43931],[0.613395,0.43931],[0.667207,0.665717],[0.813398,0.58759],[0.407117,0.477575],[0.351512,0.542947],[0.792767,0.283056],[0.621467,0.774138],[0.31205,0.359589],[0.456445,0.654556],[0.734471,0.676878],[0.450166,0.431338],[0.581108,0.3277],[0.608911,0.621074],[0.639404,0.584401],[0.619673,0.377126],[0.033126,0.373938],[0.750615,0.702389],[0.427745,0.36756],[0.218777,0.566862],[0.834922,0.455254],[0.173037,0.43931],[0.364965,0.450471],[0.098492,0.188057],[0.876172,0.370749],[0.910258,0.377126],[0.870797,0.829942],[0.968555,0.303783],[0.026848,0.600346]]"
d1f7c19e03ec4d094e8b4288,frames/d1f7c19e03ec4d094e8b4288.png,"[[0.473485,0.71355],[0.37752,0.955556],[0.605323,0.051865],[0.551512,0.654556],[0.302184,0.893719],[0.182005,0.361183],[0.695906,0.732682],[0.695009,0.074187],[0.345234,0.802838],[0.621467,0.598751],[0.545234,0.300594],[0.529987,0.533381],[0.4977,0.361183],[0.592767,0.281461],[0.526399,0.405826],[0.469898,0.648178],[0.460929,0.461631],[0.408014,0.455254],[0.442991,0.359589],[0.096803,0.955556]]"
d208ce85a75db2c41f12d07f,frames/d208ce85a75db2c41f12d07f.png,"[[0.742703,0.637043],[0.483258,0.368361],[0.489555,0.478073],[0.575198,0.296713],[0.749,0.57435],[0.337162,0.406424],[0.456809,0.126548],[0.601646,0.851988],[0.266633,0.442248],[0.663359,0.601219]]"
d21e27b06d3763b81adad872,frames/d21e27b06d3763b81adad872.png,"[[0.118328,0.276679],[0.195458,0.294217],[0.660929,0.044444],[0.514741,0.893719],[0.575727,0.802838],[0.778417,0.557296],[0.035817,0.882558],[0.676175,0.152314],[0.327296,0.444093],[0.521019,0.063026],[0.611602,0.16188],[0.817883,0.294217],[0.158687,0.24479],[0.852859,0.783704],[0.599942,0.629046],[0.744337,0.055054],[0.887836,0.069404],[0.895008,0.263924],[0.436713,0.951118],[0.912945,0.321322],[0.537162,0.044444],[0.700391,0.044444]]"
d247b4c321e15be0fff7ed76,frames/d247b4c321e15be0fff7ed76.png,"[[0.025,0.732682],[0.12909,0.58759],[0.356893,0.94474],[0.450166,0.528597],[0.636713,0.278274],[0.505772,0.635422],[0.59187,0.294217],[0.535368,0.267112],[0.387386,0.511058],[0.580211,0.055054],[0.68335,0.283056],[0.72909,0.676878],[0.567751,0.231456],[0.822727,0.221811],[0.771243,0.45366],[0.820914,0.154301],[0.612054,0.348796],[0.546955,0.372907],[0.293216,0.614696],[0.370644,0.832621],[0.522542,0.601157],[0.416756,0.811725],[0.499494,0.570051],[0.344337,0.644989],[0.616086,0.633829],[0.574984,0.257174],[0.432127,0.319862],[0.571243,0.640206],[0.470795,0.483953],[0.429538,0.311756],[0.069,0.350022],[0.500391,0.294217],[0.494113,0.528597],[0.518328,0.900097],[0.514741,0.409015]]"
d261abd148b37b350bee0c8e,frames/d261abd148b37b350bee0c8e.png,"[[0.480415,0.810153],[0.534439,0.841514],[0.567516,0.896395],[0.600594,0.549465],[0.445134,0.463221],[0.403913,0.509419],[0.646984,0.585545],[0.803156,0.301191],[0.73263,0.422097],[0.766635,0.442248]]"
d348421cd4e15561a716b892,frames/d348421cd4e15561a716b892.png,"[[0.669656,0.413142],[0.481998,0.377318],[0.493333,0.480312],[0.575198,0.276561],[0.634391,0.787056],[0.362351,0.818403],[0.609203,0.590023],[0.536155,0.807208],[0.408951,0.907964],[0.652026,0.701974]]"
d366d3a8e6e292350b0f3641,frames/d366d3a8e6e292350b0f3641.png,"[[0.73263,0.645999],[0.481998,0.368361],[0.489555,0.478073],[0.721292,0.4624],[0.749,0.569872],[0.377465,0.487029],[0.771672,0.489268],[0.606682,0.84751],[0.442956,0.822881],[0.663359,0.59898]]"
d373083560e764925ce29933,frames/d373083560e764925ce29933.png,"[[0.50089,0.160132],[0.562604,0.64376],[0.471923,0.245215],[0.441696,0.184762],[0.391318,0.218347],[0.644469,0.307907],[0.599125,0.236259],[0.576458,0.410903],[0.527339,0.858706],[0.537414,0.207152]]"
d3d163bfb28732d42ecd8f42,frames/d3d163bfb28732d42ecd8f42.png,"[[0.61676,0.596741],[0.480739,0.3706],[0.493333,0.478073],[0.575198,0.278801],[0.644469,0.753471],[0.362351,0.80273],[0.560083,0.713169],[0.538673,0.811686],[0.390059,0.907964],[0.653281,0.69078]]"
d3d66a8b6fdc5dd30f30b6e2,frames/d3d66a8b6fdc5dd30f30b6e2.png,"[[0.899492,0.203335],[0.866312,0.60194],[0.247476,0.589185],[0.658238,0.657744],[0.798148,0.624262],[0.960477,0.539758],[0.336265,0.579618],[0.847477,0.125209],[0.709359,0.71355],[0.766759,0.683256],[0.100391,0.678472],[0.321019,0.503086],[0.15779,0.688039],[0.408014,0.432932],[0.602633,0.432932],[0.598148,0.755004],[0.441198,0.192174],[0.48335,0.475981],[0.513844,0.562079],[0.451114,0.501499],[0.491422,0.654556],[0.597252,0.61629],[0.724606,0.952712],[0.373934,0.621074],[0.654651,0.557296],[0.375727,0.531786],[0.733574,0.450471],[0.353305,0.322917],[0.525502,0.483953],[0.41788,0.542947],[0.367655,0.372343],[0.305772,0.394665],[0.293216,0.456847],[0.822367,0.716739],[0.858234,0.609912],[0.085144,0.576429],[0.849273,0.57324],[0.890523,0.503086],[0.9255,0.511058],[0.030435,0.528597],[0.969445,0.464819]]"
d3e440b9412aba72d2f036ec,frames/d3e440b9412aba72d2f036ec.png,"[[0.227745,0.688039],[0.551512,0.343644],[0.445682,0.128398],[0.72909,0.676878],[0.736828,0.424343],[0.855273,0.273249],[0.764965,0.45366],[0.775707,0.046606],[0.549667,0.207344],[0.755099,0.086943],[0.371243,0.102887],[0.401736,0.852264],[0.642927,0.455131],[0.338059,0.509464],[0.443888,0.316539],[0.519225,0.278274],[0.455548,0.778921],[0.269898,0.512653],[0.323709,0.72471],[0.432229,0.721522],[0.300391,0.514247],[0.393664,0.402638],[0.436648,0.569008],[0.412235,0.610801],[0.579505,0.704029],[0.448402,0.461314],[0.596684,0.585082],[0.355273,0.591512],[0.427605,0.372907],[0.501747,0.734571],[0.505363,0.353618],[0.527063,0.726533],[0.962867,0.821369],[0.469197,0.372907]]"
d3f5eaba002626b4c8953796,frames/d3f5eaba002626b4c8953796.png,"[[0.478866,0.522219],[0.315638,0.678472],[0.916531,0.373938],[0.771243,0.160286],[0.755099,0.225657],[0.390077,0.236818],[0.541646,0.12202],[0.615189,0.044444],[0.158687,0.102887],[0.08066,0.879369],[0.085144,0.267112],[0.211602,0.206524],[0.272588,0.598751]]"
d403ee80dc12da9dabc1d92d,frames/d403ee80dc12da9dabc1d92d.png,"[[0.742703,0.632565],[0.481998,0.3706],[0.489555,0.478073],[0.582755,0.328059],[0.75026,0.581068],[0.3422,0.388512],[0.465626,0.126548],[0.604167,0.84751],[0.270411,0.457921],[0.662099,0.594502]]"
d41e3787a1fa21b048c141ab,frames/d41e3787a1fa21b048c141ab.png,"[[0.050571,0.663844],[0.484568,0.51275],[0.28927,0.377729],[0.366123,0.388981],[0.503555,0.631697],[0.025,0.591512],[0.602109,0.421128],[0.547859,0.596335],[0.373934,0.479169],[0.176025,0.456285],[0.591259,0.671882],[0.120122,0.622668],[0.148821,0.818781],[0.773934,0.45366],[0.65196,0.688039],[0.80622,0.542947],[0.857344,0.442499],[0.853461,0.634912],[0.916758,0.51275],[0.82057,0.578024],[0.55779,0.683256],[0.814586,0.753858],[0.616983,0.621074],[0.632229,0.420176],[0.865414,0.600346],[0.957789,0.707172],[0.727296,0.498303],[0.295009,0.632235],[0.177154,0.397018],[0.199942,0.643394],[0.798148,0.718333],[0.915641,0.743843],[0.15907,0.506321],[0.114741,0.416988],[0.05196,0.495114],[0.975,0.775732]]"
d42645baada5592c7f16f65f,frames/d42645baada5592c7f16f65f.png,"[[0.898594,0.450471],[0.869,0.598751],[0.88425,0.182608],[0.458238,0.584401],[0.190077,0.475981],[0.44927,0.646583],[0.566759,0.732682],[0.724065,0.501378],[0.869898,0.6705],[0.91743,0.633829],[0.460032,0.533381],[0.182902,0.614696],[0.865414,0.275085],[0.724606,0.73906],[0.182005,0.362778],[0.517431,0.727899],[0.852859,0.432932],[0.538955,0.629046],[0.440301,0.42496],[0.796355,0.659339],[0.578417,0.678472],[0.446579,0.483953],[0.144337,0.469603],[0.686938,0.818781],[0.53178,0.299],[0.324606,0.405826],[0.660929,0.550918],[0.26631,0.399449],[0.529987,0.534975],[0.158166,0.393803],[0.766759,0.464819],[0.808914,0.365967],[0.758687,0.81081],[0.920125,0.252762],[0.103081,0.643394],[0.913844,0.732682],[0.104875,0.495114],[0.879766,0.383504],[0.098597,0.421771],[0.946133,0.57324],[0.238507,0.955556]]"
d426631e1f17d7ae9da44a08,frames/d426631e1f17d7ae9da44a08.png,"[[0.178417,0.362778],[0.258238,0.600346],[0.414292,0.716739],[0.904875,0.716739],[0.261826,0.809215],[0.622364,0.299],[0.671691,0.340456],[0.025,0.579618],[0.382005,0.326106],[0.638507,0.557296],[0.168552,0.801243],[0.621467,0.65615],[0.754007,0.506321],[0.562326,0.464528],[0.553284,0.646164],[0.43303,0.490246],[0.359142,0.362842],[0.456539,0.146264],[0.026159,0.427558],[0.711153,0.169852],[0.409808,0.420176],[0.627745,0.228846],[0.413395,0.863425],[0.422364,0.115642],[0.214292,0.898503]]"
d46943f3e9d2e7be7de11bf5,frames/d46943f3e9d2e7be7de11bf5.png,"[[0.61424,0.607936],[0.480739,0.377318],[0.497112,0.478073],[0.572677,0.276561],[0.639427,0.746755],[0.356054,0.793774],[0.552526,0.722125],[0.539933,0.807208],[0.382502,0.903485],[0.652026,0.675106]]"
d4704300e919b3812029271e,frames/d4704300e919b3812029271e.png,"[[0.025054,0.71355],[0.252857,0.649772],[0.387386,0.809215],[0.616086,0.174636],[0.661826,0.144342],[0.728193,0.676878],[0.613862,0.245922],[0.858891,0.247531],[0.773037,0.450471],[0.751295,0.083576],[0.660879,0.409876],[0.622364,0.350022],[0.61115,0.261996],[0.165862,0.118831],[0.344337,0.611507],[0.426848,0.501492],[0.675301,0.643781],[0.231056,0.605411],[0.58807,0.208928],[0.141646,0.758193],[0.485144,0.236818],[0.433126,0.887342],[0.55779,0.625857],[0.364965,0.466414],[0.561377,0.550918],[0.416983,0.609912],[0.451063,0.624262],[0.573037,0.310161],[0.486041,0.716739],[0.551512,0.370749],[0.542543,0.517436],[0.38918,0.332483],[0.56048,0.456847],[0.503081,0.461631],[0.48335,0.370749],[0.427745,0.94474]]"
d48ad827195f265cdb389dbd,frames/d48ad827195f265cdb389dbd.png,"[[0.783845,0.429165],[0.559613,0.417914],[0.566846,0.704029],[0.752199,0.668667],[0.894703,0.424856],[0.829055,0.55615],[0.285144,0.823564],[0.043029,0.418414],[0.815492,0.634912],[0.133574,0.806026],[0.975,0.450471],[0.364068,0.621074],[0.94075,0.955556],[0.477969,0.727899],[0.399942,0.413799],[0.869898,0.60194],[0.53178,0.542947],[0.677969,0.613101],[0.322723,0.348796],[0.323709,0.743843],[0.644785,0.495114],[0.745234,0.721522],[0.362506,0.700815],[0.336265,0.520625],[0.265413,0.520625],[0.842094,0.710361],[0.059135,0.345239],[0.342543,0.431338],[0.23761,0.45366],[0.281556,0.359589],[0.190077,0.458442],[0.067207,0.498303],[0.077969,0.431338],[0.869,0.299],[0.967656,0.536569],[0.028642,0.397854]]"
d4975a235103cbc4d561e29c,frames/d4975a235103cbc4d561e29c.png,"[[0.061421,0.601157],[0.388727,0.511143],[0.291982,0.334329],[0.342615,0.409876],[0.442977,0.625268],[0.027063,0.62366],[0.546955,0.467743],[0.481855,0.55615],[0.399942,0.41061],[0.231403,0.495068],[0.554188,0.612408],[0.167655,0.660933],[0.140667,0.785604],[0.689628,0.436121],[0.566759,0.691228],[0.720122,0.539758],[0.763171,0.434526],[0.812781,0.628482],[0.82182,0.554542],[0.747027,0.598751],[0.57214,0.727899],[0.826344,0.737785],[0.596355,0.598751],[0.678866,0.3564],[0.871688,0.605129],[0.975,0.681661],[0.77483,0.479169],[0.238507,0.539758],[0.111153,0.401043],[0.126399,0.576429],[0.871688,0.691228],[0.960477,0.721522],[0.064134,0.509535],[0.053754,0.442499]]"
d49a6171daefb51dca5d62f7,frames/d49a6171daefb51dca5d62f7.png,"[[0.269898,0.648178],[0.547027,0.287839],[0.429538,0.206524],[0.728193,0.676878],[0.744966,0.424343],[0.852562,0.258782],[0.764965,0.455254],[0.774803,0.044998],[0.523447,0.120546],[0.77214,0.066215],[0.399942,0.153908],[0.46362,0.935174],[0.61325,0.450335],[0.303081,0.397854],[0.405323,0.294217],[0.245682,0.475981],[0.264516,0.72471],[0.325502,0.606724],[0.334471,0.412204],[0.456539,0.405054],[0.555092,0.398625],[0.461059,0.845481],[0.569559,0.371299],[0.410427,0.43881],[0.410427,0.369692],[0.535201,0.413092],[0.561421,0.313433],[0.902289,0.794044],[0.347136,0.461314],[0.543338,0.646164],[0.445689,0.379336],[0.503555,0.477387],[0.039722,0.932279],[0.633754,0.839051],[0.565942,0.360047],[0.60663,0.355225],[0.559613,0.310218],[0.555996,0.369692],[0.412235,0.955556]]"
d4a4141cd7c024eb6a1de61f,frames/d4a4141cd7c024eb6a1de61f.png,"[[0.138955,0.405826],[0.168552,0.665717],[0.326399,0.401043],[0.580211,0.475981],[0.234023,0.774138],[0.528193,0.447282],[0.139852,0.955556],[0.555996,0.255951],[0.623261,0.409015],[0.452857,0.3564],[0.305772,0.729493],[0.190077,0.766165],[0.433126,0.917635],[0.40353,0.314944],[0.499494,0.048677]]"
d4b44529d97b3f80fc0770ee,frames/d4b44529d97b3f80fc0770ee.png,"[[0.419673,0.613101],[0.328193,0.900097],[0.401736,0.933579],[0.641198,0.166664],[0.48335,0.598751],[0.294112,0.893719],[0.183798,0.361183],[0.592767,0.710361],[0.737162,0.147531],[0.447476,0.727899],[0.555996,0.579618],[0.498597,0.316539],[0.516534,0.509464],[0.504875,0.372343],[0.584695,0.227251],[0.586489,0.466414],[0.419673,0.554107],[0.401736,0.338861],[0.453754,0.428149],[0.893219,0.169852]]"
d50ae6f7424edecc4f550ab2,frames/d50ae6f7424edecc4f550ab2.png,"[[0.511286,0.872875],[0.623745,0.849355],[0.557594,0.904236],[0.600594,0.571025],[0.442929,0.518104],[0.463107,0.240737],[0.652026,0.491506],[0.819531,0.397469],[0.738927,0.408663],[0.765375,0.451205]]"
d517104b7a9bdb32ed8e6e25,frames/d517104b7a9bdb32ed8e6e25.png,"[[0.441826,0.614146],[0.494748,0.817994],[0.727776,0.78265],[0.479312,0.371099],[0.559797,0.545544],[0.607943,0.330298],[0.701141,0.57659],[0.673432,0.095201],[0.717516,0.428815],[0.756557,0.446727]]"
d51b0e98170c3aba0d413dc0,frames/d51b0e98170c3aba0d413dc0.png,"[[0.025,0.751815],[0.195458,0.58759],[0.222364,0.536569],[0.60622,0.131586],[0.268104,0.694417],[0.60353,0.611507],[0.580211,0.044444],[0.643888,0.225657],[0.72909,0.678472],[0.558709,0.234671],[0.824531,0.231456],[0.77214,0.445687],[0.803736,0.107687],[0.66992,0.366476],[0.379314,0.350022],[0.65196,0.466414],[0.596684,0.242708],[0.272588,0.114048],[0.565862,0.386693],[0.38918,0.491925],[0.342543,0.828347],[0.435816,0.340456],[0.282453,0.818781],[0.425055,0.72471],[0.518826,0.543061],[0.531416,0.525475],[0.559294,0.573436],[0.412711,0.60701],[0.669005,0.901174],[0.38843,0.696538],[0.478359,0.830831]]"
d53f783588d414679987f0ab,frames/d53f783588d414679987f0ab.png,"[[0.31953,0.722125],[0.356054,0.722125],[0.460588,0.238498],[0.517897,0.259036],[0.508447,0.569872],[0.607943,0.766906],[0.628094,0.265367],[0.596609,0.301191],[0.667135,0.442248],[0.679729,0.540765]]"
d552d27e737208c0cb10f163,frames/d552d27e737208c0cb10f163.png,"[[0.355099,0.742249],[0.431332,0.350022],[0.730884,0.676878],[0.743157,0.427558],[0.770282,0.229849],[0.769449,0.464819],[0.781132,0.044444],[0.555996,0.044998],[0.888734,0.064621],[0.230435,0.10767],[0.669005,0.643781],[0.408911,0.668906],[0.350615,0.509464],[0.17483,0.721522],[0.170346,0.600346],[0.274382,0.337267],[0.565942,0.348796],[0.831766,0.741],[0.294695,0.758681],[0.565942,0.350403],[0.570463,0.382551],[0.501747,0.517572],[0.858234,0.955556],[0.416086,0.252762],[0.460929,0.735871],[0.431332,0.306972],[0.539852,0.044444],[0.401736,0.73906],[0.413395,0.377126],[0.286041,0.898503],[0.48335,0.678472],[0.325502,0.755004],[0.276175,0.595562],[0.622364,0.668906],[0.243157,0.712067],[0.412235,0.250744],[0.480047,0.779578],[0.538817,0.927457],[0.459252,0.509535],[0.473718,0.421128],[0.480952,0.319862]]"
d5714e322e1892d284cc0216,frames/d5714e322e1892d284cc0216.png,"[[0.612959,0.48221],[0.416756,0.488639],[0.515309,0.454883],[0.61115,0.679919],[0.025,0.564186],[0.68077,0.49989],[0.633754,0.599549],[0.332677,0.595562],[0.10663,0.450061],[0.664495,0.673489],[0.033126,0.643394],[0.153734,0.818399],[0.942547,0.450471],[0.794561,0.595562],[0.955102,0.531786],[0.975,0.726533],[0.968555,0.605129],[0.492319,0.648178],[0.872453,0.810118],[0.642991,0.676878],[0.586489,0.388288],[0.870797,0.598751],[0.895906,0.798054],[0.622364,0.542947],[0.464516,0.68485],[0.26757,0.387374],[0.285144,0.6992],[0.781108,0.680067],[0.864516,0.721522],[0.25672,0.614015],[0.196355,0.405826],[0.164965,0.57324],[0.931781,0.825158],[0.04927,0.338861],[0.121916,0.412204],[0.064516,0.534975],[0.030435,0.42496],[0.025,0.483953]]"
d584294729e991615752ef67,frames/d584294729e991615752ef67.png,"[[0.755996,0.908068],[0.822367,0.849075],[0.152409,0.044444],[0.11205,0.882558],[0.544337,0.562079],[0.686041,0.93039],[0.431332,0.495114],[0.318328,0.578024],[0.844789,0.311756],[0.17752,0.506275],[0.32909,0.665717],[0.799045,0.206524],[0.629538,0.044444],[0.336265,0.450471],[0.729987,0.21609]]"
d5a09d3bad3c213350e4bd86,frames/d5a09d3bad3c213350e4bd86.png,"[[0.052857,0.546135],[0.107566,0.769354],[0.162274,0.817186],[0.176623,0.73906],[0.242095,0.73906],[0.110256,0.928796],[0.162274,0.343644],[0.488731,0.351617],[0.319225,0.421771],[0.173037,0.550918],[0.292319,0.65615],[0.317431,0.721522],[0.555099,0.877775],[0.615189,0.195362],[0.514741,0.442499],[0.66362,0.716739],[0.710256,0.874586],[0.79187,0.6705],[0.563171,0.149125],[0.741646,0.472792],[0.770346,0.051865],[0.77483,0.351617],[0.808914,0.394665],[0.74613,0.262329],[0.860031,0.377126],[0.121019,0.678472],[0.467207,0.777326],[0.863617,0.150719],[0.072588,0.340456],[0.808914,0.094915],[0.939852,0.598751],[0.616983,0.922418]]"
d5a10f4565c817864d2ff9ed,frames/d5a10f4565c817864d2ff9ed.png,"[[0.590312,0.637043],[0.47948,0.368361],[0.495853,0.478073],[0.575198,0.276561],[0.655802,0.731081],[0.335903,0.762428],[0.584016,0.73332],[0.539933,0.818403],[0.359832,0.883334],[0.652026,0.66615]]"
d5a7c081732819d82b67ba59,frames/d5a7c081732819d82b67ba59.png,"[[0.553786,0.645999],[0.424064,0.80273],[0.474442,0.146699],[0.388799,0.838555],[0.388799,0.25641],[0.490815,0.278801],[0.475701,0.229543],[0.513484,0.451205],[0.689807,0.419858],[0.429102,0.209391]]"
d5b59099f790230e227e3ff3,frames/d5b59099f790230e227e3ff3.png,"[[0.204427,0.495114],[0.17483,0.6705],[0.197252,0.578024],[0.642991,0.491925],[0.270795,0.790082],[0.555996,0.514247],[0.127296,0.887342],[0.593664,0.348428],[0.615189,0.436121],[0.506669,0.402638],[0.053754,0.10767],[0.300391,0.710361],[0.22057,0.925607],[0.418777,0.955556]]"
d5ca6f8d2ecd83726cbec9d0,frames/d5ca6f8d2ecd83726cbec9d0.png,"[[0.155996,0.377126],[0.339852,0.637017],[0.230435,0.880964],[0.645682,0.343644],[0.63761,0.278274],[0.029539,0.555701],[0.635816,0.694417],[0.505772,0.45366],[0.738637,0.655808],[0.582217,0.454883],[0.392344,0.66706],[0.45473,0.096435],[0.679762,0.204929],[0.227745,0.405826],[0.609808,0.165069],[0.364965,0.780515],[0.413395,0.316539],[0.253754,0.659339],[0.445682,0.621074],[0.444785,0.397854],[0.506669,0.099698],[0.573934,0.25914]]"
d5d0258246fbc18295d74e56,frames/d5d0258246fbc18295d74e56.png,"[[0.419026,0.502702],[0.481998,0.368361],[0.492074,0.50718],[0.507188,0.245215],[0.56512,0.943788],[0.602906,0.155655],[0.618021,0.25641],[0.625573,0.357166],[0.727589,0.813925],[0.727589,0.670628]]"
d5d57a284f85d89fd2ce040f,frames/d5d57a284f85d89fd2ce040f.png,"[[0.028642,0.721522],[0.119225,0.593968],[0.335368,0.947929],[0.445682,0.525408],[0.612498,0.314944],[0.63761,0.928796],[0.509359,0.627451],[0.590077,0.299],[0.534471,0.247979],[0.371243,0.514247],[0.582005,0.063026],[0.689628,0.289433],[0.72909,0.676878],[0.556901,0.231456],[0.82182,0.226633],[0.773037,0.45366],[0.822727,0.157516],[0.58945,0.355225],[0.55238,0.388981],[0.291422,0.613101],[0.338998,0.744215],[0.557805,0.612408],[0.420373,0.747429],[0.52909,0.593968],[0.378417,0.6992],[0.597252,0.6992],[0.561421,0.279678],[0.430318,0.326292],[0.547027,0.657744],[0.457341,0.43931],[0.431332,0.332483],[0.03761,0.343644],[0.51205,0.305378],[0.536265,0.468008],[0.578417,0.955556]]"
d5db4c7aa0c63d02445602ec,frames/d5db4c7aa0c63d02445602ec.png,"[[0.594089,0.099679],[0.481998,0.368361],[0.497112,0.482551],[0.578974,0.240737],[0.636911,0.782579],[0.430361,0.807208],[0.717516,0.43777],[0.546229,0.630326],[0.453031,0.932593],[0.650766,0.726604]]"
d61d3f58f9ee0520c345e0b9,frames/d61d3f58f9ee0520c345e0b9.png,"[[0.43492,0.609912],[0.438507,0.490331],[0.34613,0.668906],[0.86093,0.276679],[0.838508,0.152314],[0.756893,0.240007],[0.421467,0.43931],[0.602633,0.166664],[0.616983,0.044444],[0.170346,0.077376],[0.059135,0.868208],[0.068104,0.044444],[0.239404,0.044444]]"
d61f559b4a4ed049965ece1e,frames/d61f559b4a4ed049965ece1e.png,"[[0.460569,0.637668],[0.555385,0.823873],[0.597281,0.892476],[0.480415,0.482822],[0.656823,0.265256],[0.459329,0.397469],[0.640688,0.623608],[0.723812,0.139981],[0.722552,0.406424],[0.759078,0.43777]]"
d63bd37b656c65cd6af7a139,frames/d63bd37b656c65cd6af7a139.png,"[[0.325827,0.717647],[0.353535,0.717647],[0.460588,0.247455],[0.517263,0.247455],[0.516004,0.569872],[0.638172,0.731081],[0.631875,0.276561],[0.596609,0.287756],[0.654542,0.460161],[0.68351,0.549721]]"
d63c67741cf8b632a5f2eed3,frames/d63c67741cf8b632a5f2eed3.png,"[[0.907562,0.531786],[0.025,0.494546],[0.866312,0.603535],[0.025,0.745437],[0.796503,0.234671],[0.496803,0.629046],[0.922812,0.450471],[0.262723,0.506275],[0.413395,0.643394],[0.545234,0.542947],[0.658238,0.442499],[0.71205,0.625857],[0.859133,0.603535],[0.45196,0.495114],[0.319225,0.598751],[0.805323,0.287839],[0.63761,0.785299],[0.277969,0.405826],[0.470795,0.659339],[0.780211,0.622668],[0.492319,0.512653],[0.568552,0.343644],[0.644785,0.648178],[0.610705,0.576429],[0.571243,0.41061],[0.068104,0.412204],[0.749718,0.747032],[0.503081,0.332483],[0.236713,0.491925],[0.764965,0.512653],[0.200839,0.43931],[0.440301,0.466414],[0.122,0.236278],[0.847477,0.365967],[0.89232,0.359589],[0.815188,0.812403],[0.912945,0.254357],[0.039404,0.595562],[0.975,0.609912]]"
d6400016b304b678af382f1b,frames/d6400016b304b678af382f1b.png,"[[0.668396,0.704213],[0.480739,0.3706],[0.490815,0.478073],[0.578974,0.272083],[0.708698,0.659433],[0.393838,0.843032],[0.290562,0.684062],[0.606682,0.843032],[0.317011,0.278801],[0.665875,0.601219]]"
d64a65bbb85e6fd8c444af49,frames/d64a65bbb85e6fd8c444af49.png,"[[0.364068,0.740654],[0.445682,0.322917],[0.730884,0.676878],[0.744966,0.416307],[0.78927,0.231456],[0.769449,0.464819],[0.780228,0.04982],[0.56323,0.05625],[0.868102,0.086943],[0.216983,0.166664],[0.650121,0.576633],[0.367655,0.520625],[0.385592,0.343644],[0.190077,0.57324],[0.153305,0.606724],[0.310065,0.385765],[0.419469,0.760289],[0.608438,0.321469],[0.842617,0.729749],[0.357986,0.63009],[0.608438,0.326292],[0.575888,0.376121],[0.43303,0.633304],[0.426848,0.420176],[0.464516,0.813997],[0.860031,0.955556],[0.467207,0.338861],[0.547924,0.576429],[0.351512,0.322917],[0.407117,0.71355],[0.566759,0.044444],[0.496803,0.584401],[0.427745,0.380315],[0.412498,0.581212],[0.513844,0.506275],[0.322812,0.852264],[0.368552,0.780515],[0.474382,0.94474],[0.247678,0.932279],[0.470102,0.343974]]"
d680f0c76ddf0bfef2924c49,frames/d680f0c76ddf0bfef2924c49.png,"[[0.027745,0.702389],[0.290525,0.57324],[0.590973,0.289433],[0.677969,0.104481],[0.728193,0.676878],[0.629234,0.257174],[0.839,0.260389],[0.768552,0.450471],[0.755816,0.078753],[0.673537,0.329507],[0.699494,0.163475],[0.587642,0.226633],[0.144337,0.147531],[0.323709,0.743843],[0.392767,0.740654],[0.673502,0.615003],[0.564689,0.694939],[0.556595,0.303253],[0.356893,0.662528],[0.538059,0.506275],[0.555996,0.386693],[0.527296,0.633829],[0.490525,0.6705],[0.596355,0.665717],[0.398148,0.480764],[0.454651,0.322917],[0.396355,0.589185],[0.555996,0.533381],[0.436713,0.416988],[0.513844,0.472792],[0.442991,0.635422],[0.455548,0.36756]]"
d6857d6fe642d635dd710ddc,frames/d6857d6fe642d635dd710ddc.png,"[[0.025,0.696011],[0.338059,0.581212],[0.60622,0.383504],[0.565862,0.106076],[0.728193,0.676878],[0.725074,0.416307],[0.835383,0.276462],[0.764965,0.456847],[0.754912,0.06268],[0.642795,0.298967],[0.74344,0.080565],[0.557805,0.321469],[0.322812,0.206524],[0.349718,0.72471],[0.650121,0.562246],[0.674402,0.621397],[0.37483,0.624262],[0.392767,0.955556],[0.380211,0.707172],[0.424158,0.321322],[0.625055,0.3277],[0.509359,0.643394],[0.503081,0.742249],[0.345234,0.506275],[0.426848,0.721522],[0.571243,0.409015],[0.435816,0.774138],[0.485144,0.643394],[0.442991,0.506275],[0.415189,0.632235],[0.446579,0.609912],[0.489628,0.475981],[0.501288,0.211307],[0.519225,0.351617],[0.604427,0.761382],[0.412498,0.383504],[0.36341,0.842265],[0.491801,0.792436],[0.466484,0.337544]]"
d6ab67dc3748d45e5c5ce62f,frames/d6ab67dc3748d45e5c5ce62f.png,"[[0.180211,0.365967],[0.222364,0.769354],[0.453754,0.710361],[0.898594,0.707172],[0.255548,0.818781],[0.611602,0.306972],[0.653754,0.391476],[0.029539,0.624262],[0.378417,0.314944],[0.611602,0.495114],[0.147924,0.777326],[0.694112,0.665717],[0.698854,0.544897],[0.499034,0.506321],[0.550571,0.589904],[0.416756,0.511143],[0.353465,0.376121],[0.462868,0.175197],[0.05238,0.31504],[0.723709,0.13637],[0.416983,0.428149],[0.624158,0.238413],[0.416086,0.866614],[0.432229,0.10767],[0.216983,0.919229]]"
d71aaace52ecd72c1dae4137,frames/d71aaace52ecd72c1dae4137.png,"[[0.05196,0.546135],[0.106669,0.76776],[0.154202,0.823564],[0.176623,0.73906],[0.236713,0.75341],[0.123709,0.94474],[0.158687,0.343644],[0.486041,0.334078],[0.313844,0.402638],[0.17483,0.554107],[0.286937,0.65615],[0.303978,0.745437],[0.551512,0.874586],[0.614292,0.219279],[0.511153,0.447282],[0.659135,0.688039],[0.712947,0.866614],[0.77752,0.646583],[0.563171,0.149125],[0.738955,0.461631],[0.770346,0.051865],[0.773934,0.359589],[0.807117,0.394665],[0.753305,0.251168],[0.861828,0.394665],[0.670795,0.142747],[0.118328,0.676878],[0.460929,0.788488],[0.872586,0.137964],[0.065413,0.321322],[0.799942,0.109264],[0.71205,0.125209],[0.943437,0.593968],[0.609808,0.946335]]"
d72492041e12d460d52bbf76,frames/d72492041e12d460d52bbf76.png,"[[0.033126,0.710361],[0.239404,0.672094],[0.458238,0.877775],[0.587386,0.200146],[0.678866,0.133181],[0.728193,0.676878],[0.618384,0.249137],[0.852562,0.255567],[0.773037,0.447282],[0.75672,0.085183],[0.686195,0.400232],[0.636713,0.322917],[0.609342,0.258782],[0.137162,0.09332],[0.370346,0.667311],[0.353305,0.576429],[0.675301,0.634188],[0.335373,0.6182],[0.553898,0.2441],[0.176623,0.732682],[0.486937,0.24479],[0.365862,0.933579],[0.551512,0.536569],[0.415189,0.350022],[0.578417,0.464819],[0.44927,0.511058],[0.37483,0.750221],[0.576623,0.354806],[0.479762,0.598751],[0.551512,0.377126],[0.517431,0.566862],[0.422364,0.483953],[0.535368,0.488736],[0.46631,0.461631],[0.477969,0.362778],[0.318328,0.809215],[0.499494,0.877775],[0.480659,0.413799]]"
d7377242eee0f6b97fb3f3f2,frames/d7377242eee0f6b97fb3f3f2.png,"[[0.077072,0.169852],[0.622364,0.044444],[0.616086,0.94474],[0.785592,0.740654],[0.101288,0.651367],[0.855547,0.554107],[0.576623,0.401043],[0.897703,0.662528],[0.935367,0.380315],[0.975,0.337267],[0.894109,0.184203],[0.351512,0.292622],[0.121019,0.409015],[0.225951,0.955556],[0.73178,0.350022],[0.556893,0.198551],[0.17214,0.442499],[0.200839,0.131586],[0.367655,0.487142],[0.528193,0.16188]]"
d7580bcdb6dad1f49d88781e,frames/d7580bcdb6dad1f49d88781e.png,"[[0.328346,0.399707],[0.578974,0.831837],[0.32079,0.500463],[0.626833,0.84751],[0.577719,0.175806],[0.66462,0.175806],[0.772932,0.469117],[0.555047,0.368361],[0.417767,0.560917],[0.73137,0.547482]]"
d75ae38fef6685907fb589a6,frames/d75ae38fef6685907fb589a6.png,"[[0.298119,0.645999],[0.480739,0.3706],[0.498371,0.502702],[0.585271,0.249694],[0.631875,0.818403],[0.52356,0.630326],[0.723812,0.448966],[0.572677,0.451205],[0.686031,0.807208],[0.649505,0.771383]]"
d7603256e54a4cee22644365,frames/d7603256e54a4cee22644365.png,"[[0.228641,0.755004],[0.438507,0.740654],[0.465413,0.863425],[0.624158,0.397854],[0.469898,0.554107],[0.306669,0.852264],[0.395458,0.405826],[0.430435,0.668906],[0.182005,0.361183],[0.525502,0.533381],[0.709359,0.498303],[0.433126,0.6705],[0.615189,0.480764],[0.485144,0.413799],[0.519225,0.350022],[0.455548,0.354806],[0.599942,0.321322],[0.547027,0.184203],[0.675279,0.849075]]"
d7733a6fc56a2e45f4c25b09,frames/d7733a6fc56a2e45f4c25b09.png,"[[0.128193,0.487142],[0.18918,0.294217],[0.64927,0.086943],[0.404427,0.955556],[0.486937,0.416988],[0.677072,0.383504],[0.752409,0.464819],[0.216983,0.181013],[0.922812,0.350022],[0.799045,0.13637],[0.751512,0.275085],[0.599942,0.174636],[0.964961,0.412204],[0.685144,0.707172],[0.328193,0.483953],[0.84568,0.193768],[0.826852,0.705578],[0.129987,0.750221],[0.973039,0.059837],[0.975,0.182608]]"
d78817cf15e5cdfa6eee41b9,frames/d78817cf15e5cdfa6eee41b9.png,"[[0.587792,0.637043],[0.480739,0.368361],[0.492074,0.473594],[0.573938,0.269844],[0.657062,0.722125],[0.335903,0.766906],[0.584016,0.742277],[0.538673,0.813925],[0.353535,0.874379],[0.658323,0.66615]]"
d7c3c09d73c71a5a5ab7a3eb,frames/d7c3c09d73c71a5a5ab7a3eb.png,"[[0.730109,0.645999],[0.47822,0.372839],[0.488296,0.471356],[0.723812,0.457921],[0.743964,0.57659],[0.385021,0.469117],[0.776708,0.498224],[0.600385,0.851988],[0.487036,0.84751],[0.665875,0.596741]]"
d7d888bf5057c3166adeb7da,frames/d7d888bf5057c3166adeb7da.png,"[[0.26631,0.665717],[0.563171,0.362778],[0.493216,0.114048],[0.728193,0.676878],[0.735924,0.424343],[0.857078,0.282893],[0.764965,0.45366],[0.759432,0.061072],[0.626521,0.295751],[0.756893,0.086943],[0.375727,0.133181],[0.354202,0.813997],[0.655516,0.512685],[0.619545,0.752493],[0.366759,0.629046],[0.380211,0.807621],[0.432229,0.314944],[0.63492,0.232035],[0.4977,0.702389],[0.399045,0.912851],[0.275279,0.509464],[0.564965,0.238413],[0.431332,0.766165],[0.41788,0.72471],[0.378417,0.869803],[0.340749,0.531786],[0.46362,0.322917],[0.41788,0.627451],[0.402633,0.405826],[0.460155,0.683133],[0.472814,0.540075],[0.496322,0.845481],[0.471909,0.867983],[0.722362,0.903347],[0.45473,0.416307],[0.526159,0.893703],[0.434839,0.922635]]"
d82cf81a7e2f96e09ad10d26,frames/d82cf81a7e2f96e09ad10d26.png,"[[0.679762,0.466414],[0.661826,0.316539],[0.182005,0.354806],[0.238507,0.539758],[0.862719,0.528597],[0.443888,0.780515],[0.4977,0.624262],[0.816086,0.480764],[0.392767,0.659339],[0.461826,0.372343],[0.563171,0.487142],[0.031332,0.871397],[0.246579,0.265518],[0.630435,0.276679],[0.135368,0.665717],[0.607117,0.428149],[0.49813,0.51275],[0.415852,0.536861],[0.490897,0.433988],[0.372452,0.827799]]"
d844399c8f339135f6dc13ad,frames/d844399c8f339135f6dc13ad.png,"[[0.6977,0.243196],[0.635816,0.129992],[0.182902,0.3564],[0.367655,0.383504],[0.868102,0.386693],[0.15779,0.844292],[0.488731,0.638611],[0.868102,0.71355],[0.2977,0.710361],[0.530884,0.334078],[0.645682,0.475981],[0.027745,0.644989],[0.304875,0.294217],[0.582005,0.397854],[0.111153,0.807621],[0.738059,0.445687],[0.584025,0.532039],[0.49813,0.54329],[0.556901,0.461314],[0.433935,0.659022],[0.314586,0.387374],[0.473718,0.13019],[0.118384,0.114116],[0.859133,0.114048],[0.433126,0.359589],[0.576623,0.276679],[0.396355,0.955556]]"
d853501c6beaa0126a14e77c,frames/d853501c6beaa0126a14e77c.png,"[[0.289303,0.408663],[0.665875,0.661672],[0.461847,0.245215],[0.513484,0.220586],[0.464366,0.466878],[0.675953,0.57435],[0.650766,0.480312],[0.576458,0.408663],[0.419026,0.652716],[0.669656,0.408663]]"
d86680f2ac47302327f9c428,frames/d86680f2ac47302327f9c428.png,"[[0.50026,0.849355],[0.587359,0.823873],[0.562,0.902276],[0.600594,0.563185],[0.42198,0.482822],[0.431621,0.325819],[0.649505,0.554199],[0.819531,0.379556],[0.736406,0.417619],[0.765375,0.457921]]"
d8915a3fb4b80a341cf28641,frames/d8915a3fb4b80a341cf28641.png,"[[0.573938,0.625848],[0.47822,0.3706],[0.495853,0.473594],[0.573938,0.278801],[0.674693,0.681823],[0.354794,0.843032],[0.522301,0.956481],[0.503409,0.892291],[0.306935,0.590023],[0.670917,0.614653]]"
d8bb5483d8971a6356a5181c,frames/d8bb5483d8971a6356a5181c.png,"[[0.712479,0.650477],[0.481998,0.377318],[0.489555,0.478073],[0.437918,0.567633],[0.74774,0.572111],[0.344719,0.417619],[0.340941,0.245215],[0.605422,0.854227],[0.36487,0.169089],[0.66462,0.594502]]"
d8caa3f070db665b48e8724a,frames/d8caa3f070db665b48e8724a.png,"[[0.441826,0.612187],[0.541054,0.814073],[0.619333,0.870915],[0.450646,0.480862],[0.656823,0.41226],[0.47696,0.325819],[0.68099,0.560917],[0.689807,0.106396],[0.720719,0.409536],[0.760339,0.442248]]"
d8ee575afdddba9ff565c768,frames/d8ee575afdddba9ff565c768.png,"[[0.025,0.747032],[0.163171,0.576429],[0.339852,0.479169],[0.652857,0.181013],[0.433126,0.632235],[0.601736,0.377126],[0.465413,0.383504],[0.573037,0.055054],[0.669001,0.27349],[0.72909,0.676878],[0.559613,0.228242],[0.820914,0.218597],[0.77214,0.455254],[0.81368,0.138227],[0.66992,0.350403],[0.371243,0.565268],[0.397769,0.946746],[0.490525,0.495114],[0.380211,0.72471],[0.609808,0.523814],[0.596684,0.242708],[0.45021,0.326292],[0.575727,0.55889],[0.470795,0.603535],[0.44927,0.3277],[0.17214,0.276679],[0.549718,0.25914],[0.517431,0.662528],[0.493216,0.632235],[0.43492,0.570051],[0.467207,0.3564],[0.425951,0.503086],[0.559584,0.6992],[0.563171,0.499897],[0.45196,0.475981],[0.568286,0.389583],[0.497243,0.758888],[0.602459,0.904371]]"
d96c1a06aa28e427a60c992c,frames/d96c1a06aa28e427a60c992c.png,"[[0.693216,0.416988],[0.674382,0.271896],[0.185592,0.359589],[0.277969,0.495114],[0.869898,0.498303],[0.398148,0.807621],[0.491422,0.61629],[0.808016,0.480764],[0.370346,0.657744],[0.470795,0.377126],[0.57483,0.475981],[0.025951,0.847481],[0.248373,0.263924],[0.635816,0.283056],[0.084247,0.745437],[0.630435,0.416988],[0.508076,0.517572],[0.429414,0.565794],[0.493609,0.464528],[0.368835,0.749038],[0.288366,0.372907]]"
d99ff92d8b06e95cdc777add,frames/d99ff92d8b06e95cdc777add.png,"[[0.660929,0.509464],[0.634023,0.362778],[0.184695,0.362778],[0.193664,0.590779],[0.88425,0.633829],[0.524606,0.727899],[0.504875,0.627451],[0.734471,0.416988],[0.433126,0.649772],[0.470795,0.365967],[0.541646,0.487142],[0.053754,0.885747],[0.261826,0.225657],[0.626848,0.289433],[0.159584,0.638611],[0.566759,0.397854],[0.471005,0.509535],[0.392344,0.408269],[0.505363,0.355225],[0.371548,0.945139]]"
d9a51f807b4bcd59c2f31e5c,frames/d9a51f807b4bcd59c2f31e5c.png,"[[0.728849,0.654955],[0.480739,0.3706],[0.492074,0.478073],[0.714995,0.457921],[0.75026,0.585545],[0.379983,0.478073],[0.764115,0.500463],[0.612979,0.838555],[0.420285,0.75795],[0.663359,0.605696]]"
d9d897f79e2768dca5436e08,frames/d9d897f79e2768dca5436e08.png,"[[0.425323,0.341493],[0.481998,0.3706],[0.494593,0.522853],[0.594089,0.258649],[0.645724,0.87214],[0.679729,0.357166],[0.709958,0.43777],[0.623057,0.408663],[0.693583,0.57659],[0.652026,0.798252]]"
da0e69167c2d45fff4339f6d,frames/da0e69167c2d45fff4339f6d.png,"[[0.330865,0.549721],[0.505928,0.843032],[0.400134,0.330298],[0.677214,0.287756],[0.702401,0.648238],[0.653281,0.16685],[0.667135,0.07505],[0.567641,0.191479],[0.640688,0.431054],[0.354794,0.453444]]"
da11304d33a953f66346b27a,frames/da11304d33a953f66346b27a.png,"[[0.05238,0.660631],[0.514405,0.480601],[0.309161,0.406663],[0.394152,0.379336],[0.517117,0.639733],[0.025,0.601157],[0.61115,0.440417],[0.564134,0.589904],[0.355996,0.520625],[0.15907,0.443632],[0.601205,0.660631],[0.110256,0.613101],[0.151512,0.817186],[0.815188,0.45366],[0.685144,0.688039],[0.839406,0.539758],[0.874383,0.455254],[0.873359,0.668667],[0.970102,0.524001],[0.843891,0.579618],[0.54344,0.683256],[0.841711,0.763503],[0.626848,0.640206],[0.626848,0.43931],[0.869898,0.60194],[0.942547,0.718333],[0.686938,0.531786],[0.326399,0.643394],[0.179866,0.387374],[0.226848,0.643394],[0.762274,0.707172],[0.890523,0.750221],[0.187099,0.540075],[0.134471,0.412204],[0.076175,0.490331],[0.967656,0.806026],[0.025,0.247979]]"
da35e399ad68814202d28e37,frames/da35e399ad68814202d28e37.png,"[[0.025,0.688039],[0.316534,0.581212],[0.650166,0.389882],[0.616983,0.082159],[0.728193,0.676878],[0.694333,0.335936],[0.829953,0.270033],[0.766759,0.450471],[0.755816,0.06268],[0.653645,0.332722],[0.728193,0.10767],[0.551476,0.279678],[0.225951,0.203335],[0.327296,0.812403],[0.400839,0.955556],[0.669905,0.573436],[0.606955,0.784468],[0.669005,0.450335],[0.351512,0.614696],[0.462723,0.716739],[0.46631,0.812403],[0.579314,0.845886],[0.364965,0.555701],[0.429538,0.316539],[0.450166,0.401043],[0.607117,0.409015],[0.507566,0.576429],[0.423261,0.694417],[0.429538,0.386693],[0.415189,0.487142],[0.582902,0.665717],[0.431332,0.849075],[0.42057,0.76776],[0.486937,0.818781],[0.085144,0.951118],[0.476175,0.326106],[0.469898,0.432932]]"
da7943a9262fc3ae975034ef,frames/da7943a9262fc3ae975034ef.png,"[[0.912047,0.606724],[0.113844,0.506275],[0.866312,0.603535],[0.104875,0.676878],[0.878781,0.520787],[0.718745,0.316647],[0.54613,0.665717],[0.816086,0.412204],[0.320122,0.531786],[0.2977,0.632235],[0.53178,0.365967],[0.596355,0.43931],[0.602633,0.651367],[0.946133,0.528597],[0.735368,0.584401],[0.457341,0.458442],[0.393664,0.461631],[0.784695,0.294217],[0.601736,0.680067],[0.356893,0.299],[0.386489,0.646583],[0.680659,0.702389],[0.405323,0.386693],[0.583798,0.311756],[0.552409,0.581212],[0.687834,0.640206],[0.667207,0.409015],[0.025054,0.310161],[0.785592,0.6705],[0.353305,0.428149],[0.148821,0.595562],[0.837609,0.43931],[0.149718,0.45366],[0.271691,0.487142],[0.105725,0.196093],[0.890523,0.423365],[0.942547,0.432932],[0.938953,0.857047]]"
daabacfc5547123facdbbd6f,frames/daabacfc5547123facdbbd6f.png,"[[0.906672,0.579618],[0.025054,0.483953],[0.866312,0.603535],[0.039404,0.72471],[0.975,0.495114],[0.769378,0.242708],[0.493216,0.635422],[0.895008,0.431338],[0.270795,0.528597],[0.381108,0.637017],[0.536265,0.475981],[0.625055,0.450471],[0.685144,0.648178],[0.832227,0.584401],[0.428641,0.506275],[0.325502,0.568457],[0.799045,0.289433],[0.625951,0.79646],[0.296803,0.372343],[0.460032,0.651367],[0.77214,0.629046],[0.471691,0.466414],[0.57483,0.345239],[0.624158,0.633829],[0.626848,0.576429],[0.599942,0.397854],[0.046579,0.391476],[0.749718,0.702389],[0.45196,0.354806],[0.225055,0.528597],[0.802633,0.490331],[0.192767,0.43931],[0.399045,0.468008],[0.107534,0.21056],[0.84568,0.334078],[0.903977,0.372343],[0.851062,0.828347],[0.942547,0.283056],[0.035817,0.589185]]"
dac47abc3e8faa95d4db5f5a,frames/dac47abc3e8faa95d4db5f5a.png,"[[0.483258,0.590023],[0.480739,0.368361],[0.502149,0.520614],[0.587792,0.251932],[0.636911,0.863183],[0.641948,0.446727],[0.726333,0.471356],[0.578974,0.460161],[0.690734,0.59139],[0.648245,0.793774]]"
dacdc774cc9969bc3f3c5f88,frames/dacdc774cc9969bc3f3c5f88.png,"[[0.755099,0.589185],[0.864516,0.71355],[0.647476,0.461631],[0.516534,0.922418],[0.309359,0.254357],[0.088731,0.794865],[0.490525,0.613101],[0.551512,0.480764],[0.695009,0.786893],[0.38918,0.531786],[0.46631,0.064621]]"
dad28f061279e61a8782bef7,frames/dad28f061279e61a8782bef7.png,"[[0.352409,0.742249],[0.433126,0.3564],[0.730884,0.676878],[0.744966,0.421128],[0.771186,0.233064],[0.769449,0.464819],[0.781132,0.044444],[0.555092,0.046606],[0.890523,0.069404],[0.234023,0.10767],[0.674402,0.635786],[0.40353,0.667311],[0.342543,0.514247],[0.184695,0.71355],[0.176623,0.606724],[0.272588,0.338861],[0.478239,0.955556],[0.569559,0.348796],[0.831766,0.741],[0.297407,0.744215],[0.569559,0.342367],[0.570463,0.382551],[0.496322,0.532039],[0.858234,0.955556],[0.416983,0.255951],[0.471691,0.72471],[0.425055,0.300594],[0.539852,0.044444],[0.412498,0.71355],[0.413395,0.377126],[0.304875,0.888936],[0.480659,0.662528],[0.334471,0.756599],[0.281556,0.595562],[0.624158,0.688039],[0.242253,0.715282],[0.414948,0.25396],[0.488184,0.803689],[0.537913,0.929065],[0.475527,0.495068],[0.474622,0.416307],[0.47643,0.319862]]"
daf701a4cc5277390d143ff8,frames/daf701a4cc5277390d143ff8.png,"[[0.640988,0.496676],[0.427605,0.501499],[0.527967,0.488639],[0.615671,0.668667],[0.723266,0.503106],[0.65907,0.588297],[0.33178,0.617885],[0.092163,0.461314],[0.699758,0.670275],[0.025,0.654556],[0.154202,0.829942],[0.975,0.444093],[0.831336,0.57324],[0.975,0.523242],[0.474257,0.620261],[0.865219,0.855125],[0.626848,0.71355],[0.547027,0.397854],[0.871688,0.598751],[0.903977,0.798054],[0.612498,0.562079],[0.495906,0.702389],[0.285653,0.376121],[0.287834,0.702389],[0.754202,0.662528],[0.843891,0.721522],[0.260337,0.633304],[0.230435,0.444093],[0.178417,0.590779],[0.942547,0.825158],[0.052857,0.332483],[0.162274,0.397854],[0.0977,0.546135],[0.071691,0.428149],[0.038507,0.488736]]"
db629343e441dc6801488379,frames/db629343e441dc6801488379.png,"[[0.745224,0.634804],[0.480739,0.372839],[0.489555,0.478073],[0.723812,0.457921],[0.743964,0.590023],[0.378724,0.446727],[0.762854,0.381795],[0.605422,0.851988],[0.429102,0.883334],[0.665875,0.594502]]"
db92eec615f8809fed701315,frames/db92eec615f8809fed701315.png,"[[0.638172,0.699735],[0.47822,0.368361],[0.494593,0.480312],[0.572677,0.265367],[0.669656,0.659433],[0.425323,0.822881],[0.490815,0.914681],[0.558823,0.838555],[0.309454,0.59898],[0.663359,0.601219]]"
dbac70c609a2be976f545129,frames/dbac70c609a2be976f545129.png,"[[0.356893,0.727899],[0.435816,0.294217],[0.72909,0.676878],[0.744062,0.419521],[0.807352,0.236278],[0.768552,0.455254],[0.780228,0.053035],[0.568655,0.057857],[0.84568,0.091726],[0.260032,0.236818],[0.609653,0.495099],[0.371243,0.401043],[0.379314,0.322917],[0.207117,0.45366],[0.115638,0.609912],[0.304875,0.455254],[0.403194,0.678311],[0.620191,0.376121],[0.855273,0.718496],[0.175345,0.867983],[0.351656,0.514357],[0.540626,0.458099],[0.622,0.371299],[0.573176,0.376121],[0.423085,0.731356],[0.445682,0.517436],[0.425055,0.579618],[0.429538,0.660933],[0.861828,0.955556],[0.457341,0.434526],[0.476175,0.710361],[0.478866,0.340456],[0.587386,0.546135],[0.423261,0.386693],[0.383798,0.589185],[0.571243,0.044444],[0.486937,0.464819],[0.448373,0.332483]]"
dbc0406859a31d2512d0ca08,frames/dbc0406859a31d2512d0ca08.png,"[[0.333384,0.560917],[0.456809,0.822881],[0.408951,0.292234],[0.687286,0.265367],[0.663359,0.639281],[0.662099,0.207152],[0.655802,0.045943],[0.56638,0.200435],[0.643208,0.446727],[0.332124,0.428815]]"
dbf076ae7b7cd633f52df92b,frames/dbf076ae7b7cd633f52df92b.png,"[[0.665875,0.408663],[0.480739,0.372839],[0.497112,0.482551],[0.578974,0.276561],[0.630615,0.787056],[0.358573,0.798252],[0.628094,0.57659],[0.532376,0.807208],[0.415248,0.914681],[0.652026,0.701974]]"
dbf81a94d7810a90502bbfe4,frames/dbf81a94d7810a90502bbfe4.png,"[[0.340941,0.207152],[0.415248,0.701974],[0.36613,0.73332],[0.488296,0.787056],[0.542452,0.25641],[0.589052,0.195957],[0.73137,0.710931],[0.662099,0.675106],[0.765375,0.547482],[0.78049,0.417619]]"
dbfa086cc7a57c19b71235f6,frames/dbfa086cc7a57c19b71235f6.png,"[[0.471923,0.592263],[0.481998,0.3706],[0.502149,0.511658],[0.587792,0.25641],[0.634391,0.858706],[0.648245,0.43777],[0.726333,0.473594],[0.581495,0.448966],[0.692328,0.585545],[0.646984,0.787056]]"
dbff3911a2261e7808ccc9a1,frames/dbff3911a2261e7808ccc9a1.png,"[[0.385592,0.807621],[0.431332,0.351617],[0.730884,0.676878],[0.743157,0.424343],[0.765762,0.252351],[0.768552,0.464819],[0.784748,0.044444],[0.490897,0.061072],[0.900391,0.063026],[0.205323,0.085348],[0.724761,0.733308],[0.527296,0.732682],[0.37214,0.644989],[0.129987,0.833131],[0.229538,0.557296],[0.271186,0.385765],[0.551476,0.292538],[0.810969,0.729749],[0.303736,0.92585],[0.549667,0.287715],[0.555092,0.509535],[0.86093,0.955556],[0.395458,0.281461],[0.511153,0.044444],[0.399045,0.394665],[0.521019,0.821969],[0.379314,0.58759],[0.303978,0.565268],[0.542543,0.547729],[0.341711,0.577046],[0.393248,0.282893],[0.461059,0.427558],[0.601205,0.797258],[0.435743,0.765111],[0.492705,0.533646],[0.488184,0.200915],[0.490897,0.483817],[0.599396,0.305396],[0.55238,0.371299],[0.520734,0.31504],[0.474622,0.337544],[0.351656,0.955556]]"
dc09d1e8c93eb46cb3a04b82,frames/dc09d1e8c93eb46cb3a04b82.png,"[[0.635651,0.681823],[0.481998,0.372839],[0.493333,0.478073],[0.570161,0.260888],[0.672177,0.639281],[0.390059,0.867661],[0.468145,0.75795],[0.602906,0.863183],[0.300638,0.601219],[0.665875,0.596741]]"
dc3422683c51818e7c23d6e2,frames/dc3422683c51818e7c23d6e2.png,"[[0.740182,0.628087],[0.483258,0.3706],[0.489555,0.478073],[0.716255,0.520614],[0.74774,0.578829],[0.352276,0.426576],[0.619276,0.11983],[0.605422,0.838555],[0.294341,0.677345],[0.663359,0.601219]]"
dc37532d954cbdc72bca2198,frames/dc37532d954cbdc72bca2198.png,"[[0.485777,0.460161],[0.629354,0.791535],[0.334643,0.260888],[0.577719,0.863183],[0.596609,0.178044],[0.672177,0.160132],[0.726333,0.466878],[0.504668,0.258649],[0.413989,0.567633],[0.697365,0.722125]]"
dca96f1e7b5680a6aef404ee,frames/dca96f1e7b5680a6aef404ee.png,"[[0.107566,0.383504],[0.17483,0.643394],[0.338955,0.372343],[0.547027,0.431338],[0.256445,0.73906],[0.491422,0.416988],[0.148821,0.955556],[0.595458,0.397854],[0.44927,0.372343],[0.312947,0.745437],[0.218777,0.609912],[0.431332,0.911257],[0.392767,0.350022],[0.060929,0.488736],[0.566759,0.289433]]"
dcb5f5694258e82b388ed933,frames/dcb5f5694258e82b388ed933.png,"[[0.735146,0.634804],[0.481998,0.368361],[0.490815,0.478073],[0.725073,0.448966],[0.743964,0.581068],[0.377465,0.440009],[0.786786,0.426576],[0.605422,0.84751],[0.533636,0.912442],[0.66462,0.594502]]"
dcea294b8fce67aa22d084d3,frames/dcea294b8fce67aa22d084d3.png,"[[0.966758,0.416988],[0.866312,0.60194],[0.975,0.203335],[0.371243,0.665717],[0.139852,0.394665],[0.580211,0.617885],[0.677072,0.727899],[0.848375,0.581212],[0.975,0.691228],[0.351512,0.606724],[0.029539,0.57324],[0.869,0.276679],[0.85375,0.637017],[0.025,0.3564],[0.58918,0.774138],[0.641198,0.705578],[0.295906,0.595562],[0.945234,0.649772],[0.460929,0.667311],[0.320122,0.57324],[0.243888,0.525408],[0.642095,0.627451],[0.521916,0.483953],[0.392767,0.209712],[0.616983,0.394665],[0.367655,0.445687],[0.765862,0.598751],[0.275707,0.409876],[0.646579,0.501492],[0.706669,0.506275],[0.658238,0.863425],[0.224158,0.665717],[0.770346,0.6992],[0.230435,0.584401],[0.764965,0.409015],[0.235816,0.36756],[0.796355,0.498303],[0.328193,0.791676],[0.186489,0.506275],[0.101288,0.351617],[0.056444,0.475981],[0.975,0.774138]]"
dceb6f2c7f3138d85d4fbf2a,frames/dceb6f2c7f3138d85d4fbf2a.png,"[[0.582755,0.634804],[0.47948,0.368361],[0.493333,0.471356],[0.575198,0.276561],[0.663359,0.722125],[0.314492,0.737798],[0.606682,0.811686],[0.536155,0.87214],[0.345978,0.851988],[0.663359,0.650477]]"
dcee807dd4802762bf41e244,frames/dcee807dd4802762bf41e244.png,"[[0.605422,0.619131],[0.480739,0.3706],[0.495853,0.482551],[0.573938,0.276561],[0.639427,0.742277],[0.354794,0.798252],[0.555047,0.713169],[0.539933,0.811686],[0.378724,0.89453],[0.653281,0.681823]]"
dd065e24c326284f4a220525,frames/dd065e24c326284f4a220525.png,"[[0.355996,0.747032],[0.431332,0.340456],[0.730884,0.676878],[0.743157,0.427558],[0.769378,0.237886],[0.769449,0.464819],[0.781132,0.044444],[0.553284,0.061072],[0.902187,0.063026],[0.242991,0.086943],[0.678898,0.643781],[0.432229,0.6992],[0.369449,0.528597],[0.168552,0.735871],[0.183798,0.595562],[0.272588,0.343644],[0.564134,0.353618],[0.831766,0.744215],[0.284748,0.781185],[0.565038,0.348796],[0.576792,0.419521],[0.507172,0.487032],[0.858234,0.955556],[0.409808,0.25914],[0.409808,0.769354],[0.457341,0.3277],[0.534471,0.044444],[0.365862,0.791676],[0.413395,0.383504],[0.26362,0.955556],[0.499494,0.721522],[0.341646,0.6992],[0.269001,0.58759],[0.608911,0.654556],[0.254912,0.681526],[0.413139,0.261996],[0.471909,0.760289],[0.542434,0.888881],[0.424893,0.533646],[0.467389,0.450061],[0.478239,0.31504]]"
dd0f1336effe81b71710441a,frames/dd0f1336effe81b71710441a.png,"[[0.733885,0.639281],[0.481998,0.372839],[0.490815,0.473594],[0.727589,0.466878],[0.743964,0.592263],[0.388799,0.466878],[0.775448,0.502702],[0.594089,0.84751],[0.507188,0.867661],[0.662099,0.594502]]"
dd1fbfb5121304dbb802afed,frames/dd1fbfb5121304dbb802afed.png,"[[0.028642,0.227251],[0.511153,0.632235],[0.450166,0.456847],[0.882453,0.657744],[0.315638,0.688039],[0.814289,0.236818],[0.638507,0.133181],[0.926398,0.243196],[0.742543,0.195362],[0.42057,0.044444],[0.654651,0.208118]]"
dd3ff1ecc2ab214841653050,frames/dd3ff1ecc2ab214841653050.png,"[[0.440723,0.610227],[0.494748,0.827794],[0.75274,0.755271],[0.488132,0.322097],[0.547672,0.547505],[0.609203,0.386273],[0.701141,0.601219],[0.659578,0.095201],[0.713734,0.422097],[0.756557,0.446727]]"
dd62cbd619301246aefbf370,frames/dd62cbd619301246aefbf370.png,"[[0.467184,0.647468],[0.548771,0.837594],[0.588464,0.886595],[0.495851,0.471062],[0.611615,0.304456],[0.451772,0.408663],[0.634391,0.621369],[0.736406,0.155655],[0.725073,0.408663],[0.754036,0.43777]]"
dd9282e2bd0359998058971c,frames/dd9282e2bd0359998058971c.png,"[[0.080409,0.575439],[0.239541,0.480601],[0.066846,0.879236],[0.271186,0.263604],[0.31097,0.343974],[0.298311,0.522394],[0.16992,0.639733],[0.379685,0.477387],[0.332669,0.421128],[0.370346,0.373938],[0.30012,0.442025],[0.43303,0.491854],[0.301288,0.638611],[0.271691,0.705578],[0.555099,0.45366],[0.442095,0.710361],[0.590077,0.600346],[0.612498,0.416988],[0.656358,0.636519],[0.67026,0.46175],[0.635816,0.633829],[0.582902,0.735871],[0.731403,0.760289],[0.64927,0.554107],[0.661826,0.386693],[0.867203,0.598751],[0.96468,0.443632],[0.833125,0.420176],[0.042434,0.515965],[0.025,0.343644]]"
ddd2fa1a120d446ec16c2b88,frames/ddd2fa1a120d446ec16c2b88.png,"[[0.032229,0.721522],[0.250166,0.638611],[0.384695,0.799649],[0.618777,0.174636],[0.655548,0.155503],[0.728193,0.676878],[0.61115,0.239493],[0.858891,0.247531],[0.773037,0.450471],[0.751295,0.085183],[0.660879,0.406663],[0.622364,0.361183],[0.61115,0.261996],[0.173934,0.125209],[0.344337,0.600346],[0.434023,0.488736],[0.668106,0.635786],[0.224761,0.600614],[0.581776,0.216921],[0.141646,0.76776],[0.486937,0.247979],[0.453754,0.900097],[0.551512,0.654556],[0.378417,0.480764],[0.555099,0.566862],[0.409808,0.625857],[0.453754,0.613101],[0.565862,0.316539],[0.485144,0.727899],[0.551512,0.370749],[0.54344,0.514247],[0.386489,0.305378],[0.565862,0.431338],[0.506669,0.456847],[0.48335,0.370749],[0.452857,0.955556]]"
ddddd208550c7f4158c24242,frames/ddddd208550c7f4158c24242.png,"[[0.499631,0.500463],[0.636911,0.778101],[0.345978,0.21163],[0.553786,0.858706],[0.604167,0.187001],[0.667135,0.16685],[0.730109,0.469117],[0.50089,0.267606],[0.41021,0.560917],[0.701141,0.737798]]"
de00ed2f275e81ee8293fb8d,frames/de00ed2f275e81ee8293fb8d.png,"[[0.470664,0.612414],[0.480739,0.368361],[0.493333,0.518375],[0.602906,0.260888],[0.66462,0.883334],[0.653281,0.155655],[0.693583,0.247455],[0.625573,0.388512],[0.749,0.762428],[0.684771,0.822881]]"
de29726ac9ae468482a78f7e,frames/de29726ac9ae468482a78f7e.png,"[[0.703661,0.650477],[0.480739,0.3706],[0.493333,0.478073],[0.441696,0.417619],[0.746484,0.569872],[0.31953,0.440009],[0.344719,0.229543],[0.609203,0.851988],[0.368648,0.16685],[0.660839,0.601219]]"
de4268cd21afaa87ac031985,frames/de4268cd21afaa87ac031985.png,"[[0.738955,0.90169],[0.903977,0.935174],[0.048373,0.104481],[0.502184,0.696011],[0.435816,0.447282],[0.926398,0.520625],[0.322812,0.683256],[0.79187,0.219279],[0.708462,0.09332],[0.584695,0.102887],[0.975,0.365967]]"
de4f2db6782491f8cb5d93fa,frames/de4f2db6782491f8cb5d93fa.png,"[[0.596609,0.115352],[0.480739,0.368361],[0.493333,0.482551],[0.582755,0.265367],[0.63313,0.766906],[0.41021,0.762428],[0.723812,0.440009],[0.522301,0.668389],[0.437918,0.907964],[0.655802,0.708692]]"
de7b0e35379cfb5bd7dd4c38,frames/de7b0e35379cfb5bd7dd4c38.png,"[[0.025,0.740654],[0.251063,0.635422],[0.330884,0.732682],[0.607117,0.117237],[0.342543,0.812403],[0.308462,0.917635],[0.631332,0.158691],[0.728193,0.676878],[0.581312,0.220204],[0.845328,0.244315],[0.77214,0.447282],[0.77842,0.091613],[0.64822,0.400232],[0.627745,0.461631],[0.603917,0.268426],[0.247476,0.126803],[0.46631,0.533381],[0.442991,0.373938],[0.462171,0.843619],[0.572783,0.349615],[0.62674,0.691742],[0.456776,0.320839],[0.375841,0.654971],[0.606056,0.359207],[0.718328,0.955556],[0.098597,0.823564],[0.515637,0.316539],[0.504875,0.659339],[0.430435,0.780515],[0.407117,0.79646],[0.650166,0.900097],[0.485144,0.888936],[0.555099,0.428149],[0.547027,0.386693],[0.473485,0.917635]]"
de99316fde6a51dcc0e21716,frames/de99316fde6a51dcc0e21716.png,"[[0.935742,0.422736],[0.64822,0.507928],[0.658166,0.617231],[0.867023,0.601157],[0.975,0.610801],[0.188283,0.874586],[0.915852,0.712067],[0.06631,0.667311],[0.246579,0.660933],[0.962273,0.777326],[0.405323,0.727899],[0.373037,0.506275],[0.869898,0.60194],[0.447476,0.570051],[0.851961,0.566862],[0.420373,0.408269],[0.355099,0.740654],[0.521916,0.350022],[0.695009,0.688039],[0.482759,0.655808],[0.434023,0.547729],[0.368552,0.464819],[0.734471,0.740654],[0.055548,0.334078],[0.51205,0.490331],[0.338955,0.354806],[0.31205,0.305378],[0.281556,0.348428],[0.215189,0.566862],[0.218777,0.45366],[0.899492,0.21609],[0.880102,0.504111],[0.877969,0.662528],[0.170346,0.359589],[0.091422,0.589185],[0.902187,0.386693],[0.086041,0.434526],[0.075279,0.511058],[0.034023,0.262329],[0.975,0.665717]]"
dea00bd2f90ea6b35e8b0e37,frames/dea00bd2f90ea6b35e8b0e37.png,"[[0.316534,0.809215],[0.526399,0.332483],[0.404427,0.25914],[0.729987,0.673689],[0.743157,0.422736],[0.825437,0.244315],[0.769449,0.450471],[0.776611,0.04982],[0.556901,0.078753],[0.802633,0.080565],[0.366759,0.214496],[0.558395,0.44394],[0.349718,0.372343],[0.395458,0.295811],[0.210705,0.444093],[0.182005,0.651367],[0.229538,0.818781],[0.295009,0.483953],[0.540626,0.372907],[0.556901,0.263604],[0.403194,0.517572],[0.661783,0.302182],[0.88782,0.753858],[0.349848,0.565794],[0.461059,0.427558],[0.377877,0.416307],[0.479143,0.416307],[0.548763,0.532039],[0.592162,0.427558],[0.613862,0.419521],[0.666304,0.298967],[0.580409,0.310218],[0.362506,0.835836],[0.590973,0.649772],[0.551512,0.786893],[0.503081,0.501492],[0.86093,0.955556],[0.4977,0.75341],[0.536265,0.41061],[0.480659,0.338861],[0.526399,0.447282]]"
deb0b4ef536e406415625262,frames/deb0b4ef536e406415625262.png,"[[0.025,0.688039],[0.327296,0.570051],[0.650166,0.394665],[0.601736,0.085348],[0.728193,0.676878],[0.696141,0.361656],[0.829953,0.270033],[0.765862,0.447282],[0.755816,0.061072],[0.640988,0.294144],[0.735368,0.094915],[0.55238,0.276462],[0.259135,0.204929],[0.333574,0.774138],[0.658214,0.565443],[0.628538,0.840422],[0.678898,0.498296],[0.358687,0.614696],[0.408014,0.79646],[0.473485,0.845886],[0.521916,0.90169],[0.38918,0.614696],[0.427745,0.316539],[0.622364,0.351617],[0.513844,0.646583],[0.428641,0.681661],[0.424158,0.436121],[0.425055,0.606724],[0.573934,0.570051],[0.434023,0.833131],[0.431332,0.735871],[0.486937,0.740654],[0.047476,0.928796],[0.468104,0.334078],[0.432229,0.495114],[0.528193,0.487142],[0.569449,0.394665],[0.525502,0.292622],[0.514741,0.289433]]"
deb0d4035b2f9c02803d036c,frames/deb0d4035b2f9c02803d036c.png,"[[0.324606,0.617885],[0.590973,0.365967],[0.532677,0.129992],[0.728193,0.676878],[0.729595,0.419521],[0.846234,0.286107],[0.764965,0.45366],[0.760337,0.057857],[0.634659,0.287715],[0.747924,0.080565],[0.532488,0.326292],[0.34613,0.187392],[0.344337,0.75341],[0.652819,0.525475],[0.653718,0.656569],[0.37214,0.637017],[0.355996,0.721522],[0.429538,0.316539],[0.695906,0.300594],[0.48335,0.635422],[0.484247,0.829942],[0.273485,0.483953],[0.451063,0.820375],[0.563171,0.359589],[0.46362,0.764571],[0.520122,0.477575],[0.421467,0.665717],[0.447476,0.729493],[0.442095,0.536569],[0.443888,0.281461],[0.520122,0.696011],[0.398148,0.394665],[0.382398,0.760289],[0.458347,0.652593],[0.478239,0.353618],[0.506268,0.922635]]"
deebe095429447e0341853e5,frames/deebe095429447e0341853e5.png,"[[0.182902,0.359589],[0.261826,0.565268],[0.408911,0.716739],[0.898594,0.707172],[0.267207,0.807621],[0.616983,0.300594],[0.672588,0.338861],[0.025,0.55889],[0.385592,0.326106],[0.642991,0.555701],[0.173037,0.812403],[0.602633,0.665717],[0.771186,0.495068],[0.590355,0.453276],[0.549667,0.663844],[0.43936,0.478994],[0.457443,0.135012],[0.025,0.443632],[0.707566,0.174636],[0.404427,0.428149],[0.631332,0.219279],[0.405323,0.871397],[0.421467,0.117237],[0.213395,0.893719]]"
df012fc91ca34075fd93eb2a,frames/df012fc91ca34075fd93eb2a.png,"[[0.047859,0.673489],[0.492705,0.49989],[0.298311,0.384158],[0.376973,0.382551],[0.504459,0.62366],[0.025,0.597942],[0.602109,0.429165],[0.55238,0.594726],[0.365862,0.498303],[0.174441,0.450061],[0.593067,0.657415],[0.114741,0.61629],[0.148821,0.820375],[0.793664,0.445687],[0.66362,0.683256],[0.816984,0.531786],[0.860031,0.43931],[0.854367,0.644556],[0.936648,0.509535],[0.825055,0.584401],[0.552409,0.683256],[0.817297,0.766718],[0.618777,0.61629],[0.633126,0.42496],[0.868102,0.598751],[0.952406,0.716739],[0.718328,0.509464],[0.307566,0.633829],[0.174441,0.382551],[0.212498,0.646583],[0.796355,0.721522],[0.909359,0.743843],[0.178058,0.524001],[0.122812,0.420176],[0.061826,0.488736],[0.975,0.785299],[0.025,0.241601]]"
df3629d057766c4eb55dbef6,frames/df3629d057766c4eb55dbef6.png,"[[0.73263,0.639281],[0.481998,0.372839],[0.490815,0.473594],[0.68225,0.401946],[0.74774,0.587784],[0.358573,0.350449],[0.348497,0.267606],[0.602906,0.858706],[0.325827,0.207152],[0.66462,0.603457]]"
df462c18a5f3ac3f41e9b2db,frames/df462c18a5f3ac3f41e9b2db.png,"[[0.63313,0.69078],[0.481998,0.379556],[0.497112,0.473594],[0.573938,0.258649],[0.668396,0.641521],[0.396356,0.878856],[0.47696,0.807208],[0.595349,0.858706],[0.309454,0.596741],[0.662099,0.59898]]"
df5d243364f342cc7e9aa7f9,frames/df5d243364f342cc7e9aa7f9.png,"[[0.738927,0.634804],[0.483258,0.377318],[0.489555,0.480312],[0.723812,0.457921],[0.743964,0.590023],[0.371167,0.451205],[0.775448,0.397469],[0.602906,0.84751],[0.489555,0.923637],[0.66462,0.601219]]"
df5f41ca1f48c73f8474ea7d,frames/df5f41ca1f48c73f8474ea7d.png,"[[0.577719,0.641521],[0.480739,0.368361],[0.494593,0.478073],[0.573938,0.269844],[0.675953,0.681823],[0.338422,0.838555],[0.529857,0.956481],[0.498371,0.878856],[0.308195,0.603457],[0.669656,0.619131]]"
df6658ba34e44df495124e97,frames/df6658ba34e44df495124e97.png,"[[0.57752,0.468008],[0.85375,0.732682],[0.553305,0.761382],[0.810703,0.464819],[0.522812,0.475981],[0.561377,0.378721],[0.355996,0.501492],[0.492319,0.377126],[0.704875,0.125209],[0.462723,0.632235],[0.799045,0.372343],[0.236713,0.203335],[0.857344,0.536569],[0.045682,0.775732]]"
df760591e298f974144c8b50,frames/df760591e298f974144c8b50.png,"[[0.229538,0.718333],[0.756893,0.233629],[0.464516,0.139558],[0.528193,0.098103],[0.179314,0.788488],[0.259135,0.94474],[0.945234,0.576429],[0.110256,0.57324],[0.12909,0.788488],[0.326399,0.665717],[0.364068,0.421771],[0.364965,0.740654],[0.765862,0.114048],[0.363171,0.866614],[0.659135,0.155503],[0.468104,0.568457],[0.336265,0.514247],[0.399045,0.514247]]"
df7791d283236b728f551732,frames/df7791d283236b728f551732.png,"[[0.584016,0.645999],[0.480739,0.3706],[0.497112,0.478073],[0.575198,0.276561],[0.673432,0.706453],[0.303157,0.742277],[0.600385,0.932593],[0.507188,0.892291],[0.378724,0.751232],[0.665875,0.645999]]"
df7dae199c183216b8554cb8,frames/df7dae199c183216b8554cb8.png,"[[0.781108,0.660933],[0.875281,0.758193],[0.585592,0.487142],[0.272588,0.200146],[0.071691,0.806026],[0.491422,0.694417],[0.562274,0.416988],[0.677072,0.801243],[0.390077,0.531786],[0.536265,0.114048]]"
dfb63da688328c77e538d87f,frames/dfb63da688328c77e538d87f.png,"[[0.419673,0.613101],[0.334471,0.898503],[0.414292,0.922418],[0.641198,0.200146],[0.474382,0.584401],[0.295906,0.885747],[0.182005,0.361183],[0.598148,0.6992],[0.76048,0.181013],[0.477969,0.71355],[0.561377,0.557296],[0.515637,0.300594],[0.51205,0.499897],[0.503081,0.372343],[0.584695,0.225657],[0.613395,0.501492],[0.419673,0.539758],[0.412498,0.3277],[0.453754,0.428149],[0.901289,0.074187]]"
dfb6520208843edc7a9be19b,frames/dfb6520208843edc7a9be19b.png,"[[0.334643,0.560917],[0.390059,0.751232],[0.470664,0.245215],[0.720031,0.229543],[0.6155,0.547482],[0.663359,0.21163],[0.601646,0.043519],[0.563865,0.220586],[0.638172,0.451205],[0.349757,0.292234]]"
dfe95528b696b1635c057d21,frames/dfe95528b696b1635c057d21.png,"[[0.468104,0.593968],[0.319225,0.659339],[0.946133,0.431338],[0.736265,0.181013],[0.755996,0.23044],[0.312947,0.13637],[0.493216,0.074187],[0.607117,0.047082],[0.124606,0.271896],[0.13178,0.955556],[0.096803,0.434526],[0.170346,0.445687],[0.185592,0.562079],[0.516534,0.900097]]"
dfed1aacf18dde70c93f0d48,frames/dfed1aacf18dde70c93f0d48.png,"[[0.742703,0.637043],[0.481998,0.3706],[0.488296,0.480312],[0.733885,0.4624],[0.746484,0.583306],[0.368648,0.448966],[0.766635,0.337015],[0.601646,0.838555],[0.391318,0.878856],[0.665875,0.59898]]"
dff81ac0901d8e56846fa282,frames/dff81ac0901d8e56846fa282.png,"[[0.439177,0.135504],[0.573938,0.587784],[0.447993,0.236259],[0.47948,0.175806],[0.379983,0.265367],[0.68351,0.478073],[0.639427,0.307907],[0.573938,0.410903],[0.528598,0.858706],[0.584016,0.238498]]"
e01babdaa6911ffcf6c8b612,frames/e01babdaa6911ffcf6c8b612.png,"[[0.227745,0.743843],[0.434023,0.742249],[0.469001,0.868208],[0.632229,0.389882],[0.469001,0.562079],[0.305772,0.853858],[0.397252,0.397854],[0.445682,0.665717],[0.179314,0.365967],[0.534471,0.550918],[0.722813,0.477575],[0.443888,0.667311],[0.608911,0.487142],[0.48335,0.405826],[0.518328,0.350022],[0.454651,0.354806],[0.600839,0.306972],[0.548821,0.182608],[0.669898,0.818781]]"
e0266af1c447ac3e4824e5c7,frames/e0266af1c447ac3e4824e5c7.png,"[[0.975,0.442619],[0.744966,0.811725],[0.17483,0.933579],[0.025,0.542947],[0.061826,0.617885],[0.242991,0.621074],[0.114741,0.702389],[0.866312,0.603535],[0.178417,0.769354],[0.61115,0.475779],[0.586489,0.566862],[0.211602,0.472792],[0.596355,0.73906],[0.858234,0.555701],[0.720122,0.716739],[0.616983,0.57324],[0.525502,0.633829],[0.094113,0.550918],[0.895906,0.405826],[0.428641,0.177824],[0.474382,0.370749],[0.473485,0.547729],[0.570346,0.627451],[0.521019,0.509464],[0.622364,0.542947],[0.586489,0.351617],[0.533574,0.420176],[0.393664,0.68485],[0.532677,0.370749],[0.386489,0.450471],[0.465413,0.58759],[0.228641,0.361183],[0.66362,0.609912],[0.32909,0.710361],[0.833125,0.625857],[0.822367,0.316539],[0.025,0.158691],[0.886937,0.735871],[0.052857,0.409015],[0.073485,0.598751],[0.896805,0.539758],[0.060929,0.295811],[0.025,0.629046]]"
e097298506d3bf5acad8b0a1,frames/e097298506d3bf5acad8b0a1.png,"[[0.495853,0.587784],[0.483258,0.372839],[0.50089,0.509419],[0.590312,0.251932],[0.635651,0.854227],[0.635651,0.453444],[0.720031,0.469117],[0.577719,0.451205],[0.688547,0.59898],[0.648245,0.791535]]"
e0cb1b531b7550f735c9fa1f,frames/e0cb1b531b7550f735c9fa1f.png,"[[0.228641,0.853858],[0.730884,0.751815],[0.500391,0.386693],[0.296803,0.892125],[0.627745,0.409015],[0.462723,0.501492],[0.303978,0.788488],[0.464516,0.576429],[0.340749,0.688039],[0.17752,0.365967],[0.548821,0.36756],[0.518328,0.525408],[0.340749,0.683256],[0.639404,0.299],[0.442095,0.362778],[0.550905,0.289626]]"
e0e9db1674e6cc320b643818,frames/e0e9db1674e6cc320b643818.png,"[[0.367389,0.126548],[0.401394,0.677345],[0.405172,0.787056],[0.468145,0.726604],[0.527339,0.359405],[0.630615,0.18924],[0.670917,0.80273],[0.669656,0.731081],[0.770411,0.513897],[0.784266,0.408663]]"
e0ef400ab0790ab9f6ed122a,frames/e0ef400ab0790ab9f6ed122a.png,"[[0.129987,0.434526],[0.199045,0.3277],[0.639404,0.05346],[0.439404,0.866614],[0.719225,0.955556],[0.370346,0.475981],[0.538059,0.316539],[0.810703,0.416988],[0.233126,0.126803],[0.902187,0.306972],[0.799942,0.219279],[0.365862,0.876181],[0.80622,0.275085],[0.628641,0.188986],[0.959586,0.378721],[0.823258,0.509464],[0.368552,0.13637],[0.429538,0.555701],[0.701288,0.091726],[0.961375,0.163475]]"
e10bb18ae05df23f7b585146,frames/e10bb18ae05df23f7b585146.png,"[[0.577719,0.625848],[0.480739,0.368361],[0.497112,0.482551],[0.573938,0.28104],[0.673432,0.684062],[0.358573,0.854227],[0.521041,0.956481],[0.502149,0.892291],[0.305676,0.594502],[0.670917,0.619131]]"
e117f767a9d83c303c4e85d4,frames/e117f767a9d83c303c4e85d4.png,"[[0.075279,0.158691],[0.632229,0.044444],[0.404427,0.794865],[0.515637,0.710361],[0.797252,0.609912],[0.030435,0.434526],[0.82057,0.554107],[0.528193,0.310161],[0.880656,0.648178],[0.48335,0.836319],[0.913844,0.3277],[0.955992,0.289433],[0.916531,0.196957],[0.393664,0.208118],[0.219673,0.316539],[0.179314,0.955556],[0.779314,0.295811],[0.54613,0.160286],[0.222364,0.203335],[0.26631,0.059837],[0.369449,0.365967],[0.493216,0.044444]]"
e1208d529bd1962379c63f78,frames/e1208d529bd1962379c63f78.png,"[[0.318328,0.79646],[0.405323,0.251168],[0.729987,0.673689],[0.742253,0.421128],[0.817297,0.247531],[0.767655,0.450471],[0.776611,0.04982],[0.560517,0.078753],[0.808016,0.080565],[0.36048,0.222468],[0.570984,0.458328],[0.352409,0.380315],[0.39187,0.303783],[0.210705,0.444093],[0.175727,0.646583],[0.23492,0.829942],[0.285144,0.487142],[0.540626,0.372907],[0.546051,0.268426],[0.401385,0.528824],[0.667208,0.305396],[0.879688,0.745822],[0.350752,0.585082],[0.458347,0.432381],[0.37426,0.416307],[0.555092,0.524001],[0.59578,0.43881],[0.617479,0.432381],[0.666304,0.308611],[0.582217,0.308611],[0.372452,0.845481],[0.582005,0.627451],[0.536265,0.774138],[0.486937,0.506275],[0.863617,0.955556],[0.485144,0.727899],[0.544337,0.416988],[0.476175,0.332483],[0.521916,0.464819]]"
e134723225a22c8ad0ce930e,frames/e134723225a22c8ad0ce930e.png,"[[0.45555,0.43777],[0.624318,0.798252],[0.317011,0.301191],[0.594089,0.87214],[0.59787,0.184762],[0.667135,0.164611],[0.728849,0.466878],[0.502149,0.258649],[0.412729,0.567633],[0.688547,0.731081]]"
e1551f2f497ab7d17cd4533f,frames/e1551f2f497ab7d17cd4533f.png,"[[0.025,0.351617],[0.030435,0.718333],[0.144337,0.499897],[0.35779,0.755004],[0.275279,0.887342],[0.509359,0.756599],[0.453754,0.3277],[0.382005,0.919229],[0.634023,0.409015],[0.550615,0.621074],[0.530884,0.660933],[0.57214,0.3277],[0.652857,0.208118],[0.567655,0.68485],[0.602633,0.059837],[0.720122,0.431338],[0.729987,0.676878],[0.550571,0.223419],[0.816391,0.247531],[0.769449,0.447282],[0.847133,0.157516],[0.410705,0.825158],[0.037913,0.937101],[0.553284,0.384158],[0.507172,0.462921],[0.265413,0.665717],[0.420373,0.406663],[0.466484,0.511143],[0.603917,0.647771],[0.622,0.228242],[0.534297,0.530431],[0.440264,0.761896],[0.042991,0.876181],[0.616086,0.831536],[0.514741,0.475981],[0.496803,0.428149]]"
e167fbe5a3b255eaf31ad0d3,frames/e167fbe5a3b255eaf31ad0d3.png,"[[0.025,0.533381],[0.148821,0.174636],[0.638507,0.044444],[0.482453,0.643394],[0.599942,0.456847],[0.735368,0.550918],[0.061826,0.16188],[0.838508,0.472792],[0.532677,0.200146],[0.915641,0.576429],[0.514741,0.729493],[0.818773,0.270301],[0.025,0.694417],[0.974828,0.169852],[0.929984,0.214496],[0.442095,0.099698],[0.307566,0.102887],[0.231332,0.871397],[0.747027,0.203335],[0.554202,0.094915],[0.190077,0.044444],[0.334471,0.044444]]"
e16c9eb40f33df4f84ac5ce8,frames/e16c9eb40f33df4f84ac5ce8.png,"[[0.558823,0.645999],[0.582755,0.753471],[0.484517,0.137743],[0.29686,0.641521],[0.378724,0.287756],[0.541192,0.227303],[0.508447,0.216108],[0.55001,0.408663],[0.643208,0.726604],[0.425323,0.220586]]"
e1904eeff3c41a6f5a558746,frames/e1904eeff3c41a6f5a558746.png,"[[0.16048,0.36756],[0.312947,0.665717],[0.255548,0.871397],[0.62057,0.334078],[0.648373,0.271896],[0.030435,0.565268],[0.669898,0.705578],[0.513844,0.477575],[0.752199,0.675097],[0.622904,0.442025],[0.423989,0.707244],[0.506268,0.398625],[0.466484,0.106079],[0.704875,0.169852],[0.213395,0.397854],[0.622364,0.153908],[0.369449,0.783704],[0.407117,0.299],[0.241198,0.665717],[0.399045,0.557296],[0.481556,0.36756],[0.025,0.380315],[0.511153,0.102887]]"
e1935db8dbaefa8ab1cf8084,frames/e1935db8dbaefa8ab1cf8084.png,"[[0.347238,0.155655],[0.398875,0.686301],[0.397616,0.771383],[0.468145,0.731081],[0.527339,0.339254],[0.6155,0.187001],[0.693583,0.773623],[0.675953,0.710931],[0.772932,0.518375],[0.783005,0.431054]]"
e211a3410c73ea82f31ee8b5,frames/e211a3410c73ea82f31ee8b5.png,"[[0.290562,0.581068],[0.481998,0.372839],[0.498371,0.493746],[0.585271,0.25641],[0.634391,0.827359],[0.481998,0.670628],[0.730109,0.43777],[0.572677,0.451205],[0.68099,0.867661],[0.646984,0.766906]]"
e21908b600c577c6a66d67e1,frames/e21908b600c577c6a66d67e1.png,"[[0.208911,0.321322],[0.22057,0.416988],[0.229538,0.554107],[0.196355,0.6705],[0.245682,0.925607],[0.295906,0.503086],[0.408911,0.36756],[0.405323,0.455254],[0.871688,0.955556],[0.470795,0.373938],[0.460032,0.477575],[0.498597,0.825158],[0.519225,0.316539],[0.521019,0.431338],[0.54344,0.517436],[0.54344,0.791676],[0.573934,0.477575],[0.632229,0.801243],[0.62057,0.211307],[0.680659,0.305378],[0.702184,0.611507]]"
e26738d1ad9e6b1d73534705,frames/e26738d1ad9e6b1d73534705.png,"[[0.77842,0.541683],[0.776611,0.691171],[0.972813,0.594726],[0.158687,0.869803],[0.025,0.637017],[0.149718,0.762976],[0.353305,0.644989],[0.261826,0.688039],[0.864516,0.598751],[0.295906,0.683256],[0.469197,0.483817],[0.412498,0.589185],[0.412498,0.43931],[0.65196,0.705578],[0.640988,0.596335],[0.575727,0.635422],[0.488731,0.576429],[0.659135,0.691228],[0.040301,0.351617],[0.679762,0.378721],[0.447476,0.350022],[0.382902,0.251168],[0.371243,0.450471],[0.363171,0.576429],[0.398148,0.509464],[0.771243,0.539758],[0.696803,0.635422],[0.342543,0.388288],[0.216086,0.667311],[0.724606,0.444093],[0.259135,0.442499],[0.284247,0.511058],[0.121019,0.299],[0.824156,0.609912],[0.113844,0.568457],[0.930883,0.431338]]"
e27459c405e58601277ca925,frames/e27459c405e58601277ca925.png,"[[0.462723,0.475981],[0.325502,0.6705],[0.888734,0.334078],[0.795458,0.129992],[0.752409,0.225657],[0.396355,0.373938],[0.554202,0.131586],[0.615189,0.044444],[0.173934,0.088537],[0.072588,0.841103],[0.069,0.184203],[0.219673,0.125209],[0.309359,0.598751]]"
e278deb4adea60d9e18d77d5,frames/e278deb4adea60d9e18d77d5.png,"[[0.23492,0.680067],[0.753305,0.243196],[0.469001,0.09332],[0.542543,0.126803],[0.152409,0.694417],[0.232229,0.903285],[0.911156,0.694417],[0.106669,0.611507],[0.120122,0.791676],[0.305772,0.654556],[0.364068,0.43931],[0.408014,0.79646],[0.77214,0.104481],[0.380211,0.917635],[0.651063,0.177824],[0.456445,0.546135],[0.347027,0.512653]]"
e297da91a2f3bfedce5424f7,frames/e297da91a2f3bfedce5424f7.png,"[[0.646984,0.406424],[0.619276,0.328059],[0.447993,0.16685],[0.334643,0.285518],[0.36361,0.296713],[0.546229,0.209391],[0.499631,0.16685],[0.561344,0.406424],[0.536155,0.878856],[0.412729,0.258649]]"
e2db6041abc9ccd63637fee9,frames/e2db6041abc9ccd63637fee9.png,"[[0.362274,0.750221],[0.436713,0.351617],[0.730884,0.676878],[0.74587,0.427558],[0.775707,0.233064],[0.769449,0.464819],[0.777516,0.044444],[0.557805,0.04982],[0.876172,0.074187],[0.219673,0.13637],[0.640229,0.637385],[0.398148,0.598751],[0.341646,0.477575],[0.199942,0.691228],[0.168552,0.621074],[0.267207,0.343644],[0.471909,0.906561],[0.567751,0.339151],[0.835383,0.734571],[0.34804,0.708851],[0.570463,0.335936],[0.576792,0.376121],[0.452923,0.585082],[0.458238,0.383504],[0.860031,0.955556],[0.442095,0.278274],[0.501288,0.643394],[0.396355,0.28465],[0.379314,0.874586],[0.549718,0.044444],[0.469001,0.643394],[0.412498,0.383504],[0.378417,0.778921],[0.496803,0.621074],[0.333574,0.766165],[0.31205,0.672094],[0.590077,0.742249],[0.246774,0.731356],[0.440264,0.282893],[0.511693,0.903347],[0.525255,0.955556],[0.496322,0.416307]]"
e2fe44fa606fa42dc948e236,frames/e2fe44fa606fa42dc948e236.png,"[[0.032229,0.442499],[0.025,0.740654],[0.150615,0.880964],[0.267207,0.354806],[0.327296,0.668906],[0.363171,0.893719],[0.369449,0.694417],[0.380211,0.58759],[0.407117,0.624262],[0.460929,0.322917],[0.46362,0.416988],[0.51205,0.270301],[0.503081,0.456847],[0.526399,0.688039],[0.514741,0.798054],[0.547027,0.348428],[0.587386,0.506275],[0.585592,0.887342],[0.629538,0.825158],[0.679762,0.096509],[0.685144,0.41061],[0.72909,0.667311],[0.518022,0.133405],[0.764857,0.215382],[0.766759,0.450471],[0.862508,0.191271]]"
e3080afb88ba751ec21c0bcf,frames/e3080afb88ba751ec21c0bcf.png,"[[0.54875,0.155655],[0.618021,0.361644],[0.463107,0.169089],[0.395097,0.207152],[0.359832,0.267606],[0.571417,0.247455],[0.519782,0.198196],[0.556307,0.399707],[0.527339,0.851988],[0.459329,0.269844]]"
e366959c118d7f2df36e7b16,frames/e366959c118d7f2df36e7b16.png,"[[0.121019,0.276679],[0.193664,0.305378],[0.660032,0.044444],[0.516534,0.903285],[0.552409,0.801243],[0.785592,0.589185],[0.03761,0.877775],[0.673485,0.147531],[0.323709,0.445687],[0.513844,0.055054],[0.625951,0.160286],[0.829539,0.316539],[0.15779,0.241601],[0.855547,0.791676],[0.59187,0.593968],[0.747924,0.066215],[0.89232,0.075782],[0.887836,0.27349],[0.435816,0.936768],[0.906672,0.332483],[0.554202,0.055054],[0.692319,0.05346],[0.660032,0.192174]]"
e372d92cceb78074477d79cc,frames/e372d92cceb78074477d79cc.png,"[[0.721292,0.645999],[0.481998,0.368361],[0.488296,0.480312],[0.464366,0.639281],[0.751521,0.572111],[0.357314,0.426576],[0.345978,0.247455],[0.604167,0.84751],[0.358573,0.175806],[0.663359,0.605696]]"
e3b2fe10024794e3800ed89a,frames/e3b2fe10024794e3800ed89a.png,"[[0.123709,0.386693],[0.181108,0.654556],[0.348821,0.377126],[0.56048,0.45366],[0.257341,0.72471],[0.500391,0.428149],[0.141646,0.955556],[0.58918,0.383504],[0.451063,0.365967],[0.305772,0.73906],[0.193664,0.676878],[0.430435,0.914446],[0.379314,0.350022],[0.042991,0.517436],[0.563171,0.287839]]"
e3d01b5f97a4bded774af158,frames/e3d01b5f97a4bded774af158.png,"[[0.730109,0.645999],[0.481998,0.366122],[0.490815,0.473594],[0.718776,0.457921],[0.746484,0.57659],[0.381243,0.471356],[0.766635,0.491506],[0.606682,0.851988],[0.439177,0.822881],[0.665875,0.59898]]"
e3ed8815dc645d023afd138d,frames/e3ed8815dc645d023afd138d.png,"[[0.729595,0.491854],[0.730499,0.593119],[0.905,0.564186],[0.182005,0.874586],[0.955633,0.731356],[0.026848,0.635422],[0.205323,0.729493],[0.381108,0.6705],[0.320122,0.581212],[0.872586,0.598751],[0.364965,0.589185],[0.923711,0.506275],[0.433935,0.464528],[0.351512,0.643394],[0.461826,0.431338],[0.673485,0.6705],[0.571367,0.636519],[0.501288,0.562079],[0.421467,0.512653],[0.674382,0.6992],[0.053754,0.340456],[0.593664,0.413799],[0.402633,0.337267],[0.352409,0.299],[0.338059,0.409015],[0.294112,0.525408],[0.320122,0.483953],[0.964961,0.142747],[0.813398,0.511058],[0.781108,0.6992],[0.286937,0.377126],[0.124606,0.648178],[0.816984,0.447282],[0.168552,0.45366],[0.186489,0.565268],[0.103978,0.270301],[0.894109,0.643394]]"
e401d6f29e03c657e436af1c,frames/e401d6f29e03c657e436af1c.png,"[[0.754007,0.800474],[0.183798,0.939957],[0.025,0.533381],[0.069897,0.632235],[0.229538,0.609912],[0.096803,0.688039],[0.866312,0.603535],[0.166759,0.756599],[0.622,0.475779],[0.594561,0.562079],[0.188283,0.479169],[0.590973,0.735871],[0.866312,0.554107],[0.739852,0.68485],[0.62057,0.57324],[0.525502,0.625857],[0.093216,0.550918],[0.911156,0.405826],[0.439404,0.188986],[0.477072,0.361183],[0.465413,0.550918],[0.587386,0.648178],[0.526399,0.503086],[0.620298,0.541006],[0.57483,0.340456],[0.54344,0.416988],[0.387386,0.673689],[0.529987,0.350022],[0.383798,0.458442],[0.481556,0.60194],[0.242095,0.354806],[0.669898,0.60194],[0.340749,0.702389],[0.814289,0.651367],[0.79187,0.334078],[0.025,0.169852],[0.882453,0.716739],[0.058238,0.402638],[0.086041,0.617885],[0.895906,0.520625],[0.064516,0.303783],[0.025,0.621074]]"
e411056eaa5f3ebd1fa1a7c7,frames/e411056eaa5f3ebd1fa1a7c7.png,"[[0.726333,0.639281],[0.481998,0.368361],[0.490815,0.478073],[0.605422,0.581068],[0.749,0.583306],[0.362351,0.406424],[0.345978,0.236259],[0.602906,0.851988],[0.345978,0.178044],[0.665875,0.603457]]"
e42c93f046fd82f3494f7f79,frames/e42c93f046fd82f3494f7f79.png,"[[0.025,0.411485],[0.083121,0.575439],[0.220553,0.490246],[0.072271,0.879236],[0.266666,0.258782],[0.299215,0.334329],[0.292886,0.496676],[0.188004,0.639733],[0.365219,0.470958],[0.312777,0.416307],[0.367655,0.361183],[0.303736,0.430772],[0.418564,0.487032],[0.316534,0.60194],[0.289628,0.683256],[0.53178,0.498303],[0.438507,0.707172],[0.57752,0.611507],[0.602633,0.416988],[0.64822,0.633304],[0.649125,0.461314],[0.634023,0.632235],[0.579314,0.745437],[0.717841,0.749038],[0.676175,0.554107],[0.670795,0.388288],[0.863617,0.595562],[0.960156,0.414699],[0.859133,0.401043],[0.025,0.520625],[0.025,0.350403]]"
e43e7ccf354ef9f43ef9a348,frames/e43e7ccf354ef9f43ef9a348.png,"[[0.032229,0.43931],[0.025,0.743843],[0.150615,0.877775],[0.264516,0.361183],[0.328193,0.6705],[0.369449,0.912851],[0.371243,0.688039],[0.37483,0.603535],[0.416983,0.638611],[0.46362,0.326106],[0.459135,0.42496],[0.518328,0.265518],[0.503081,0.464819],[0.523709,0.691228],[0.508463,0.774138],[0.54344,0.350022],[0.585592,0.483953],[0.58918,0.863425],[0.627745,0.818781],[0.670795,0.085348],[0.688731,0.416988],[0.726399,0.680067],[0.517117,0.13662],[0.764857,0.212167],[0.766759,0.447282],[0.860695,0.186449]]"
e450db0f7c1c0bac78d74940,frames/e450db0f7c1c0bac78d74940.png,"[[0.755099,0.914446],[0.821469,0.853858],[0.549718,0.955556],[0.167655,0.044444],[0.127296,0.868208],[0.547027,0.547729],[0.699494,0.935174],[0.431332,0.495114],[0.303081,0.566862],[0.83582,0.294217],[0.14613,0.520625],[0.32909,0.665717],[0.797252,0.214496],[0.630435,0.055054],[0.336265,0.475981]]"
e45cbf0cda79d892843cc365,frames/e45cbf0cda79d892843cc365.png,"[[0.742703,0.632565],[0.483258,0.377318],[0.489555,0.478073],[0.728849,0.457921],[0.741443,0.581068],[0.371167,0.442248],[0.762854,0.3706],[0.605422,0.851988],[0.400134,0.89453],[0.66462,0.596741]]"
e47db7024a4a71aedff3f43d,frames/e47db7024a4a71aedff3f43d.png,"[[0.034023,0.365967],[0.477072,0.598751],[0.43761,0.517436],[0.850164,0.743843],[0.319225,0.681661],[0.827742,0.249574],[0.655548,0.163475],[0.887836,0.220874],[0.759584,0.209712],[0.375727,0.110859],[0.659135,0.211307],[0.605323,0.044444]]"
e4c3b4b33636f8c74e3ea5c8,frames/e4c3b4b33636f8c74e3ea5c8.png,"[[0.060517,0.620446],[0.433935,0.524001],[0.283634,0.336035],[0.352561,0.403447],[0.470102,0.62366],[0.025,0.601157],[0.565038,0.451669],[0.507172,0.585082],[0.397252,0.436121],[0.198854,0.487032],[0.571367,0.644556],[0.145234,0.643394],[0.138059,0.790082],[0.72909,0.450471],[0.599942,0.688039],[0.754202,0.544542],[0.80353,0.42496],[0.848945,0.641342],[0.867023,0.540075],[0.781108,0.584401],[0.568655,0.683133],[0.825437,0.753858],[0.607117,0.613101],[0.66362,0.388288],[0.873484,0.60194],[0.966758,0.691228],[0.751512,0.491925],[0.259135,0.590779],[0.14344,0.401043],[0.159584,0.592374],[0.851062,0.6992],[0.938062,0.718333],[0.108438,0.487032],[0.076175,0.434526]]"
e4db66ca030dc983725495a4,frames/e4db66ca030dc983725495a4.png,"[[0.742703,0.628087],[0.480739,0.3706],[0.489555,0.473594],[0.713734,0.498224],[0.746484,0.585545],[0.351016,0.440009],[0.648245,0.135504],[0.604167,0.84751],[0.294341,0.731081],[0.662099,0.590023]]"
e4e6911a4e3fedc0ff97b931,frames/e4e6911a4e3fedc0ff97b931.png,"[[0.886039,0.672094],[0.137162,0.565268],[0.866312,0.603535],[0.113844,0.688039],[0.819109,0.51275],[0.674441,0.348796],[0.025,0.550918],[0.558687,0.680067],[0.968555,0.721522],[0.933578,0.562079],[0.76048,0.423365],[0.37483,0.501492],[0.255548,0.605129],[0.533574,0.340456],[0.559584,0.442499],[0.588283,0.61629],[0.875281,0.536569],[0.700391,0.568457],[0.503465,0.484981],[0.410705,0.447282],[0.773037,0.289433],[0.57483,0.629046],[0.379314,0.292622],[0.347924,0.576429],[0.626848,0.65615],[0.373934,0.378721],[0.618777,0.365967],[0.495009,0.546135],[0.706669,0.654556],[0.688731,0.377126],[0.025,0.270301],[0.814289,0.643394],[0.329987,0.458442],[0.128193,0.609912],[0.826852,0.442499],[0.121019,0.442499],[0.23492,0.498303],[0.115671,0.208953],[0.927297,0.461631],[0.975,0.455254],[0.975,0.820375]]"
e4fe3d51007670cf670bf2d3,frames/e4fe3d51007670cf670bf2d3.png,"[[0.404427,0.955556],[0.728193,0.955556],[0.568552,0.479169],[0.894109,0.688039],[0.827742,0.579618],[0.794561,0.442499],[0.516534,0.421771],[0.073485,0.727899],[0.86093,0.874586],[0.608014,0.295811],[0.43761,0.21609],[0.469001,0.300594],[0.694112,0.120425],[0.471691,0.461631],[0.921914,0.45366],[0.365862,0.058243],[0.025,0.464819]]"
e50d374ea971c4e080b50c77,frames/e50d374ea971c4e080b50c77.png,"[[0.612498,0.542947],[0.587386,0.456847],[0.186489,0.361183],[0.410705,0.654556],[0.727296,0.568457],[0.76048,0.648178],[0.534471,0.506275],[0.633126,0.442499],[0.21788,0.919229],[0.486041,0.643394],[0.453754,0.362778],[0.442095,0.461631],[0.060032,0.876181],[0.401736,0.299],[0.624158,0.287839],[0.338059,0.924012],[0.269898,0.55889],[0.553305,0.343644],[0.325436,0.388981]]"
e526bca2f22894ac1b2f2ee2,frames/e526bca2f22894ac1b2f2ee2.png,"[[0.668396,0.372839],[0.480739,0.3706],[0.498371,0.473594],[0.580234,0.276561],[0.63313,0.771383],[0.373686,0.782579],[0.658323,0.498224],[0.533636,0.791535],[0.403913,0.903485],[0.652026,0.701974]]"
e526cfb40c6f42fd2c1f53be,frames/e526cfb40c6f42fd2c1f53be.png,"[[0.117431,0.55889],[0.119225,0.834725],[0.234023,0.651367],[0.184695,0.409015],[0.121019,0.654556],[0.596355,0.187392],[0.597252,0.217685],[0.432229,0.845886],[0.532677,0.72471],[0.56048,0.185797],[0.700391,0.688039],[0.739852,0.125209],[0.780211,0.3564],[0.796355,0.214496],[0.686938,0.388288],[0.874383,0.219279],[0.179314,0.71355],[0.441198,0.632235],[0.768552,0.222468],[0.158687,0.555701],[0.974828,0.794865],[0.549718,0.900097],[0.141646,0.922418],[0.275279,0.887342],[0.259135,0.732682],[0.641198,0.096509],[0.317431,0.044444]]"
e5614770c6c6971c568b8152,frames/e5614770c6c6971c568b8152.png,"[[0.356893,0.774138],[0.428641,0.343644],[0.730884,0.676878],[0.743157,0.424343],[0.76757,0.236278],[0.769449,0.464819],[0.783845,0.044444],[0.543338,0.064287],[0.900391,0.063026],[0.231332,0.064621],[0.694186,0.674156],[0.458238,0.716739],[0.364068,0.57324],[0.166759,0.794865],[0.207117,0.58759],[0.269898,0.354806],[0.568655,0.342367],[0.83357,0.737785],[0.291078,0.843874],[0.565038,0.348796],[0.56323,0.46935],[0.496322,0.435594],[0.858234,0.955556],[0.395458,0.281461],[0.367655,0.876181],[0.460929,0.343644],[0.525502,0.044444],[0.306669,0.896908],[0.40622,0.394665],[0.515637,0.751815],[0.369449,0.638611],[0.269001,0.578024],[0.548821,0.643394],[0.30012,0.622053],[0.397769,0.279678],[0.464677,0.626875],[0.574984,0.834229],[0.405002,0.593119],[0.455634,0.506321],[0.480047,0.294144],[0.555092,0.419521],[0.556901,0.382551],[0.538817,0.360047]]"
e58fb0830d31378defdec84f,frames/e58fb0830d31378defdec84f.png,"[[0.541192,0.151177],[0.621797,0.426576],[0.454291,0.164611],[0.393838,0.207152],[0.361092,0.269844],[0.576458,0.249694],[0.536155,0.195957],[0.560083,0.386273],[0.522301,0.854227],[0.470664,0.267606]]"
e5ba2189eb424956a3307053,frames/e5ba2189eb424956a3307053.png,"[[0.31953,0.710931],[0.352276,0.726604],[0.460588,0.247455],[0.517263,0.25641],[0.516004,0.572111],[0.629354,0.753471],[0.626833,0.260888],[0.596609,0.296713],[0.66462,0.4624],[0.68225,0.547482]]"
e5c6473a589697aa166ae77b,frames/e5c6473a589697aa166ae77b.png,"[[0.716255,0.650477],[0.481998,0.368361],[0.490815,0.473594],[0.436658,0.581068],[0.74774,0.569872],[0.349757,0.43777],[0.344719,0.238498],[0.607943,0.851988],[0.359832,0.175806],[0.66462,0.59898]]"
e5e71f09e53b497ab62e80f0,frames/e5e71f09e53b497ab62e80f0.png,"[[0.025,0.721522],[0.179314,0.629046],[0.348821,0.904879],[0.46631,0.955556],[0.412498,0.461631],[0.60622,0.340456],[0.635816,0.786893],[0.506669,0.662528],[0.58918,0.305378],[0.555996,0.192174],[0.397252,0.58759],[0.598148,0.063026],[0.693216,0.294217],[0.728193,0.672094],[0.55238,0.229849],[0.820008,0.231456],[0.773037,0.45366],[0.824531,0.159123],[0.572271,0.361656],[0.540626,0.400232],[0.315638,0.621074],[0.370644,0.569008],[0.661783,0.955556],[0.624712,0.409876],[0.44388,0.646164],[0.47643,0.421128],[0.151512,0.903285],[0.599942,0.688039],[0.432229,0.729493],[0.373934,0.825158],[0.57214,0.845886],[0.551476,0.303789],[0.46558,0.382551],[0.479762,0.79646],[0.465413,0.394665]]"
e5f5b0faa880f9b316dbce17,frames/e5f5b0faa880f9b316dbce17.png,"[[0.43288,0.310146],[0.481998,0.3706],[0.495853,0.527331],[0.596609,0.247455],[0.652026,0.878856],[0.679729,0.301191],[0.733885,0.417619],[0.630615,0.388512],[0.696104,0.590023],[0.657062,0.807208]]"
e6179fa1ccab7f9201b3b15a,frames/e6179fa1ccab7f9201b3b15a.png,"[[0.476005,0.516144],[0.498055,0.827794],[0.58626,0.557305],[0.558693,0.388739],[0.536644,0.553384],[0.611724,0.433293],[0.694844,0.522853],[0.52482,0.131026],[0.711219,0.422097],[0.757818,0.446727]]"
e618173243067b6e62eeae1f,frames/e618173243067b6e62eeae1f.png,"[[0.180211,0.841103],[0.496208,0.350258],[0.566759,0.523814],[0.470795,0.42496],[0.269898,0.922418],[0.613395,0.43931],[0.445682,0.428149],[0.294112,0.79646],[0.469898,0.707172],[0.327296,0.475981],[0.161377,0.380315],[0.558687,0.362778],[0.522812,0.421771],[0.328193,0.468008],[0.559584,0.222468]]"
e64915d3bcdfdf9e12bab7f6,frames/e64915d3bcdfdf9e12bab7f6.png,"[[0.425323,0.180284],[0.602906,0.619131],[0.460588,0.240737],[0.47696,0.180284],[0.373686,0.319103],[0.688547,0.587784],[0.668396,0.357166],[0.577719,0.417619],[0.456809,0.887813],[0.600385,0.276561]]"
e65e0a1d7d1230ee10b5bf4d,frames/e65e0a1d7d1230ee10b5bf4d.png,"[[0.198148,0.316539],[0.22057,0.413799],[0.168552,0.662528],[0.190077,0.896908],[0.133574,0.487142],[0.852859,0.885747],[0.447476,0.637017],[0.520122,0.855453],[0.484247,0.3277],[0.511153,0.420176],[0.581108,0.853858],[0.495906,0.372343],[0.696803,0.287839],[0.793664,0.581212],[0.139852,0.321322],[0.920125,0.120425]]"
e664cd6ea862581bb32f6dca,frames/e664cd6ea862581bb32f6dca.png,"[[0.87707,0.668906],[0.147027,0.568457],[0.866312,0.603535],[0.123709,0.688039],[0.807352,0.517572],[0.670825,0.353618],[0.025,0.539758],[0.56048,0.696011],[0.964961,0.735871],[0.913844,0.539758],[0.728193,0.43931],[0.378417,0.509464],[0.258238,0.603535],[0.538955,0.338861],[0.556893,0.442499],[0.586489,0.613101],[0.860031,0.542947],[0.685144,0.55889],[0.517431,0.491925],[0.425055,0.413799],[0.754202,0.295811],[0.564965,0.61629],[0.385592,0.321322],[0.345234,0.555701],[0.630435,0.649772],[0.37214,0.354806],[0.626848,0.380315],[0.488731,0.539758],[0.703978,0.657744],[0.693216,0.378721],[0.025,0.265518],[0.822367,0.632235],[0.314741,0.450471],[0.126399,0.613101],[0.823258,0.43931],[0.112947,0.442499],[0.208911,0.512653],[0.11115,0.221811],[0.936266,0.472792],[0.975,0.469603]]"
e685caaa77f7c81e2e473558,frames/e685caaa77f7c81e2e473558.png,"[[0.025,0.745437],[0.225055,0.614696],[0.256445,0.702389],[0.597252,0.086943],[0.26631,0.817186],[0.46631,0.877775],[0.586489,0.044444],[0.631332,0.188986],[0.730884,0.683256],[0.56323,0.229849],[0.836289,0.236278],[0.77214,0.447282],[0.783845,0.096435],[0.650933,0.39541],[0.465413,0.343644],[0.645682,0.464819],[0.597588,0.257174],[0.277969,0.099698],[0.538059,0.499897],[0.425951,0.383504],[0.495445,0.830831],[0.573682,0.447138],[0.653718,0.784468],[0.406416,0.344819],[0.399222,0.643781],[0.599761,0.397576],[0.705772,0.955556],[0.056444,0.825158],[0.523709,0.321322],[0.470795,0.542947],[0.465413,0.933579],[0.447476,0.955556],[0.755996,0.955556]]"
e6887c23db987c315cafdb58,frames/e6887c23db987c315cafdb58.png,"[[0.565038,0.46935],[0.390535,0.458099],[0.475527,0.42595],[0.5786,0.6542],[0.025,0.580261],[0.64822,0.48221],[0.625616,0.585082],[0.338059,0.58759],[0.103917,0.461314],[0.650029,0.678311],[0.04927,0.624262],[0.150615,0.821969],[0.896805,0.475981],[0.745234,0.632235],[0.907562,0.512653],[0.975,0.489079],[0.95925,0.707244],[0.924609,0.58759],[0.495906,0.646583],[0.857984,0.786007],[0.638507,0.643394],[0.621467,0.405826],[0.867203,0.595562],[0.896805,0.794865],[0.635816,0.533381],[0.424158,0.654556],[0.253103,0.390588],[0.284247,0.668906],[0.781108,0.710361],[0.885141,0.740654],[0.254007,0.588297],[0.17214,0.399449],[0.13178,0.542947],[0.91743,0.831536],[0.042991,0.310161],[0.082453,0.420176],[0.034023,0.503086]]"
e693760086c3b60a90a135fd,frames/e693760086c3b60a90a135fd.png,"[[0.631875,0.531809],[0.480739,0.368361],[0.497112,0.480312],[0.573938,0.276561],[0.643208,0.75795],[0.356054,0.822881],[0.562604,0.713169],[0.541192,0.811686],[0.392578,0.887813],[0.654542,0.699735]]"
e69fa5f1c26ef0442b8e3e6e,frames/e69fa5f1c26ef0442b8e3e6e.png,"[[0.209808,0.490331],[0.102184,0.922418],[0.293216,0.648178],[0.244785,0.461631],[0.171243,0.933579],[0.609808,0.174636],[0.425951,0.214496],[0.653754,0.185797],[0.698597,0.845886],[0.709359,0.099698],[0.767655,0.450471],[0.747027,0.13637],[0.54613,0.539758],[0.8125,0.204929],[0.185592,0.855453],[0.451063,0.609912],[0.171243,0.676878],[0.975,0.831536],[0.224158,0.812403],[0.654651,0.106076],[0.267207,0.115642],[0.550615,0.074187],[0.285144,0.791676],[0.94075,0.051865]]"
e6ba6982f86b2506861a3897,frames/e6ba6982f86b2506861a3897.png,"[[0.555047,0.157894],[0.61424,0.328059],[0.466885,0.204913],[0.391318,0.216108],[0.358573,0.260888],[0.573938,0.269844],[0.512225,0.198196],[0.557568,0.397469],[0.52482,0.87214],[0.453031,0.287756]]"
e6c9b4cca815f2d097ee213e,frames/e6c9b4cca815f2d097ee213e.png,"[[0.746484,0.632565],[0.480739,0.368361],[0.488296,0.473594],[0.658323,0.480312],[0.74774,0.585545],[0.353535,0.433293],[0.568901,0.099679],[0.602906,0.851988],[0.299379,0.592263],[0.662099,0.596741]]"
e6f324b8622421527f644a4e,frames/e6f324b8622421527f644a4e.png,"[[0.581495,0.648238],[0.47948,0.368361],[0.493333,0.478073],[0.573938,0.276561],[0.673432,0.68854],[0.339681,0.831837],[0.531117,0.956481],[0.495853,0.883334],[0.305676,0.601219],[0.669656,0.625848]]"
e728fcda81c5d6c7b9597185,frames/e728fcda81c5d6c7b9597185.png,"[[0.618021,0.684062],[0.483258,0.377318],[0.493333,0.480312],[0.576458,0.278801],[0.675953,0.661672],[0.413989,0.822881],[0.512225,0.937071],[0.536155,0.843032],[0.306935,0.59898],[0.663359,0.601219]]"
e759a26ef45ca9cdfcc90144,frames/e759a26ef45ca9cdfcc90144.png,"[[0.439621,0.614146],[0.492543,0.814073],[0.729589,0.768992],[0.48262,0.353458],[0.559797,0.547505],[0.609203,0.357166],[0.702401,0.592263],[0.669656,0.106396],[0.716255,0.422097],[0.757818,0.446727]]"
e75ba02a7ee290792ec0d544,frames/e75ba02a7ee290792ec0d544.png,"[[0.94075,0.316539],[0.866312,0.60194],[0.313844,0.617885],[0.069,0.402638],[0.60353,0.654556],[0.721019,0.732682],[0.933578,0.536569],[0.348821,0.576429],[0.880656,0.232035],[0.964961,0.659339],[0.633126,0.702389],[0.707566,0.756599],[0.256445,0.627451],[0.379314,0.514247],[0.280659,0.649772],[0.330884,0.458442],[0.616983,0.578024],[0.538059,0.635422],[0.399942,0.211307],[0.54613,0.436121],[0.448373,0.512653],[0.93268,0.593968],[0.370644,0.446847],[0.57483,0.592374],[0.636713,0.57324],[0.652857,0.858642],[0.306669,0.702389],[0.703978,0.61629],[0.294112,0.531786],[0.738955,0.444093],[0.294112,0.394665],[0.636713,0.464819],[0.380211,0.68485],[0.271691,0.45366],[0.19187,0.389882],[0.226848,0.472792],[0.886039,0.740654],[0.936266,0.721522],[0.055548,0.499897],[0.965859,0.544542],[0.975,0.464819]]"
e7900caaf15fa71da94d28d6,frames/e7900caaf15fa71da94d28d6.png,"[[0.112947,0.283056],[0.190077,0.299],[0.658238,0.044444],[0.524606,0.904879],[0.529987,0.81081],[0.807117,0.627451],[0.039404,0.871397],[0.33178,0.447282],[0.506669,0.063026],[0.633126,0.158691],[0.834023,0.329294],[0.159584,0.236818],[0.855547,0.849075],[0.573934,0.58759],[0.763171,0.069404],[0.888734,0.077376],[0.875281,0.267112],[0.441198,0.941551],[0.904875,0.332483],[0.57214,0.080565],[0.699494,0.118831],[0.65196,0.192174]]"
e791e53d92edcc6192189bd3,frames/e791e53d92edcc6192189bd3.png,"[[0.025054,0.72471],[0.138955,0.637017],[0.347924,0.912851],[0.425055,0.501492],[0.60622,0.348428],[0.642095,0.841103],[0.510256,0.640206],[0.582902,0.299],[0.539852,0.200146],[0.390973,0.565268],[0.595458,0.059837],[0.694112,0.283056],[0.728193,0.672094],[0.553284,0.229849],[0.820008,0.231456],[0.773037,0.45366],[0.818203,0.157516],[0.574984,0.363262],[0.542434,0.406663],[0.299494,0.611507],[0.340806,0.634912],[0.579505,0.491854],[0.423989,0.675097],[0.186489,0.955556],[0.564965,0.646583],[0.40622,0.72471],[0.385592,0.928796],[0.579314,0.774138],[0.556901,0.286107],[0.441168,0.348796],[0.503081,0.710361],[0.465413,0.405826],[0.443888,0.350022],[0.025,0.343644],[0.537162,0.340456]]"
e7ed456d6ffe39cb5967d0f8,frames/e7ed456d6ffe39cb5967d0f8.png,"[[0.526079,0.144459],[0.560083,0.637043],[0.47696,0.207152],[0.424064,0.195957],[0.379983,0.227303],[0.624318,0.272083],[0.580234,0.200435],[0.557568,0.413142],[0.529857,0.858706],[0.531117,0.218347]]"
e7f432ebc710d9d317cd24d8,frames/e7f432ebc710d9d317cd24d8.png,"[[0.059613,0.409876],[0.080409,0.578653],[0.164495,0.496676],[0.101204,0.848696],[0.255816,0.247531],[0.274803,0.3279],[0.260337,0.490246],[0.233212,0.601157],[0.309161,0.443632],[0.293791,0.382551],[0.355996,0.329294],[0.316395,0.413092],[0.36974,0.475779],[0.314741,0.546135],[0.321019,0.593968],[0.459135,0.544542],[0.411602,0.6992],[0.524606,0.576429],[0.555099,0.464819],[0.582217,0.615624],[0.623809,0.475779],[0.594875,0.63009],[0.58918,0.71355],[0.667208,0.744215],[0.664516,0.503086],[0.703081,0.386693],[0.869,0.598751],[0.928508,0.377729],[0.938062,0.501492],[0.908461,0.41061]]"
e87337c049af6e07e00b49ac,frames/e87337c049af6e07e00b49ac.png,"[[0.025,0.742249],[0.24927,0.644989],[0.273485,0.727899],[0.60353,0.118831],[0.302184,0.807621],[0.359584,0.879369],[0.584695,0.044444],[0.63492,0.169852],[0.728193,0.676878],[0.572271,0.231456],[0.842617,0.242708],[0.77214,0.447282],[0.782036,0.091613],[0.656358,0.39541],[0.642991,0.472792],[0.603012,0.257174],[0.269001,0.115642],[0.518328,0.533381],[0.425055,0.383504],[0.511631,0.843619],[0.562891,0.397576],[0.618646,0.752493],[0.437891,0.304851],[0.390229,0.637385],[0.608754,0.394379],[0.715637,0.955556],[0.077072,0.829942],[0.520122,0.305378],[0.457341,0.649772],[0.45196,0.876181],[0.408911,0.908068],[0.725502,0.917635],[0.542543,0.936768]]"
e88e0fcde3c9c3e00543224a,frames/e88e0fcde3c9c3e00543224a.png,"[[0.025,0.691228],[0.313844,0.584401],[0.629538,0.362778],[0.622364,0.082159],[0.728193,0.676878],[0.682579,0.31504],[0.829953,0.270033],[0.766759,0.450471],[0.753103,0.067502],[0.650029,0.339151],[0.724606,0.126803],[0.568655,0.252351],[0.199942,0.209712],[0.318328,0.834725],[0.379314,0.911257],[0.671704,0.579831],[0.584473,0.766882],[0.633934,0.41996],[0.349718,0.617885],[0.460929,0.651367],[0.476175,0.780515],[0.492319,0.94474],[0.616983,0.813997],[0.365862,0.539758],[0.435816,0.316539],[0.433126,0.423365],[0.598148,0.442499],[0.477969,0.528597],[0.436713,0.643394],[0.521916,0.434526],[0.427745,0.372343],[0.402633,0.431338],[0.584695,0.740654],[0.458238,0.890531],[0.431332,0.829942],[0.477072,0.911257],[0.100391,0.955556],[0.488731,0.3277],[0.48335,0.412204]]"
e8cc5554890825f2953bffcb,frames/e8cc5554890825f2953bffcb.png,"[[0.025,0.718333],[0.190973,0.633829],[0.361377,0.869803],[0.481556,0.935174],[0.410705,0.42496],[0.60622,0.343644],[0.642095,0.756599],[0.495906,0.672094],[0.593664,0.310161],[0.555099,0.184203],[0.408014,0.609912],[0.599045,0.059837],[0.698597,0.306972],[0.728193,0.672094],[0.55238,0.229849],[0.820008,0.231456],[0.773037,0.45366],[0.828148,0.162338],[0.031584,0.955556],[0.570463,0.368085],[0.555996,0.388981],[0.33178,0.611507],[0.367027,0.569008],[0.477334,0.417914],[0.636466,0.940317],[0.629234,0.374514],[0.447498,0.634912],[0.468293,0.458099],[0.139852,0.892125],[0.605323,0.707172],[0.445682,0.694417],[0.380211,0.743843],[0.56048,0.887342],[0.535201,0.331114],[0.46558,0.371299],[0.454651,0.853858]]"
e8d6d3a374a62e2a0fbf8246,frames/e8d6d3a374a62e2a0fbf8246.png,"[[0.210705,0.769354],[0.742543,0.219279],[0.470795,0.203335],[0.506669,0.106076],[0.222364,0.904879],[0.289628,0.955556],[0.975,0.428149],[0.144337,0.413799],[0.126399,0.820375],[0.355099,0.41061],[0.302184,0.72471],[0.765862,0.120425],[0.344337,0.823564],[0.668104,0.173041],[0.458238,0.590779],[0.301288,0.468008],[0.418777,0.512653],[0.371243,0.058243],[0.715637,0.13637]]"
e8f431a48cd32087ad203de2,frames/e8f431a48cd32087ad203de2.png,"[[0.636911,0.693019],[0.483258,0.377318],[0.493333,0.478073],[0.56638,0.25641],[0.675953,0.641521],[0.393838,0.87214],[0.459329,0.742277],[0.602906,0.858706],[0.298119,0.59898],[0.662099,0.601219]]"
e905c1e971694689881abaed,frames/e905c1e971694689881abaed.png,"[[0.182005,0.361183],[0.277969,0.517436],[0.398148,0.727899],[0.901289,0.6992],[0.269001,0.801243],[0.615189,0.300594],[0.678866,0.338861],[0.025,0.550918],[0.390973,0.316539],[0.650166,0.562079],[0.164965,0.81081],[0.595458,0.668906],[0.780228,0.483817],[0.607534,0.450061],[0.551476,0.679919],[0.447498,0.475779],[0.460155,0.13662],[0.025,0.453276],[0.708462,0.169852],[0.390973,0.428149],[0.63492,0.204929],[0.408911,0.871397],[0.414292,0.118831],[0.212498,0.896908]]"
e9702a305e7e632e41c98f1c,frames/e9702a305e7e632e41c98f1c.png,"[[0.31953,0.554199],[0.619276,0.843032],[0.362351,0.287756],[0.596609,0.341493],[0.730109,0.64376],[0.626833,0.104157],[0.712479,0.175806],[0.56638,0.16685],[0.668396,0.592263],[0.378724,0.628087]]"
e9a715f028d219248359fae8,frames/e9a715f028d219248359fae8.png,"[[0.399942,0.593968],[0.355099,0.857047],[0.442991,0.898503],[0.634023,0.25914],[0.467207,0.565268],[0.303081,0.892125],[0.534471,0.852264],[0.183798,0.361183],[0.588283,0.710361],[0.805323,0.305378],[0.534471,0.857047],[0.535368,0.605129],[0.535368,0.491925],[0.538059,0.289433],[0.425951,0.447282],[0.532677,0.373938],[0.554202,0.220874],[0.658238,0.627451],[0.397252,0.501492],[0.429538,0.322917],[0.461826,0.386693]]"
e9b8032cebe76034d6248465,frames/e9b8032cebe76034d6248465.png,"[[0.332124,0.388512],[0.575198,0.827359],[0.313233,0.480312],[0.625573,0.84751],[0.606682,0.184762],[0.665875,0.180284],[0.762854,0.4624],[0.528598,0.330298],[0.420285,0.563156],[0.73137,0.567633]]"
e9c4d3ac185995ff0c23272a,frames/e9c4d3ac185995ff0c23272a.png,"[[0.322049,0.581068],[0.678474,0.818403],[0.347238,0.289995],[0.528598,0.357166],[0.722552,0.641521],[0.665875,0.106396],[0.733885,0.195957],[0.527339,0.155655],[0.659578,0.722125],[0.373686,0.661672]]"
e9d31e6fcdbc997c1b77c700,frames/e9d31e6fcdbc997c1b77c700.png,"[[0.267893,0.522853],[0.469404,0.84751],[0.449253,0.240737],[0.513484,0.240737],[0.505928,0.558678],[0.677214,0.592263],[0.648245,0.498224],[0.572677,0.426576],[0.54749,0.581068],[0.692328,0.491506]]"
ea17c96b02d8133feac8df82,frames/ea17c96b02d8133feac8df82.png,"[[0.742703,0.630326],[0.480739,0.368361],[0.490815,0.471356],[0.639427,0.473594],[0.742703,0.581068],[0.351016,0.422097],[0.54875,0.106396],[0.599125,0.851988],[0.300638,0.560917],[0.660839,0.590023]]"
ea68faab3ef72d899ffc7b4b,frames/ea68faab3ef72d899ffc7b4b.png,"[[0.087835,0.491925],[0.176623,0.25914],[0.65196,0.080565],[0.478866,0.531786],[0.671691,0.380315],[0.733574,0.464819],[0.192767,0.198551],[0.890523,0.365967],[0.860031,0.085348],[0.57483,0.16188],[0.970344,0.43931],[0.600839,0.76776],[0.802633,0.171447],[0.793664,0.801243],[0.088731,0.676878],[0.965859,0.152314],[0.964961,0.236818]]"
eacf897aff612bc67e09f0fd,frames/eacf897aff612bc67e09f0fd.png,"[[0.742703,0.637043],[0.483258,0.377318],[0.493333,0.478073],[0.604167,0.448966],[0.749,0.572111],[0.353535,0.408663],[0.495853,0.079528],[0.605422,0.854227],[0.279228,0.471356],[0.667135,0.605696]]"
ead8864e0ed1694d85d4efb3,frames/ead8864e0ed1694d85d4efb3.png,"[[0.47821,0.665108],[0.516798,0.831714],[0.579641,0.904236],[0.557594,0.469102],[0.477107,0.247615],[0.422805,0.500463],[0.641948,0.603457],[0.771672,0.209391],[0.725073,0.417619],[0.767891,0.453444]]"
eae2705666d9372884790d02,frames/eae2705666d9372884790d02.png,"[[0.481517,0.43382],[0.485928,0.812113],[0.577438,0.549465],[0.546568,0.435781],[0.553182,0.780752],[0.606682,0.419858],[0.69988,0.527331],[0.465626,0.157894],[0.713734,0.417619],[0.756557,0.446727]]"
eb03e4adb3c95baec3a0bef8,frames/eb03e4adb3c95baec3a0bef8.png,"[[0.696104,0.66615],[0.480739,0.3706],[0.497112,0.482551],[0.445474,0.386273],[0.746484,0.57435],[0.317011,0.448966],[0.344719,0.240737],[0.606682,0.84751],[0.372427,0.164611],[0.660839,0.607936]]"
eb1bac5edf23c14b0ecfece7,frames/eb1bac5edf23c14b0ecfece7.png,"[[0.782036,0.77154],[0.198148,0.955556],[0.068104,0.662528],[0.188283,0.606724],[0.090525,0.6992],[0.866312,0.603535],[0.155099,0.71355],[0.684387,0.464528],[0.616983,0.475981],[0.119225,0.479169],[0.568552,0.71355],[0.94882,0.627451],[0.763171,0.638611],[0.64927,0.531786],[0.491422,0.576429],[0.142543,0.562079],[0.929984,0.378721],[0.474382,0.225657],[0.499494,0.41061],[0.509359,0.525408],[0.689628,0.667311],[0.580211,0.576429],[0.606462,0.475415],[0.525502,0.281461],[0.618777,0.383504],[0.442991,0.621074],[0.465413,0.310161],[0.365862,0.487142],[0.521916,0.691228],[0.301288,0.329294],[0.671691,0.539758],[0.393664,0.6992],[0.790973,0.694417],[0.767655,0.389882],[0.025,0.195362],[0.872586,0.680067],[0.150615,0.3564],[0.140749,0.643394],[0.871688,0.436121],[0.062722,0.351617],[0.08335,0.565268],[0.037913,0.292538]]"
eb1bc2ea64f43dbfd0b39250,frames/eb1bc2ea64f43dbfd0b39250.png,"[[0.962273,0.413799],[0.866312,0.60194],[0.348821,0.660933],[0.132677,0.378721],[0.580211,0.611507],[0.701288,0.732682],[0.868102,0.568457],[0.356893,0.603535],[0.867203,0.270301],[0.883352,0.646583],[0.60622,0.750221],[0.670795,0.762976],[0.292319,0.606724],[0.975,0.646583],[0.416983,0.624262],[0.309359,0.606724],[0.279762,0.488736],[0.634023,0.614696],[0.514741,0.499897],[0.397252,0.208118],[0.59187,0.373938],[0.393664,0.468008],[0.82057,0.60194],[0.30464,0.42595],[0.615189,0.550918],[0.676175,0.533381],[0.645682,0.853858],[0.250166,0.6992],[0.747924,0.6705],[0.256445,0.566862],[0.741646,0.442499],[0.259135,0.372343],[0.740749,0.501492],[0.340749,0.747032],[0.221467,0.523814],[0.107566,0.314944],[0.112947,0.475981],[0.957789,0.762976],[0.975,0.742249],[0.025,0.43931]]"
eb28a5f5edc2c835215a46ca,frames/eb28a5f5edc2c835215a46ca.png,"[[0.025,0.750221],[0.223261,0.614696],[0.253754,0.688039],[0.599942,0.091726],[0.26362,0.81081],[0.485144,0.888936],[0.586489,0.044444],[0.633126,0.192174],[0.72909,0.668906],[0.561421,0.228242],[0.836289,0.236278],[0.77214,0.447282],[0.782036,0.098042],[0.650029,0.397018],[0.462723,0.343644],[0.644785,0.461631],[0.597588,0.257174],[0.277072,0.102887],[0.538059,0.480764],[0.43492,0.380315],[0.495445,0.826035],[0.565588,0.455131],[0.371344,0.955556],[0.658214,0.784468],[0.40192,0.35601],[0.415409,0.637385],[0.58807,0.394379],[0.710256,0.951118],[0.060032,0.825158],[0.522812,0.3277],[0.489628,0.520625],[0.467207,0.933579],[0.454651,0.955556]]"
eb31d2cf3dba68eafcd1aace,frames/eb31d2cf3dba68eafcd1aace.png,"[[0.448441,0.612187],[0.498055,0.817994],[0.649104,0.569065],[0.534439,0.343657],[0.543259,0.543584],[0.606682,0.43777],[0.696104,0.527331],[0.610464,0.106396],[0.717516,0.417619],[0.767891,0.448966]]"
eb4a05b1bfeaae91f712ac7a,frames/eb4a05b1bfeaae91f712ac7a.png,"[[0.697949,0.459706],[0.509884,0.470958],[0.543338,0.597942],[0.690716,0.617231],[0.826344,0.459706],[0.733212,0.540075],[0.33178,0.740654],[0.064166,0.465061],[0.755816,0.675097],[0.144337,0.865019],[0.930883,0.501492],[0.416086,0.609912],[0.904875,0.955556],[0.554202,0.755004],[0.467207,0.386693],[0.869,0.613101],[0.947922,0.836319],[0.555099,0.531786],[0.607117,0.633829],[0.291982,0.332722],[0.2977,0.727899],[0.73178,0.578024],[0.780211,0.73906],[0.30012,0.662237],[0.271691,0.464819],[0.231332,0.565268],[0.908461,0.702389],[0.059135,0.334078],[0.254651,0.391476],[0.184695,0.488736],[0.190973,0.416988],[0.111153,0.498303],[0.048373,0.466414],[0.04927,0.432932],[0.947922,0.306972]]"
eb5b865b2de66a3add2ef27c,frames/eb5b865b2de66a3add2ef27c.png,"[[0.635816,0.533381],[0.596355,0.442499],[0.184695,0.361183],[0.363171,0.633829],[0.750615,0.565268],[0.705772,0.688039],[0.535368,0.57324],[0.65196,0.43931],[0.162274,0.955556],[0.481556,0.649772],[0.452857,0.365967],[0.472588,0.466414],[0.06631,0.882558],[0.380211,0.271896],[0.626848,0.275085],[0.303978,0.939957],[0.192767,0.627451],[0.538955,0.370749],[0.342615,0.450061]]"
eb71f31ed4d955b02bc08a97,frames/eb71f31ed4d955b02bc08a97.png,"[[0.057805,0.647771],[0.451198,0.523242],[0.282036,0.352011],[0.35889,0.39541],[0.488184,0.634912],[0.025,0.597942],[0.583121,0.433988],[0.51983,0.593119],[0.384695,0.472792],[0.182579,0.46935],[0.580409,0.634912],[0.128193,0.632235],[0.142543,0.807621],[0.755996,0.458442],[0.611602,0.694417],[0.784695,0.536569],[0.830438,0.445687],[0.844422,0.63009],[0.898672,0.524001],[0.814289,0.590779],[0.566846,0.679919],[0.82182,0.763503],[0.618777,0.61629],[0.646579,0.397854],[0.870797,0.600346],[0.967656,0.6992],[0.738059,0.487142],[0.278866,0.611507],[0.169449,0.391476],[0.188283,0.625857],[0.822367,0.705578],[0.928195,0.729493],[0.142795,0.483817],[0.0977,0.42496],[0.025951,0.498303]]"
eb8284f5deb3ef6383a33122,frames/eb8284f5deb3ef6383a33122.png,"[[0.366759,0.743843],[0.442991,0.340456],[0.730884,0.676878],[0.744966,0.427558],[0.782941,0.229849],[0.769449,0.464819],[0.776611,0.044444],[0.560517,0.05625],[0.873484,0.080565],[0.22057,0.155503],[0.633034,0.624596],[0.385592,0.55889],[0.353305,0.405826],[0.204427,0.632235],[0.164965,0.614696],[0.276175,0.351617],[0.463772,0.832621],[0.574984,0.331114],[0.837188,0.731356],[0.351656,0.673489],[0.574984,0.331114],[0.575888,0.376121],[0.446593,0.601157],[0.451063,0.383504],[0.450166,0.941551],[0.860031,0.955556],[0.455548,0.305378],[0.539852,0.609912],[0.39187,0.289433],[0.416983,0.790082],[0.555996,0.044444],[0.48335,0.590779],[0.41788,0.386693],[0.381108,0.721522],[0.519225,0.578024],[0.321019,0.790082],[0.337162,0.72471],[0.542543,0.813997],[0.248582,0.789222],[0.453827,0.305396]]"
eb87f27b4f4034c87e22c556,frames/eb87f27b4f4034c87e22c556.png,"[[0.209808,0.488736],[0.08335,0.955556],[0.294112,0.654556],[0.235816,0.444093],[0.19187,0.955556],[0.609808,0.169852],[0.40353,0.193768],[0.715637,0.882558],[0.710256,0.085348],[0.767655,0.490331],[0.74344,0.133181],[0.523709,0.514247],[0.798148,0.262329],[0.193664,0.855453],[0.453754,0.603535],[0.148821,0.732682],[0.975,0.780515],[0.213395,0.823564],[0.654651,0.094915],[0.227745,0.126803],[0.551512,0.074187],[0.300391,0.743843],[0.895906,0.13637],[0.460929,0.491925],[0.511153,0.044444],[0.739852,0.240007]]"
ebc6977a286a62be65ba22e7,frames/ebc6977a286a62be65ba22e7.png,"[[0.451063,0.609912],[0.438507,0.490331],[0.808016,0.955556],[0.336265,0.673689],[0.84568,0.260735],[0.847477,0.155503],[0.766759,0.236818],[0.446579,0.372343],[0.62057,0.188986],[0.619673,0.044444],[0.155996,0.064621],[0.052857,0.94474]]"
ebc89be6ddba476c3cf4f587,frames/ebc89be6ddba476c3cf4f587.png,"[[0.025,0.351617],[0.025,0.721522],[0.117431,0.509464],[0.35779,0.809215],[0.282453,0.933579],[0.530884,0.799649],[0.442991,0.334078],[0.614292,0.394665],[0.578417,0.65615],[0.519225,0.667311],[0.582005,0.316539],[0.630435,0.188986],[0.53178,0.6992],[0.602633,0.063026],[0.712947,0.412204],[0.729987,0.676878],[0.554188,0.225026],[0.82182,0.2411],[0.77214,0.450471],[0.846234,0.159123],[0.415189,0.955556],[0.040626,0.940317],[0.555092,0.385765],[0.544242,0.424343],[0.273485,0.648178],[0.41766,0.443632],[0.460155,0.488639],[0.603917,0.713674],[0.621096,0.244315],[0.511693,0.541683],[0.396864,0.675097],[0.078866,0.866614],[0.625055,0.783704],[0.542543,0.536569],[0.438507,0.466414],[0.526399,0.955556],[0.532488,0.343974],[0.480952,0.353618]]"
ebd2214e533c7df8286e27fb,frames/ebd2214e533c7df8286e27fb.png,"[[0.027745,0.3564],[0.032229,0.721522],[0.176623,0.490331],[0.345234,0.743843],[0.279762,0.874586],[0.394561,0.955556],[0.4977,0.750221],[0.445682,0.303783],[0.37483,0.798054],[0.60622,0.383504],[0.54344,0.598751],[0.539852,0.65615],[0.566759,0.332483],[0.66631,0.240007],[0.537162,0.409015],[0.57752,0.681661],[0.608911,0.064621],[0.717431,0.45366],[0.729987,0.676878],[0.546955,0.215382],[0.812781,0.247531],[0.769449,0.447282],[0.848039,0.159123],[0.41788,0.71355],[0.037009,0.937101],[0.548763,0.388981],[0.486376,0.569008],[0.295009,0.702389],[0.423085,0.384158],[0.468293,0.594726],[0.572271,0.605979],[0.626521,0.236278],[0.540626,0.480601],[0.427605,0.753858],[0.025,0.882558],[0.602633,0.879369],[0.511153,0.444093]]"
ebfbabf5e7fee5f89e67e0ab,frames/ebfbabf5e7fee5f89e67e0ab.png,"[[0.553786,0.858706],[0.652026,0.753471],[0.367389,0.164611],[0.38754,0.742277],[0.591568,0.18924],[0.714995,0.272083],[0.722552,0.466878],[0.474442,0.126548],[0.359832,0.50718],[0.688547,0.787056]]"
ebfbfce4d626fc54ade4660f,frames/ebfbfce4d626fc54ade4660f.png,"[[0.128193,0.469603],[0.198148,0.303783],[0.64927,0.086943],[0.402633,0.955556],[0.476175,0.405826],[0.677072,0.383504],[0.755996,0.464819],[0.21788,0.177824],[0.924609,0.350022],[0.795458,0.165069],[0.753305,0.275085],[0.60353,0.181013],[0.960477,0.401043],[0.699494,0.721522],[0.328193,0.428149],[0.872586,0.192174],[0.848375,0.657744],[0.119225,0.772543]]"
ec1ec2b4bebea14bb1a10ad1,frames/ec1ec2b4bebea14bb1a10ad1.png,"[[0.539933,0.139981],[0.572677,0.493746],[0.469404,0.175806],[0.401394,0.209391],[0.359832,0.258649],[0.572677,0.25641],[0.555047,0.195957],[0.556307,0.397469],[0.526079,0.858706],[0.489555,0.260888]]"
ec454c90c7210a16b3f59969,frames/ec454c90c7210a16b3f59969.png,"[[0.581108,0.57324],[0.573934,0.512653],[0.182005,0.361183],[0.465413,0.735871],[0.708462,0.609912],[0.590973,0.044444],[0.814289,0.547729],[0.535368,0.512653],[0.625951,0.445687],[0.321916,0.855453],[0.491422,0.578024],[0.457341,0.372343],[0.402633,0.41061],[0.058238,0.871397],[0.419673,0.314944],[0.621467,0.276679],[0.341646,0.904879],[0.325502,0.409015],[0.555099,0.287839]]"
ec470f9dcaba973e720fa7e9,frames/ec470f9dcaba973e720fa7e9.png,"[[0.585271,0.641521],[0.480739,0.3706],[0.494593,0.480312],[0.573938,0.272083],[0.670917,0.706453],[0.299379,0.751232],[0.589052,0.93931],[0.492074,0.903485],[0.373686,0.693019],[0.663359,0.634804]]"
ec5471688265dc9c8949e805,frames/ec5471688265dc9c8949e805.png,"[[0.742703,0.641521],[0.481998,0.372839],[0.489555,0.478073],[0.61676,0.198196],[0.74774,0.578829],[0.343459,0.399707],[0.362351,0.269844],[0.605422,0.84751],[0.281746,0.3706],[0.667135,0.592263]]"
ecc7bc75107f2b5fd56c6db8,frames/ecc7bc75107f2b5fd56c6db8.png,"[[0.585271,0.641521],[0.480739,0.377318],[0.497112,0.480312],[0.576458,0.276561],[0.66462,0.726604],[0.309454,0.737798],[0.600385,0.822881],[0.528598,0.876618],[0.343459,0.813925],[0.66462,0.64376]]"
edeb9611312b86069e92bbbd,frames/edeb9611312b86069e92bbbd.png,"[[0.495853,0.851988],[0.68099,0.798252],[0.356054,0.292234],[0.338422,0.596741],[0.609203,0.187001],[0.717516,0.265367],[0.720031,0.466878],[0.571417,0.099679],[0.311973,0.498224],[0.584016,0.838555]]"
ee19d22703eccbe3b34a4300,frames/ee19d22703eccbe3b34a4300.png,"[[0.322049,0.287756],[0.673432,0.657194],[0.463107,0.229543],[0.503409,0.191479],[0.436658,0.431054],[0.674693,0.578829],[0.679729,0.417619],[0.573938,0.431054],[0.345978,0.762428],[0.648245,0.352688]]"
ee2c743cceb5f46d71b61854,frames/ee2c743cceb5f46d71b61854.png,"[[0.423261,0.617885],[0.329987,0.904879],[0.397252,0.933579],[0.635816,0.163475],[0.503081,0.606724],[0.304875,0.908068],[0.182005,0.3564],[0.596355,0.705578],[0.717431,0.10767],[0.396355,0.740654],[0.554202,0.570051],[0.485144,0.3277],[0.510256,0.509464],[0.498597,0.372343],[0.593664,0.225657],[0.554202,0.45366],[0.416983,0.565268],[0.382902,0.332483],[0.461826,0.431338],[0.941648,0.192174]]"
ee428ea9c93bd5af29e8d08e,frames/ee428ea9c93bd5af29e8d08e.png,"[[0.242095,0.829942],[0.671691,0.790082],[0.502184,0.383504],[0.315638,0.874586],[0.623261,0.397854],[0.455548,0.487142],[0.304875,0.799649],[0.455548,0.579618],[0.361377,0.688039],[0.180211,0.361183],[0.547924,0.370749],[0.529987,0.557296],[0.358687,0.683256],[0.657341,0.306972],[0.458238,0.372343],[0.548331,0.281618]]"
ee4d1cc98fe2c4e8e77f60e3,frames/ee4d1cc98fe2c4e8e77f60e3.png,"[[0.675953,0.693019],[0.47822,0.372839],[0.493333,0.473594],[0.420285,0.339254],[0.74774,0.585545],[0.301898,0.480312],[0.3422,0.238498],[0.606682,0.851988],[0.374945,0.164611],[0.662099,0.592263]]"
ee801fd4c2ab717bca6eb4df,frames/ee801fd4c2ab717bca6eb4df.png,"[[0.268104,0.632235],[0.54344,0.283056],[0.434023,0.195362],[0.728193,0.676878],[0.744966,0.424343],[0.854367,0.265211],[0.765862,0.45366],[0.775707,0.044998],[0.512597,0.157516],[0.762274,0.059837],[0.384695,0.13637],[0.455548,0.890531],[0.617747,0.450335],[0.302184,0.405826],[0.411602,0.314944],[0.366759,0.952712],[0.261826,0.491925],[0.274382,0.727899],[0.287834,0.557296],[0.352409,0.409015],[0.471005,0.43881],[0.440264,0.458099],[0.574984,0.43881],[0.471005,0.757074],[0.570463,0.393803],[0.399577,0.464528],[0.386919,0.353618],[0.53068,0.488639],[0.522542,0.332722],[0.531584,0.419521],[0.92218,0.80851],[0.40681,0.416307],[0.59578,0.718496],[0.445689,0.382551],[0.48728,0.464528],[0.057805,0.954783],[0.64822,0.948354],[0.554188,0.400232],[0.572271,0.35844],[0.523447,0.326292]]"
ee89f81789115351272233be,frames/ee89f81789115351272233be.png,"[[0.662099,0.200435],[0.481998,0.377318],[0.497112,0.480312],[0.581495,0.272083],[0.63313,0.75795],[0.411469,0.778101],[0.720031,0.442248],[0.502149,0.722125],[0.437918,0.878856],[0.652026,0.706453]]"
eea68d0534fc338f94b76cc4,frames/eea68d0534fc338f94b76cc4.png,"[[0.332124,0.567633],[0.36487,0.69078],[0.502149,0.209391],[0.736406,0.218347],[0.612979,0.518375],[0.638172,0.236259],[0.56512,0.043519],[0.557568,0.220586],[0.638172,0.442248],[0.368648,0.187001]]"
eeec925f74add434a335b1f6,frames/eeec925f74add434a335b1f6.png,"[[0.407691,0.408663],[0.621797,0.793774],[0.310714,0.34821],[0.605422,0.874379],[0.600385,0.195957],[0.670917,0.169089],[0.727589,0.473594],[0.507188,0.260888],[0.408951,0.554199],[0.693583,0.726604]]"
eef4de3c1e7a4b946927705b,frames/eef4de3c1e7a4b946927705b.png,"[[0.334643,0.634804],[0.32079,0.742277],[0.461847,0.267606],[0.507315,0.221411],[0.516004,0.55196],[0.669656,0.581068],[0.675953,0.422097],[0.592828,0.289995],[0.561344,0.493746],[0.692328,0.531809]]"
ef381377d03f1d9f394fe4b2,frames/ef381377d03f1d9f394fe4b2.png,"[[0.77752,0.622668],[0.877969,0.73906],[0.609808,0.461631],[0.511153,0.955556],[0.293216,0.232035],[0.081557,0.791676],[0.492319,0.654556],[0.558687,0.428149],[0.679762,0.79646],[0.388283,0.533381],[0.514741,0.094915]]"
ef394ff3747576204229321a,frames/ef394ff3747576204229321a.png,"[[0.305676,0.426576],[0.697365,0.791535],[0.343459,0.316864],[0.507188,0.296713],[0.725073,0.513897],[0.722552,0.155655],[0.762854,0.276561],[0.512225,0.16685],[0.629354,0.813925],[0.487036,0.807208]]"
ef3e6184060db5f2d124bb00,frames/ef3e6184060db5f2d124bb00.png,"[[0.96407,0.416988],[0.866312,0.60194],[0.968555,0.196957],[0.381108,0.651367],[0.138955,0.420176],[0.568552,0.611507],[0.653754,0.732682],[0.833125,0.579618],[0.970344,0.702389],[0.354202,0.609912],[0.046579,0.576429],[0.864516,0.278274],[0.841195,0.640206],[0.026848,0.337267],[0.580211,0.790082],[0.975,0.310161],[0.641198,0.702389],[0.308462,0.566862],[0.947031,0.659339],[0.477969,0.68485],[0.338059,0.565268],[0.228641,0.539758],[0.648373,0.657744],[0.522812,0.483953],[0.397252,0.206524],[0.629538,0.416988],[0.350615,0.43931],[0.741646,0.598751],[0.264857,0.409876],[0.636713,0.506275],[0.725502,0.495114],[0.661826,0.869803],[0.21788,0.662528],[0.782902,0.705578],[0.216086,0.565268],[0.771243,0.394665],[0.225951,0.362778],[0.825055,0.503086],[0.315638,0.794865],[0.173934,0.509464],[0.094113,0.372343],[0.025,0.503086],[0.975,0.762976]]"
ef7c0750ceed21418ef8bb4c,frames/ef7c0750ceed21418ef8bb4c.png,"[[0.025,0.694417],[0.313844,0.58759],[0.631332,0.383504],[0.62057,0.086943],[0.728193,0.676878],[0.685291,0.326292],[0.829953,0.270033],[0.766759,0.450471],[0.754007,0.061072],[0.650933,0.339151],[0.726399,0.110859],[0.565038,0.258782],[0.201736,0.203335],[0.318328,0.829942],[0.386489,0.939957],[0.669905,0.573436],[0.584473,0.766882],[0.650121,0.421558],[0.351512,0.614696],[0.455548,0.688039],[0.471691,0.79646],[0.486041,0.955556],[0.60622,0.820375],[0.365862,0.539758],[0.435816,0.316539],[0.435816,0.416988],[0.597252,0.442499],[0.482453,0.536569],[0.43492,0.646583],[0.427745,0.377126],[0.408911,0.456847],[0.588283,0.71355],[0.45196,0.882558],[0.433126,0.802838],[0.480659,0.882558],[0.092319,0.955556],[0.481556,0.321322],[0.472588,0.420176]]"
ef802ba51717dedc5b4fbda1,frames/ef802ba51717dedc5b4fbda1.png,"[[0.468104,0.501492],[0.321019,0.673689],[0.906672,0.362778],[0.786489,0.149125],[0.756893,0.23044],[0.394561,0.28465],[0.547027,0.131586],[0.615189,0.044444],[0.161377,0.094915],[0.079763,0.871397],[0.085144,0.238413],[0.219673,0.181013],[0.286041,0.592374]]"
ef92f2725ae7b3c3a8bcc9bb,frames/ef92f2725ae7b3c3a8bcc9bb.png,"[[0.230435,0.6992],[0.538059,0.345239],[0.443888,0.125209],[0.72909,0.676878],[0.736828,0.424343],[0.855273,0.273249],[0.764965,0.45366],[0.770282,0.04982],[0.565038,0.213775],[0.755996,0.086943],[0.367655,0.091726],[0.378417,0.842697],[0.644725,0.461526],[0.345234,0.531786],[0.443888,0.316539],[0.526399,0.270301],[0.454651,0.772543],[0.264516,0.517436],[0.493216,0.287839],[0.356893,0.72471],[0.464516,0.732682],[0.291422,0.533381],[0.485144,0.423365],[0.394561,0.405826],[0.50898,0.456492],[0.45473,0.588297],[0.416756,0.641342],[0.58945,0.737785],[0.444785,0.422736],[0.601205,0.601157],[0.348944,0.638126],[0.455634,0.393803],[0.497226,0.766718],[0.505363,0.343974],[0.522542,0.800474],[0.970102,0.821369]]"
efac1ecaa8f143678fe71d0b,frames/efac1ecaa8f143678fe71d0b.png,"[[0.267893,0.471356],[0.56638,0.811686],[0.447993,0.247455],[0.516004,0.225064],[0.502149,0.549721],[0.672177,0.581068],[0.649505,0.493746],[0.575198,0.417619],[0.529857,0.630326],[0.687286,0.478073]]"
efb54dbcdd39b75724a82abc,frames/efb54dbcdd39b75724a82abc.png,"[[0.137162,0.780515],[0.511153,0.397854],[0.338955,0.557296],[0.473485,0.43931],[0.258238,0.955556],[0.613395,0.412204],[0.435816,0.409015],[0.300391,0.786893],[0.446579,0.841103],[0.385592,0.373938],[0.121019,0.432932],[0.599942,0.332483],[0.53178,0.350022],[0.384695,0.372343]]"
efcb5baf11f56a1b8de18574,frames/efcb5baf11f56a1b8de18574.png,"[[0.14344,0.405826],[0.171243,0.667311],[0.32909,0.399449],[0.576623,0.472792],[0.23761,0.755004],[0.52909,0.442499],[0.140749,0.955556],[0.623261,0.409015],[0.457341,0.351617],[0.302184,0.727899],[0.192767,0.740654],[0.431332,0.922418],[0.402633,0.321322],[0.528193,0.044444],[0.025,0.590779],[0.529987,0.299]]"
efcfb04559616bc8f4fbd9a5,frames/efcfb04559616bc8f4fbd9a5.png,"[[0.742703,0.639281],[0.481998,0.372839],[0.489555,0.471356],[0.620536,0.135504],[0.749,0.583306],[0.337162,0.408663],[0.372427,0.251932],[0.602906,0.843032],[0.277968,0.399707],[0.665875,0.592263]]"
f0401d5f3b97c6f9ed8267cc,frames/f0401d5f3b97c6f9ed8267cc.png,"[[0.534895,0.144459],[0.531117,0.585545],[0.475701,0.218347],[0.41021,0.18924],[0.36361,0.236259],[0.591568,0.265367],[0.567641,0.180284],[0.552526,0.401946],[0.533636,0.854227],[0.52482,0.236259]]"
f04baae3ae72a5821d4cf99a,frames/f04baae3ae72a5821d4cf99a.png,"[[0.329606,0.560917],[0.344719,0.68854],[0.50089,0.169089],[0.735146,0.216108],[0.602906,0.527331],[0.607943,0.245215],[0.52356,0.045943],[0.553786,0.236259],[0.636911,0.446727],[0.408951,0.16685]]"
f05e22f999579c2dd3099c43,frames/f05e22f999579c2dd3099c43.png,"[[0.648245,0.377318],[0.611724,0.305669],[0.447993,0.18924],[0.340941,0.240737],[0.358573,0.287756],[0.544971,0.218347],[0.504668,0.175806],[0.557568,0.397469],[0.536155,0.87214],[0.406432,0.278801]]"
f06b4fcf1ce42c8a7072ac34,frames/f06b4fcf1ce42c8a7072ac34.png,"[[0.582755,0.628087],[0.481998,0.372839],[0.497112,0.478073],[0.576458,0.28104],[0.679729,0.672867],[0.36487,0.843032],[0.527339,0.956481],[0.507188,0.883334],[0.305676,0.603457],[0.673432,0.616892]]"
f0a546bcf54745f27a81ff23,frames/f0a546bcf54745f27a81ff23.png,"[[0.328346,0.442248],[0.488296,0.831837],[0.332124,0.567633],[0.643208,0.811686],[0.50089,0.070572],[0.630615,0.151177],[0.78049,0.587784],[0.657062,0.596741],[0.68099,0.742277],[0.74774,0.478073]]"
f0aab0607d5e40f4efeff175,frames/f0aab0607d5e40f4efeff175.png,"[[0.033126,0.732682],[0.250166,0.648178],[0.388283,0.727899],[0.615189,0.144342],[0.321916,0.847481],[0.253754,0.928796],[0.633126,0.173041],[0.728193,0.676878],[0.591259,0.215382],[0.852562,0.242708],[0.77214,0.447282],[0.774803,0.094828],[0.641891,0.411485],[0.616983,0.442499],[0.604821,0.263604],[0.225951,0.131586],[0.426848,0.539758],[0.46631,0.41061],[0.397423,0.850015],[0.535912,0.354411],[0.661812,0.654971],[0.292207,0.638983],[0.624941,0.311246],[0.718328,0.955556],[0.110256,0.794865],[0.504875,0.311756],[0.508463,0.721522],[0.473485,0.764571],[0.431332,0.732682],[0.616983,0.813997],[0.473485,0.807621],[0.555996,0.455254],[0.581108,0.365967],[0.428641,0.892125]]"
f0e3310d58057067a8e05ab3,frames/f0e3310d58057067a8e05ab3.png,"[[0.492543,0.42402],[0.429698,0.71803],[0.544362,0.649428],[0.548771,0.42402],[0.557594,0.817994],[0.631875,0.442248],[0.698625,0.527331],[0.474442,0.146699],[0.713734,0.417619],[0.751521,0.442248]]"
f0f4e2774ba5ff5aa2a630a6,frames/f0f4e2774ba5ff5aa2a630a6.png,"[[0.651063,0.547729],[0.856445,0.716739],[0.457341,0.76776],[0.747924,0.539758],[0.533574,0.676878],[0.474382,0.305378],[0.308462,0.483953],[0.472588,0.43931],[0.458238,0.680067],[0.792767,0.305378],[0.242991,0.525408],[0.821469,0.58759],[0.060929,0.790082]]"
f0ff090c2d30f303e5aa16ed,frames/f0ff090c2d30f303e5aa16ed.png,"[[0.43288,0.717647],[0.736406,0.681823],[0.354794,0.289995],[0.398875,0.612414],[0.619276,0.128786],[0.721292,0.260888],[0.722552,0.478073],[0.54875,0.110874],[0.422805,0.538526],[0.591568,0.827359]]"
f0ff11070aa698203e1054a6,frames/f0ff11070aa698203e1054a6.png,"[[0.694333,0.462921],[0.484568,0.49989],[0.529776,0.548112],[0.663591,0.634912],[0.782036,0.480601],[0.706087,0.548112],[0.329987,0.702389],[0.062708,0.479314],[0.721458,0.668667],[0.145234,0.863425],[0.895008,0.523814],[0.43492,0.617885],[0.900391,0.955556],[0.581108,0.761382],[0.490525,0.394665],[0.871688,0.600346],[0.930883,0.829942],[0.564068,0.555701],[0.570346,0.629046],[0.296503,0.335936],[0.284247,0.718333],[0.739852,0.565268],[0.799045,0.740654],[0.282036,0.639733],[0.258238,0.475981],[0.223261,0.584401],[0.93268,0.751815],[0.060929,0.3277],[0.216983,0.378721],[0.145234,0.503086],[0.144337,0.420176],[0.085144,0.512653],[0.032229,0.475981],[0.026848,0.434526],[0.972141,0.3277]]"
f125c2317416435c60a6391c,frames/f125c2317416435c60a6391c.png,"[[0.634391,0.693019],[0.481998,0.377318],[0.494593,0.473594],[0.575198,0.260888],[0.668396,0.637043],[0.388799,0.87214],[0.474442,0.782579],[0.602906,0.854227],[0.304417,0.603457],[0.662099,0.592263]]"
f160b14cfb54c3793d9afd23,frames/f160b14cfb54c3793d9afd23.png,"[[0.899578,0.409876],[0.63285,0.49989],[0.629234,0.649378],[0.839906,0.615624],[0.975,0.442499],[0.952016,0.588297],[0.208014,0.852264],[0.916758,0.707244],[0.078866,0.688039],[0.274382,0.654556],[0.950617,0.831536],[0.416983,0.747032],[0.371243,0.495114],[0.869898,0.60194],[0.456445,0.566862],[0.813398,0.57324],[0.408619,0.376121],[0.347924,0.769354],[0.569449,0.350022],[0.711153,0.6992],[0.45473,0.655808],[0.421467,0.554107],[0.345234,0.450471],[0.748821,0.740654],[0.053754,0.332483],[0.464516,0.487142],[0.309359,0.373938],[0.299494,0.300594],[0.253754,0.365967],[0.167655,0.562079],[0.180211,0.45366],[0.880656,0.25914],[0.898594,0.498303],[0.918328,0.633829],[0.120122,0.391476],[0.060032,0.595562],[0.933578,0.365967],[0.046579,0.428149],[0.025,0.479169]]"
f17c4eb30fe5478f4aa08b20,frames/f17c4eb30fe5478f4aa08b20.png,"[[0.281746,0.422097],[0.663359,0.654955],[0.461847,0.218347],[0.512225,0.220586],[0.47822,0.478073],[0.675953,0.581068],[0.655802,0.482551],[0.573938,0.426576],[0.437918,0.64376],[0.670917,0.426576]]"
f19445b5e5056bd6489101cc,frames/f19445b5e5056bd6489101cc.png,"[[0.311973,0.386273],[0.480739,0.3706],[0.497112,0.493746],[0.581495,0.247455],[0.63313,0.807208],[0.47948,0.762428],[0.725073,0.428815],[0.568901,0.482551],[0.618021,0.943788],[0.645724,0.762428]]"
f19b683a528df019c52c19cb,frames/f19b683a528df019c52c19cb.png,"[[0.233126,0.332483],[0.267207,0.394665],[0.169449,0.662528],[0.054651,0.691228],[0.770346,0.589185],[0.517431,0.702389],[0.622364,0.570051],[0.201736,0.801243],[0.662723,0.904879],[0.680659,0.316539],[0.642991,0.469603],[0.26362,0.295811],[0.057341,0.605129],[0.567655,0.528597],[0.221467,0.300594]]"
f1bdd8bb7af4ffe8173b17f6,frames/f1bdd8bb7af4ffe8173b17f6.png,"[[0.328346,0.43777],[0.468145,0.811686],[0.334643,0.567633],[0.590312,0.834076],[0.494593,0.139981],[0.604167,0.175806],[0.772932,0.630326],[0.660839,0.594502],[0.697365,0.601219],[0.754036,0.431054]]"
f1c4502c2f24a03ea4f159be,frames/f1c4502c2f24a03ea4f159be.png,"[[0.447339,0.610227],[0.496953,0.833674],[0.699818,0.817994],[0.470492,0.404419],[0.591771,0.549465],[0.596609,0.269844],[0.69988,0.587784],[0.68225,0.106396],[0.716255,0.408663],[0.762854,0.440009]]"
f1cdab06b118653bbdf2b2a8,frames/f1cdab06b118653bbdf2b2a8.png,"[[0.307566,0.654556],[0.342543,0.853858],[0.481556,0.874586],[0.647476,0.354806],[0.469898,0.57324],[0.309359,0.893719],[0.381108,0.383504],[0.519225,0.705578],[0.182902,0.361183],[0.563171,0.654556],[0.817883,0.345239],[0.519225,0.702389],[0.578417,0.509464],[0.4977,0.442499],[0.538059,0.303783],[0.431332,0.378721],[0.564068,0.310161],[0.547027,0.187392],[0.641198,0.755004],[0.331765,0.384158],[0.440301,0.321322]]"
f21058883c05f9a12719c75b,frames/f21058883c05f9a12719c75b.png,"[[0.742703,0.632565],[0.480739,0.368361],[0.489555,0.471356],[0.73137,0.457921],[0.746484,0.585545],[0.351016,0.43777],[0.703661,0.207152],[0.606682,0.84751],[0.301898,0.766906],[0.662099,0.607936]]"
f22cd1b2a66ddb8d0144fa4c,frames/f22cd1b2a66ddb8d0144fa4c.png,"[[0.585271,0.64376],[0.47948,0.3706],[0.497112,0.482551],[0.575198,0.276561],[0.672177,0.717647],[0.303157,0.731081],[0.609203,0.923637],[0.514744,0.883334],[0.369908,0.787056],[0.66462,0.64376]]"
f239b213a011b96f48ddc9d3,frames/f239b213a011b96f48ddc9d3.png,"[[0.522301,0.144459],[0.561344,0.650477],[0.465626,0.191479],[0.42795,0.186922],[0.383761,0.231781],[0.631875,0.289995],[0.585271,0.195957],[0.553786,0.408663],[0.536155,0.858706],[0.543711,0.207152]]"
f24195fb22c934bdba5a9dd6,frames/f24195fb22c934bdba5a9dd6.png,"[[0.027745,0.721522],[0.124606,0.598751],[0.320122,0.936768],[0.442991,0.522219],[0.609808,0.329294],[0.63492,0.908068],[0.509359,0.635422],[0.58918,0.295811],[0.526399,0.240007],[0.364965,0.520625],[0.585592,0.059837],[0.691422,0.287839],[0.728193,0.676878],[0.556901,0.231456],[0.820008,0.231456],[0.773037,0.45366],[0.820914,0.154301],[0.585834,0.361656],[0.553284,0.390588],[0.290525,0.613101],[0.334477,0.721711],[0.565038,0.593119],[0.425798,0.720104],[0.54613,0.605129],[0.37752,0.702389],[0.592767,0.721522],[0.561421,0.281285],[0.435743,0.335936],[0.538955,0.665717],[0.457341,0.428149],[0.435816,0.337267],[0.032229,0.337267],[0.512947,0.3277],[0.538955,0.442499]]"
f2422a14f16ac9b806bee93a,frames/f2422a14f16ac9b806bee93a.png,"[[0.199045,0.321322],[0.214292,0.41061],[0.171243,0.665717],[0.195458,0.892125],[0.168552,0.472792],[0.857344,0.890531],[0.419673,0.611507],[0.514741,0.866614],[0.487834,0.332483],[0.516534,0.420176],[0.579314,0.852264],[0.488731,0.383504],[0.695009,0.271896],[0.767655,0.57324],[0.088731,0.359589],[0.938062,0.147531]]"
f24f7ba548be47f8102f7da0,frames/f24f7ba548be47f8102f7da0.png,"[[0.371243,0.740654],[0.426848,0.283056],[0.728193,0.681661],[0.748582,0.419521],[0.810969,0.239493],[0.768552,0.455254],[0.777516,0.053035],[0.573176,0.067502],[0.829539,0.083754],[0.313844,0.227251],[0.583574,0.466322],[0.380211,0.372343],[0.381108,0.322917],[0.210705,0.444093],[0.122812,0.61629],[0.348821,0.946335],[0.28927,0.475779],[0.388727,0.678311],[0.631041,0.371299],[0.874258,0.723318],[0.282036,0.741],[0.347136,0.445239],[0.567751,0.506321],[0.583121,0.43881],[0.579505,0.413092],[0.630138,0.364869],[0.581312,0.385765],[0.390535,0.774756],[0.469898,0.589185],[0.447476,0.638611],[0.394561,0.598751],[0.86093,0.955556],[0.442095,0.554107],[0.474382,0.554107],[0.476175,0.3277],[0.544337,0.528597],[0.416983,0.36756],[0.446579,0.432932],[0.57483,0.044444]]"
f2927acf305f6c93473310d6,frames/f2927acf305f6c93473310d6.png,"[[0.616086,0.480764],[0.857344,0.727899],[0.4977,0.777326],[0.78918,0.480764],[0.51205,0.57324],[0.512947,0.359589],[0.332677,0.495114],[0.472588,0.434526],[0.704875,0.137964],[0.456445,0.667311],[0.793664,0.354806],[0.243888,0.409015],[0.833125,0.576429],[0.051063,0.758193]]"
f29bdb795d235e24a6d45810,frames/f29bdb795d235e24a6d45810.png,"[[0.025,0.431338],[0.13178,0.694417],[0.518328,0.412204],[0.247476,0.539758],[0.469898,0.432932],[0.229538,0.955556],[0.616086,0.412204],[0.426848,0.397854],[0.309359,0.756599],[0.432229,0.892125],[0.39187,0.370749],[0.091422,0.455254],[0.600839,0.318133],[0.525502,0.321322],[0.390077,0.362778]]"
f2ec6daf91cf29584f139160,frames/f2ec6daf91cf29584f139160.png,"[[0.514744,0.87214],[0.675953,0.798252],[0.351016,0.267606],[0.327086,0.592263],[0.592828,0.184762],[0.718776,0.267606],[0.722552,0.460161],[0.56638,0.104157],[0.306935,0.50718],[0.582755,0.834076]]"
f3004a5ee4f340a0bd794bd5,frames/f3004a5ee4f340a0bd794bd5.png,"[[0.258238,0.633829],[0.549718,0.299],[0.430435,0.182608],[0.729987,0.673689],[0.744966,0.424343],[0.854367,0.265211],[0.765862,0.45366],[0.779323,0.046606],[0.513501,0.171982],[0.756893,0.064621],[0.376623,0.128398],[0.439404,0.890531],[0.620445,0.445539],[0.309359,0.432932],[0.42057,0.310161],[0.385592,0.876181],[0.269001,0.503086],[0.274382,0.727899],[0.362274,0.955556],[0.289628,0.506275],[0.355099,0.409015],[0.469197,0.43881],[0.429414,0.478994],[0.580409,0.49989],[0.455634,0.684742],[0.565038,0.398625],[0.386919,0.472565],[0.38511,0.364869],[0.518926,0.562579],[0.513501,0.360047],[0.527063,0.464528],[0.928508,0.811725],[0.427605,0.416307],[0.596684,0.776362],[0.452923,0.387374],[0.501747,0.442025],[0.066846,0.955556],[0.659975,0.955556],[0.537009,0.416307],[0.542434,0.369692]]"
f301c892140080ad7f5a2ea4,frames/f301c892140080ad7f5a2ea4.png,"[[0.048373,0.464819],[0.033126,0.735871],[0.158687,0.900097],[0.269898,0.386693],[0.333574,0.65615],[0.408911,0.955556],[0.373037,0.691228],[0.387386,0.635422],[0.413395,0.657744],[0.445682,0.305378],[0.444785,0.523814],[0.547027,0.303783],[0.484247,0.531786],[0.523709,0.683256],[0.478866,0.676878],[0.555996,0.343644],[0.609808,0.405826],[0.573037,0.702389],[0.600839,0.786893],[0.653754,0.086943],[0.693216,0.431338],[0.729987,0.672094],[0.513501,0.168768],[0.777516,0.220204],[0.767655,0.450471],[0.855273,0.176805],[0.421467,0.397854],[0.03068,0.903347],[0.546955,0.385765],[0.54153,0.856732],[0.324606,0.924012],[0.495418,0.445239],[0.525255,0.93871],[0.537913,0.414699]]"
f32eb1231387e20a493ac814,frames/f32eb1231387e20a493ac814.png,"[[0.325827,0.426576],[0.56512,0.84751],[0.334643,0.549721],[0.619276,0.831837],[0.516004,0.077289],[0.660839,0.171328],[0.793083,0.493746],[0.606682,0.487029],[0.503409,0.704213],[0.73137,0.466878]]"
f330909b16bbdfcf598a1f25,frames/f330909b16bbdfcf598a1f25.png,"[[0.296803,0.646583],[0.573037,0.372343],[0.514741,0.125209],[0.728193,0.676878],[0.734116,0.421128],[0.845328,0.2845],[0.764965,0.45366],[0.758528,0.067502],[0.636466,0.292538],[0.753305,0.085348],[0.354202,0.158691],[0.355099,0.780515],[0.652819,0.525475],[0.623142,0.717321],[0.37214,0.633829],[0.373037,0.755004],[0.428641,0.314944],[0.685144,0.252762],[0.494113,0.648178],[0.458238,0.866614],[0.267207,0.503086],[0.413395,0.900097],[0.571243,0.3277],[0.472588,0.761382],[0.488731,0.43931],[0.405323,0.718333],[0.410705,0.791676],[0.38918,0.539758],[0.443888,0.28465],[0.469001,0.681661],[0.399942,0.401043],[0.408619,0.745822],[0.449305,0.622053],[0.496322,0.896917],[0.464677,0.948354],[0.762145,0.954783],[0.463772,0.388981]]"
f3380d8aa3fdbdfee1b64e3c,frames/f3380d8aa3fdbdfee1b64e3c.png,"[[0.391109,0.335818],[0.409853,0.563185],[0.458364,0.755271],[0.612719,0.435781],[0.639182,0.618067],[0.670917,0.493746],[0.708698,0.482551],[0.687286,0.155655],[0.708698,0.422097],[0.755297,0.446727]]"
f33b8ee1ef9f0dc731fe18fe,frames/f33b8ee1ef9f0dc731fe18fe.png,"[[0.741443,0.639281],[0.480739,0.368361],[0.488296,0.469117],[0.560083,0.227303],[0.751521,0.572111],[0.3422,0.410903],[0.436658,0.146699],[0.606682,0.834076],[0.265374,0.440009],[0.665875,0.601219]]"
f33ccc7c08fd31501a2e80a4,frames/f33ccc7c08fd31501a2e80a4.png,"[[0.337162,0.388512],[0.573938,0.831837],[0.310714,0.471356],[0.624318,0.858706],[0.612979,0.191479],[0.66462,0.18924],[0.759078,0.466878],[0.528598,0.319103],[0.420285,0.567633],[0.728849,0.585545]]"
f3517b860cd5ed3fc1544fb7,frames/f3517b860cd5ed3fc1544fb7.png,"[[0.051063,0.461631],[0.03492,0.732682],[0.15779,0.90169],[0.268104,0.399449],[0.329987,0.660933],[0.407117,0.955556],[0.370346,0.705578],[0.387386,0.649772],[0.414292,0.660933],[0.431332,0.294217],[0.427745,0.554107],[0.555996,0.305378],[0.468104,0.544542],[0.527296,0.688039],[0.460032,0.624262],[0.569449,0.343644],[0.622364,0.370749],[0.583798,0.657744],[0.586489,0.761382],[0.651063,0.09332],[0.694112,0.43931],[0.728193,0.676878],[0.510788,0.178412],[0.783845,0.225026],[0.767655,0.450471],[0.857984,0.180019],[0.422364,0.409015],[0.031584,0.921028],[0.556901,0.384158],[0.560517,0.806903],[0.298597,0.911257],[0.477334,0.454883],[0.527063,0.893703],[0.543338,0.411485],[0.561421,0.355225]]"
f3b9a2ce4e0d64592678e79f,frames/f3b9a2ce4e0d64592678e79f.png,"[[0.721292,0.639281],[0.481998,0.372839],[0.488296,0.478073],[0.492074,0.625848],[0.752781,0.57659],[0.361092,0.442248],[0.340941,0.247455],[0.602906,0.843032],[0.351016,0.184762],[0.663359,0.592263]]"
f3c44903449587fc0f223130,frames/f3c44903449587fc0f223130.png,"[[0.053754,0.432932],[0.033126,0.727899],[0.138059,0.917635],[0.229538,0.423365],[0.334471,0.644989],[0.380211,0.780515],[0.40353,0.745437],[0.428641,0.6992],[0.432229,0.305378],[0.367655,0.624262],[0.565862,0.326106],[0.478866,0.542947],[0.521019,0.681661],[0.421467,0.542947],[0.552409,0.337267],[0.641198,0.278274],[0.547027,0.533381],[0.566759,0.721522],[0.632229,0.077376],[0.713844,0.45366],[0.726399,0.672094],[0.524351,0.189664],[0.792886,0.237886],[0.767655,0.445687],[0.853461,0.175197],[0.435816,0.509464],[0.036105,0.922635],[0.546955,0.393803],[0.518926,0.720104],[0.293216,0.871397],[0.45021,0.406663],[0.482759,0.761896],[0.575888,0.496676],[0.602109,0.27164],[0.516213,0.458099],[0.479143,0.845481]]"
f3f2ec23034bb3665ec79cfc,frames/f3f2ec23034bb3665ec79cfc.png,"[[0.391318,0.397469],[0.609203,0.798252],[0.311973,0.377318],[0.604167,0.867661],[0.606682,0.191479],[0.663359,0.175806],[0.733885,0.478073],[0.508447,0.265367],[0.416507,0.563156],[0.704922,0.704213]]"
f4435d688203ede5118def81,frames/f4435d688203ede5118def81.png,"[[0.449544,0.631787],[0.564208,0.839554],[0.597281,0.886595],[0.461672,0.494582],[0.673359,0.310337],[0.465626,0.381795],[0.657062,0.596741],[0.704922,0.126548],[0.721292,0.410903],[0.757818,0.428815]]"
f47720d4c6ba81f9e707227e,frames/f47720d4c6ba81f9e707227e.png,"[[0.751295,0.507928],[0.747678,0.594726],[0.914945,0.560972],[0.173934,0.876181],[0.970031,0.713181],[0.026848,0.635422],[0.19187,0.727899],[0.373934,0.662528],[0.310256,0.595562],[0.866312,0.598751],[0.344337,0.590779],[0.944336,0.517436],[0.435743,0.461314],[0.355996,0.638611],[0.461826,0.42496],[0.668104,0.68485],[0.588546,0.646164],[0.517431,0.576429],[0.423261,0.509464],[0.66362,0.6992],[0.042991,0.340456],[0.613395,0.41061],[0.408014,0.359589],[0.338059,0.292622],[0.350615,0.421771],[0.2977,0.531786],[0.334471,0.491925],[0.975,0.13637],[0.794561,0.512653],[0.759422,0.672186],[0.307566,0.377126],[0.14344,0.6705],[0.792767,0.458442],[0.182005,0.464819],[0.212498,0.562079],[0.114741,0.27349],[0.874383,0.638611],[0.025,0.555701]]"
f4af06467ca1a25c19f692c3,frames/f4af06467ca1a25c19f692c3.png,"[[0.895906,0.506275],[0.865414,0.60194],[0.820914,0.212167],[0.487834,0.598751],[0.953305,0.475981],[0.229538,0.488736],[0.436713,0.598751],[0.548821,0.589185],[0.688731,0.450471],[0.759584,0.648178],[0.87707,0.60194],[0.464516,0.512653],[0.285144,0.635422],[0.836711,0.263924],[0.655548,0.774138],[0.259135,0.416988],[0.492319,0.680067],[0.808016,0.520625],[0.498597,0.554107],[0.544337,0.362778],[0.691422,0.665717],[0.605323,0.613101],[0.538955,0.431338],[0.107566,0.455254],[0.72909,0.806026],[0.525502,0.287839],[0.231332,0.495114],[0.729987,0.534975],[0.21788,0.436121],[0.480659,0.477575],[0.124712,0.255567],[0.80353,0.405826],[0.854648,0.337267],[0.78918,0.81081],[0.880656,0.247979],[0.059135,0.606724],[0.955992,0.624262],[0.055548,0.464819],[0.956891,0.420176],[0.029539,0.383504]]"
f4b0fc87f39f83412ba95728,frames/f4b0fc87f39f83412ba95728.png,"[[0.048373,0.444093],[0.028642,0.727899],[0.140749,0.911257],[0.243888,0.420176],[0.329987,0.648178],[0.39187,0.766165],[0.398148,0.71355],[0.412498,0.696011],[0.433126,0.310161],[0.384695,0.605129],[0.564965,0.303783],[0.478866,0.539758],[0.528193,0.691228],[0.442991,0.58759],[0.552409,0.345239],[0.634023,0.305378],[0.564068,0.584401],[0.579314,0.740654],[0.63761,0.080565],[0.707566,0.45366],[0.727296,0.673689],[0.518022,0.184842],[0.788366,0.234671],[0.767655,0.450471],[0.853461,0.171982],[0.428641,0.466414],[0.031584,0.921028],[0.548763,0.385765],[0.531584,0.736178],[0.294112,0.885747],[0.455634,0.429165],[0.494513,0.779578],[0.551476,0.474172],[0.592162,0.316647],[0.503555,0.46935],[0.480047,0.914599]]"
f4b3548e6387452985cf47c7,frames/f4b3548e6387452985cf47c7.png,"[[0.736406,0.637043],[0.483258,0.372839],[0.488296,0.478073],[0.722552,0.446727],[0.743964,0.587784],[0.38754,0.446727],[0.784266,0.457921],[0.59787,0.854227],[0.546229,0.899007],[0.66462,0.592263]]"
f4bcde2d126e57e5ae47da3e,frames/f4bcde2d126e57e5ae47da3e.png,"[[0.46939,0.551425],[0.492543,0.819954],[0.65351,0.547505],[0.547672,0.384819],[0.546568,0.551425],[0.61424,0.43777],[0.696104,0.52957],[0.56638,0.115352],[0.714995,0.413142],[0.760339,0.43777]]"
f4cea0a417e4e3faea56b85a,frames/f4cea0a417e4e3faea56b85a.png,"[[0.799942,0.707172],[0.875281,0.780515],[0.561377,0.534975],[0.250166,0.152314],[0.096803,0.802838],[0.500391,0.769354],[0.562274,0.413799],[0.682453,0.820375],[0.404427,0.509464],[0.563171,0.13637]]"
f4f925bbb66d33e35c855250,frames/f4f925bbb66d33e35c855250.png,"[[0.594089,0.187001],[0.604167,0.289995],[0.470664,0.187001],[0.377465,0.204913],[0.36613,0.276561],[0.54749,0.231781],[0.502149,0.175806],[0.557568,0.397469],[0.518522,0.854227],[0.429102,0.278801]]"
f50f669a75547d8547c52d22,frames/f50f669a75547d8547c52d22.png,"[[0.025,0.694417],[0.337162,0.576429],[0.638507,0.394665],[0.586489,0.109264],[0.728193,0.676878],[0.710608,0.398625],[0.835383,0.276462],[0.764965,0.447282],[0.754912,0.06268],[0.640988,0.300574],[0.736265,0.091726],[0.554188,0.316647],[0.286041,0.209712],[0.345234,0.740654],[0.645624,0.551054],[0.642927,0.91876],[0.670804,0.589424],[0.365862,0.614696],[0.399942,0.842697],[0.446579,0.94474],[0.373934,0.694417],[0.427745,0.316539],[0.612498,0.326106],[0.504875,0.643394],[0.486937,0.683256],[0.383798,0.498303],[0.411602,0.681661],[0.57214,0.461631],[0.433126,0.774138],[0.447476,0.702389],[0.471691,0.632235],[0.025,0.900097],[0.410705,0.595562],[0.504875,0.581212],[0.544337,0.447282],[0.544337,0.225657],[0.506669,0.283056],[0.600839,0.853858],[0.442095,0.380315],[0.376973,0.955556],[0.54153,0.92585]]"
f51f1c8210c0010969fbd62b,frames/f51f1c8210c0010969fbd62b.png,"[[0.025,0.694417],[0.339852,0.576429],[0.605323,0.377126],[0.57752,0.104481],[0.728193,0.676878],[0.720553,0.413092],[0.835383,0.276462],[0.764965,0.456847],[0.754912,0.06268],[0.642795,0.298967],[0.74344,0.080565],[0.555996,0.310218],[0.315638,0.203335],[0.350615,0.72471],[0.648323,0.559047],[0.679797,0.626194],[0.37483,0.617885],[0.405323,0.955556],[0.382902,0.6992],[0.426848,0.318133],[0.625055,0.3277],[0.51205,0.643394],[0.514741,0.721522],[0.359584,0.514247],[0.426848,0.727899],[0.581108,0.416988],[0.435816,0.769354],[0.477072,0.648178],[0.441198,0.528597],[0.419673,0.621074],[0.464516,0.60194],[0.507566,0.45366],[0.511153,0.214496],[0.519225,0.343644],[0.60622,0.775732],[0.412498,0.383504],[0.364315,0.863161],[0.506268,0.805296],[0.471909,0.353618]]"
f526662d3f4cdef6e54acbaa,frames/f526662d3f4cdef6e54acbaa.png,"[[0.071691,0.165069],[0.626848,0.044444],[0.613395,0.900097],[0.792767,0.705578],[0.100391,0.617885],[0.834922,0.533381],[0.581108,0.394665],[0.889625,0.660933],[0.472588,0.955556],[0.91743,0.343644],[0.968555,0.318133],[0.907562,0.187392],[0.333574,0.27349],[0.122812,0.405826],[0.22057,0.955556],[0.72909,0.316539],[0.549718,0.188986],[0.22057,0.409015],[0.185592,0.110859],[0.373934,0.45366],[0.509359,0.120425]]"
f538223e16d8198b674037bf,frames/f538223e16d8198b674037bf.png,"[[0.463107,0.446727],[0.630615,0.793774],[0.327086,0.28104],[0.587792,0.867661],[0.596609,0.175806],[0.672177,0.16685],[0.728849,0.4624],[0.504668,0.258649],[0.412729,0.567633],[0.688547,0.726604]]"
f538ce01511346ffe8e117c1,frames/f538ce01511346ffe8e117c1.png,"[[0.025,0.742249],[0.21788,0.611507],[0.256445,0.576429],[0.595458,0.096509],[0.235816,0.774138],[0.534471,0.79646],[0.585592,0.044444],[0.635816,0.206524],[0.72909,0.676878],[0.556901,0.229849],[0.836289,0.236278],[0.77214,0.447282],[0.793791,0.098042],[0.656358,0.39541],[0.42057,0.310161],[0.64927,0.475981],[0.594875,0.252351],[0.277072,0.070998],[0.564068,0.428149],[0.461826,0.412204],[0.43492,0.354806],[0.273485,0.955556],[0.318328,0.933579],[0.502639,0.730111],[0.579077,0.498296],[0.396523,0.830831],[0.660912,0.842021],[0.406416,0.472717],[0.46307,0.672557],[0.580877,0.370399],[0.71205,0.955556],[0.028642,0.836319],[0.528193,0.338861]]"
f54a7f6617bd9532dc74ce0d,frames/f54a7f6617bd9532dc74ce0d.png,"[[0.315752,0.34821],[0.47948,0.3706],[0.498371,0.493746],[0.581495,0.247455],[0.630615,0.807208],[0.473182,0.778101],[0.727589,0.426576],[0.572677,0.491506],[0.604167,0.943788],[0.649505,0.75795]]"
f54bb9731ec4302f829b04d8,frames/f54bb9731ec4302f829b04d8.png,"[[0.449253,0.762428],[0.480739,0.3706],[0.497112,0.502702],[0.589052,0.249694],[0.63313,0.834076],[0.600385,0.52957],[0.726333,0.451205],[0.571417,0.451205],[0.679729,0.686301],[0.646984,0.771383]]"
f54bda5f495747a9d160a36b,frames/f54bda5f495747a9d160a36b.png,"[[0.025,0.721522],[0.201736,0.614696],[0.362274,0.852264],[0.532677,0.869803],[0.424158,0.386693],[0.619673,0.354806],[0.644785,0.696011],[0.502184,0.662528],[0.59187,0.300594],[0.56048,0.181013],[0.425055,0.646583],[0.601736,0.063026],[0.700391,0.329294],[0.729987,0.680067],[0.553284,0.228242],[0.819109,0.231456],[0.771243,0.455254],[0.830859,0.162338],[0.036105,0.955556],[0.575888,0.379336],[0.540626,0.397018],[0.325502,0.617885],[0.365219,0.48221],[0.455634,0.421128],[0.607534,0.884058],[0.628329,0.316647],[0.444785,0.597942],[0.422181,0.533646],[0.101288,0.877775],[0.615189,0.732682],[0.464516,0.633829],[0.380211,0.613101],[0.563171,0.893719],[0.535201,0.331114],[0.458347,0.364869],[0.425951,0.955556]]"
f5516c5b3bc3ec235f1745e7,frames/f5516c5b3bc3ec235f1745e7.png,"[[0.031332,0.533381],[0.167655,0.21609],[0.646579,0.044444],[0.494113,0.649772],[0.611602,0.420176],[0.742543,0.509464],[0.102184,0.126803],[0.827742,0.45366],[0.547924,0.173041],[0.930883,0.55889],[0.533574,0.710361],[0.816086,0.233629],[0.026848,0.665717],[0.975,0.129992],[0.929984,0.217685],[0.478866,0.080565],[0.31205,0.091726],[0.274382,0.841103],[0.747924,0.187392],[0.551512,0.069404]]"
f5c09799b2e05407f9c79905,frames/f5c09799b2e05407f9c79905.png,"[[0.429102,0.337015],[0.480739,0.372839],[0.492074,0.520614],[0.595349,0.25641],[0.643208,0.876618],[0.684771,0.352688],[0.713734,0.440009],[0.629354,0.408663],[0.692328,0.57659],[0.653281,0.798252]]"
f5ec3ded851cc0e58c27156b,frames/f5ec3ded851cc0e58c27156b.png,"[[0.78927,0.417914],[0.559613,0.421128],[0.566846,0.686349],[0.741349,0.662237],[0.886016,0.429165],[0.829953,0.557757],[0.2977,0.818781],[0.045216,0.433962],[0.812781,0.639733],[0.134518,0.804735],[0.975,0.444093],[0.366648,0.618894],[0.941648,0.955556],[0.484247,0.740654],[0.398148,0.409015],[0.869898,0.60194],[0.530884,0.539758],[0.674382,0.609912],[0.317298,0.360047],[0.320122,0.747032],[0.652857,0.517436],[0.747027,0.727899],[0.354369,0.700815],[0.332677,0.501492],[0.26362,0.517436],[0.843891,0.71355],[0.060032,0.332483],[0.332677,0.428149],[0.238507,0.450471],[0.267207,0.361183],[0.185592,0.455254],[0.060032,0.491925],[0.072588,0.43931],[0.874383,0.303783],[0.966758,0.531786],[0.025,0.41061]]"
f60cad66502f73bc4b006605,frames/f60cad66502f73bc4b006605.png,"[[0.743964,0.632565],[0.483258,0.377318],[0.490815,0.473594],[0.73263,0.457921],[0.74774,0.587784],[0.373686,0.446727],[0.765375,0.328059],[0.601646,0.851988],[0.388799,0.883334],[0.663359,0.59898]]"
f6149d1291a365f46d42322a,frames/f6149d1291a365f46d42322a.png,"[[0.453754,0.688039],[0.390077,0.941551],[0.618777,0.082159],[0.527296,0.654556],[0.2977,0.888936],[0.182902,0.361183],[0.664516,0.751815],[0.702184,0.104481],[0.348821,0.801243],[0.585592,0.57324],[0.515637,0.28465],[0.492319,0.533381],[0.499494,0.365967],[0.59187,0.270301],[0.53178,0.413799],[0.458238,0.609912],[0.355099,0.337267],[0.467207,0.45366],[0.401736,0.42496],[0.460032,0.348428]]"
f61d0e70dc2bdaa040c5bccc,frames/f61d0e70dc2bdaa040c5bccc.png,"[[0.674693,0.693019],[0.481998,0.3706],[0.493333,0.480312],[0.411469,0.310146],[0.749,0.578829],[0.298119,0.487029],[0.338422,0.245215],[0.606682,0.84751],[0.373686,0.157894],[0.667135,0.594502]]"
f63d1ca66ec3ece5221ed9ef,frames/f63d1ca66ec3ece5221ed9ef.png,"[[0.630615,0.298952],[0.592828,0.269844],[0.460588,0.184762],[0.361092,0.207152],[0.361092,0.28104],[0.55001,0.207152],[0.508447,0.157894],[0.557568,0.401946],[0.527339,0.87214],[0.406432,0.328059]]"
f68f804c2c1580aed4301ebf,frames/f68f804c2c1580aed4301ebf.png,"[[0.441826,0.610227],[0.536644,0.814073],[0.632562,0.870915],[0.441826,0.484782],[0.659026,0.437741],[0.483258,0.298952],[0.678474,0.567633],[0.691068,0.108635],[0.714995,0.408663],[0.755297,0.446727]]"
f69a2632491089d75cd04703,frames/f69a2632491089d75cd04703.png,"[[0.72909,0.865019],[0.850164,0.853858],[0.069897,0.055054],[0.503978,0.694417],[0.444785,0.469603],[0.937164,0.409015],[0.318328,0.584401],[0.317431,0.68485],[0.885141,0.044444],[0.242095,0.192174],[0.767655,0.211307],[0.699494,0.09332]]"
f6c2c8f9060c0012d1ff471f,frames/f6c2c8f9060c0012d1ff471f.png,"[[0.975,0.494546],[0.715128,0.491854],[0.729595,0.597942],[0.904102,0.560972],[0.183798,0.877775],[0.953828,0.731356],[0.027745,0.633829],[0.205323,0.729493],[0.975,0.727899],[0.382902,0.672094],[0.320122,0.568457],[0.868102,0.606724],[0.373934,0.592374],[0.912945,0.512653],[0.425798,0.445239],[0.348821,0.633829],[0.458238,0.420176],[0.679762,0.680067],[0.555092,0.634912],[0.496803,0.562079],[0.416983,0.506275],[0.673485,0.705578],[0.050166,0.338861],[0.580211,0.423365],[0.394561,0.338861],[0.348821,0.306972],[0.329987,0.402638],[0.286937,0.531786],[0.303978,0.475981],[0.963172,0.147531],[0.819672,0.506275],[0.799942,0.696011],[0.275279,0.370749],[0.122812,0.649772],[0.823258,0.432932],[0.16048,0.445687],[0.169449,0.568457],[0.095906,0.27349],[0.895906,0.646583]]"
f714750d6b59183d5ab666a3,frames/f714750d6b59183d5ab666a3.png,"[[0.385021,0.195957],[0.635651,0.677345],[0.454291,0.231781],[0.480739,0.204913],[0.386281,0.350449],[0.674693,0.581068],[0.668396,0.379556],[0.577719,0.426576],[0.406432,0.851988],[0.6155,0.301191]]"
f7379d85cccb6c37b7f6f7ed,frames/f7379d85cccb6c37b7f6f7ed.png,"[[0.044785,0.55889],[0.079763,0.442499],[0.067207,0.755004],[0.077072,0.833131],[0.173934,0.758193],[0.142543,0.853858],[0.058238,0.955556],[0.124606,0.955556],[0.123709,0.177824],[0.184695,0.048677],[0.260929,0.158691],[0.298597,0.260735],[0.190077,0.499897],[0.24927,0.651367],[0.246579,0.81081],[0.42057,0.534975],[0.524606,0.841103],[0.573934,0.464819],[0.61788,0.624262],[0.648373,0.522219],[0.712947,0.807621],[0.742543,0.562079],[0.596355,0.149125],[0.720122,0.3564],[0.764068,0.064621],[0.779314,0.361183],[0.798148,0.423365],[0.775727,0.211307],[0.846578,0.442499],[0.690525,0.126803],[0.025,0.680067]]"
f76984045bf89b7c30645845,frames/f76984045bf89b7c30645845.png,"[[0.025,0.359589],[0.025,0.727899],[0.105772,0.525408],[0.362274,0.818781],[0.277072,0.946335],[0.54344,0.853858],[0.445682,0.348428],[0.616983,0.386693],[0.601736,0.662528],[0.511153,0.672094],[0.582902,0.310161],[0.611602,0.182608],[0.508463,0.694417],[0.602633,0.059837],[0.71205,0.397854],[0.729987,0.676878],[0.553284,0.225026],[0.822727,0.239493],[0.77214,0.450471],[0.842617,0.160731],[0.04153,0.940317],[0.558709,0.384158],[0.555996,0.417914],[0.28335,0.633829],[0.398673,0.443632],[0.460155,0.504712],[0.591259,0.747429],[0.628329,0.249137],[0.499034,0.552935],[0.397769,0.625268],[0.081557,0.866614],[0.634023,0.762976],[0.545234,0.584401],[0.408014,0.487142],[0.539852,0.911257],[0.538817,0.337544],[0.474622,0.342367]]"
f76f2be4ddff009f49e89c27,frames/f76f2be4ddff009f49e89c27.png,"[[0.736406,0.634804],[0.480739,0.372839],[0.489555,0.478073],[0.726333,0.453444],[0.743964,0.585545],[0.376205,0.448966],[0.783005,0.419858],[0.602906,0.851988],[0.517263,0.912442],[0.663359,0.59898]]"
f77a7e113f953a4db6c4ea7d,frames/f77a7e113f953a4db6c4ea7d.png,"[[0.386281,0.330298],[0.480739,0.3706],[0.490815,0.518375],[0.59787,0.247455],[0.655802,0.887813],[0.660839,0.296713],[0.73263,0.408663],[0.631875,0.390751],[0.720031,0.572111],[0.660839,0.811686]]"
f7aab9ff5d68cabfeae3a35a,frames/f7aab9ff5d68cabfeae3a35a.png,"[[0.227745,0.322917],[0.225055,0.412204],[0.170346,0.665717],[0.155099,0.955556],[0.033126,0.595562],[0.842094,0.807621],[0.723709,0.707172],[0.539852,0.732682],[0.37752,0.576429],[0.495009,0.365967],[0.639404,0.911257],[0.686041,0.305378],[0.816984,0.412204],[0.178417,0.267112],[0.232229,0.509464],[0.367655,0.495114]]"
f7b7156b679d95cb236012be,frames/f7b7156b679d95cb236012be.png,"[[0.639427,0.417619],[0.623057,0.332537],[0.460588,0.195957],[0.31953,0.307907],[0.352276,0.310146],[0.544971,0.207152],[0.493333,0.148938],[0.555047,0.406424],[0.531117,0.867661],[0.411469,0.238498]]"
f7dc0400ff68a353f57c8f11,frames/f7dc0400ff68a353f57c8f11.png,"[[0.743964,0.630326],[0.47948,0.3706],[0.492074,0.478073],[0.733885,0.451205],[0.745224,0.57435],[0.347238,0.431054],[0.691068,0.171328],[0.604167,0.84751],[0.300638,0.75795],[0.660839,0.601219]]"
f80224895ec809ce50a8d5f8,frames/f80224895ec809ce50a8d5f8.png,"[[0.662723,0.506275],[0.625055,0.377126],[0.182005,0.3564],[0.273485,0.576429],[0.882453,0.638611],[0.57752,0.6705],[0.529987,0.617885],[0.702184,0.412204],[0.434023,0.657744],[0.46362,0.362778],[0.521019,0.491925],[0.069897,0.892125],[0.285144,0.196957],[0.626848,0.28465],[0.159584,0.638611],[0.541646,0.391476],[0.442977,0.495068],[0.399577,0.364869],[0.523447,0.313433]]"
f815991a6254db77a28c68f2,frames/f815991a6254db77a28c68f2.png,"[[0.250166,0.657744],[0.554202,0.321322],[0.428641,0.158691],[0.728193,0.673689],[0.740445,0.424343],[0.855273,0.273249],[0.764965,0.45366],[0.774803,0.046606],[0.536105,0.192879],[0.75779,0.063026],[0.378417,0.110859],[0.43761,0.900097],[0.632135,0.445539],[0.321916,0.456847],[0.443888,0.316539],[0.424158,0.801243],[0.277072,0.506275],[0.295906,0.732682],[0.365862,0.834725],[0.301288,0.503086],[0.370346,0.402638],[0.446593,0.528824],[0.412235,0.533646],[0.580409,0.593119],[0.480047,0.559364],[0.573176,0.454883],[0.367027,0.562579],[0.383302,0.371299],[0.493609,0.644556],[0.515309,0.335936],[0.532488,0.599549],[0.955633,0.813332],[0.433935,0.419521],[0.525255,0.877628]]"
f8405eadfce00a37d2347131,frames/f8405eadfce00a37d2347131.png,"[[0.582755,0.527331],[0.663359,0.446727],[0.464366,0.169089],[0.305676,0.372839],[0.368648,0.292234],[0.546229,0.204913],[0.514744,0.184762],[0.556307,0.417619],[0.56638,0.892291],[0.407691,0.216108]]"
f852d27c868e044fe40ee5fc,frames/f852d27c868e044fe40ee5fc.png,"[[0.722552,0.641521],[0.483258,0.3706],[0.488296,0.482551],[0.596609,0.57659],[0.746484,0.581068],[0.361092,0.406424],[0.3422,0.236259],[0.605422,0.851988],[0.352276,0.171328],[0.66462,0.59898]]"
f85ae09429f76017ab458853,frames/f85ae09429f76017ab458853.png,"[[0.755996,0.876181],[0.816984,0.900097],[0.521019,0.841103],[0.178417,0.044444],[0.124606,0.839508],[0.563171,0.483953],[0.703081,0.94474],[0.430435,0.499897],[0.178417,0.598751],[0.808914,0.249574],[0.051063,0.665717],[0.332677,0.654556],[0.737162,0.247979]]"
f8818e31cd7a3c7ee325fae0,frames/f8818e31cd7a3c7ee325fae0.png,"[[0.61676,0.592263],[0.480739,0.3706],[0.494593,0.482551],[0.575198,0.276561],[0.640688,0.751232],[0.361092,0.80273],[0.558823,0.717647],[0.539933,0.811686],[0.390059,0.903485],[0.653281,0.68854]]"
f88380925bfedb0fb0fe2dd5,frames/f88380925bfedb0fb0fe2dd5.png,"[[0.333384,0.558678],[0.444215,0.818403],[0.416507,0.285518],[0.686031,0.267606],[0.653281,0.632565],[0.665875,0.227303],[0.646984,0.043704],[0.56512,0.200435],[0.644469,0.43777],[0.328346,0.408663]]"
f89fcaf94dcff1c4b5f3b788,frames/f89fcaf94dcff1c4b5f3b788.png,"[[0.20353,0.329294],[0.213395,0.413799],[0.232229,0.546135],[0.188283,0.673689],[0.232229,0.925607],[0.277969,0.480764],[0.408911,0.362778],[0.382902,0.409015],[0.872586,0.94474],[0.458238,0.359589],[0.440301,0.480764],[0.504875,0.844292],[0.513844,0.283056],[0.496803,0.442499],[0.54344,0.517436],[0.556893,0.820375],[0.503978,0.490331],[0.66631,0.841103],[0.596355,0.232035],[0.677969,0.283056],[0.703081,0.609912]]"
f8bea56b21b4b81966081eec,frames/f8bea56b21b4b81966081eec.png,"[[0.901289,0.590779],[0.036714,0.461631],[0.866312,0.603535],[0.05196,0.696011],[0.963172,0.483953],[0.75672,0.25396],[0.504875,0.643394],[0.882453,0.43931],[0.277072,0.539758],[0.364068,0.629046],[0.538955,0.445687],[0.616983,0.444093],[0.677072,0.665717],[0.834023,0.592374],[0.41788,0.498303],[0.333574,0.550918],[0.795458,0.283056],[0.623261,0.790082],[0.299494,0.365967],[0.452857,0.65615],[0.732677,0.668906],[0.456445,0.442499],[0.582902,0.338861],[0.611602,0.617885],[0.634023,0.578024],[0.608014,0.383504],[0.034023,0.383504],[0.747924,0.707172],[0.439404,0.359589],[0.22057,0.555701],[0.825055,0.468008],[0.17483,0.444093],[0.364965,0.450471],[0.098492,0.188057],[0.868102,0.354806],[0.909359,0.373938],[0.863617,0.825158],[0.964961,0.299],[0.027745,0.598751]]"
f8ceaa675ae61493d146e0c6,frames/f8ceaa675ae61493d146e0c6.png,"[[0.471594,0.545544],[0.498055,0.827794],[0.628156,0.567106],[0.548771,0.388739],[0.544362,0.541624],[0.607943,0.428815],[0.693583,0.520614],[0.558823,0.106396],[0.711219,0.428815],[0.762854,0.440009]]"
f8d5d5ab03b292097f03b9c2,frames/f8d5d5ab03b292097f03b9c2.png,"[[0.199942,0.310161],[0.223261,0.405826],[0.171243,0.659339],[0.169449,0.911257],[0.075279,0.514247],[0.851961,0.885747],[0.520122,0.632235],[0.524606,0.852264],[0.450166,0.340456],[0.492319,0.409015],[0.586489,0.857047],[0.696803,0.283056],[0.854648,0.589185],[0.145234,0.263924],[0.871688,0.088537],[0.394561,0.413799]]"
f8eaaff59feabd7997330e1f,frames/f8eaaff59feabd7997330e1f.png,"[[0.472697,0.655308],[0.542157,0.833674],[0.58626,0.888556],[0.507978,0.476943],[0.595078,0.310337],[0.439177,0.410903],[0.630615,0.616892],[0.738927,0.164611],[0.721292,0.399707],[0.761594,0.440009]]"
f906e40c8289cdce5f20f4c3,frames/f906e40c8289cdce5f20f4c3.png,"[[0.730109,0.641521],[0.481998,0.368361],[0.490815,0.471356],[0.726333,0.453444],[0.74774,0.578829],[0.385021,0.466878],[0.772932,0.489268],[0.596609,0.843032],[0.490815,0.854227],[0.662099,0.596741]]"
f91a20742902af649399a52f,frames/f91a20742902af649399a52f.png,"[[0.879688,0.454883],[0.750391,0.824585],[0.152409,0.847481],[0.033126,0.598751],[0.082453,0.71355],[0.298597,0.606724],[0.190077,0.75341],[0.866312,0.605129],[0.225055,0.79646],[0.535201,0.461314],[0.533574,0.565268],[0.338955,0.420176],[0.62057,0.73906],[0.744062,0.520787],[0.636713,0.668906],[0.576623,0.603535],[0.58918,0.694417],[0.065413,0.45366],[0.796355,0.405826],[0.450166,0.236818],[0.408014,0.316539],[0.382005,0.498303],[0.493216,0.633829],[0.460929,0.512653],[0.699494,0.57324],[0.630291,0.551938],[0.424158,0.397854],[0.295906,0.688039],[0.608014,0.466414],[0.310256,0.370749],[0.392767,0.511058],[0.175727,0.383504],[0.698597,0.638611],[0.242991,0.621074],[0.888734,0.528597],[0.929094,0.431338],[0.025951,0.260735],[0.961375,0.745437],[0.025,0.421771]]"
f92206e461c72eb5300f561e,frames/f92206e461c72eb5300f561e.png,"[[0.072588,0.322917],[0.213395,0.232035],[0.660929,0.044444],[0.579314,0.880964],[0.597252,0.790082],[0.742543,0.512653],[0.060032,0.933579],[0.670795,0.13637],[0.311153,0.432932],[0.522812,0.044444],[0.599942,0.185797],[0.825055,0.262329],[0.156893,0.225657],[0.851062,0.6992],[0.64927,0.743843],[0.737162,0.044444],[0.886937,0.055054],[0.927297,0.181013],[0.441198,0.955556],[0.965859,0.361183]]"
f931112d15a162f677c8ff4a,frames/f931112d15a162f677c8ff4a.png,"[[0.390059,0.175806],[0.480739,0.3706],[0.492074,0.482551],[0.582755,0.247455],[0.635651,0.793774],[0.488296,0.858706],[0.722552,0.43777],[0.580234,0.538526],[0.518522,0.952744],[0.649505,0.75795]]"
f940bcf37763206d84b3e94b,frames/f940bcf37763206d84b3e94b.png,"[[0.025951,0.73906],[0.134471,0.590779],[0.375727,0.951118],[0.438507,0.512653],[0.636713,0.251168],[0.495906,0.643394],[0.59187,0.316539],[0.538955,0.287839],[0.424158,0.436121],[0.567655,0.069404],[0.679762,0.276679],[0.72909,0.676878],[0.566846,0.226633],[0.822727,0.221811],[0.77214,0.455254],[0.820914,0.147872],[0.631946,0.360047],[0.311153,0.643394],[0.414948,0.937101],[0.414044,0.673489],[0.432127,0.917812],[0.503978,0.542947],[0.337162,0.638611],[0.638507,0.576429],[0.591259,0.25396],[0.432127,0.319862],[0.563171,0.592374],[0.471691,0.511058],[0.432229,0.318133],[0.106669,0.329294],[0.503081,0.287839],[0.529987,0.533381],[0.479762,0.790082],[0.468104,0.469603],[0.458238,0.343644],[0.464516,0.420176],[0.540749,0.919229],[0.524606,0.421771]]"
f95b0d22a3e882dc383069ae,frames/f95b0d22a3e882dc383069ae.png,"[[0.628094,0.69078],[0.480739,0.377318],[0.492074,0.480312],[0.575198,0.260888],[0.674693,0.64376],[0.413989,0.858706],[0.489555,0.87214],[0.577719,0.84751],[0.308195,0.594502],[0.663359,0.607936]]"
f979ae6af117eb99796c08d2,frames/f979ae6af117eb99796c08d2.png,"[[0.663359,0.706453],[0.480739,0.368361],[0.497112,0.478073],[0.573938,0.276561],[0.735146,0.59898],[0.369908,0.75795],[0.284266,0.619131],[0.604167,0.843032],[0.396356,0.164611],[0.66462,0.601219]]"
f9928cd31b47832ccc1a8f22,frames/f9928cd31b47832ccc1a8f22.png,"[[0.912945,0.598751],[0.110256,0.495114],[0.866312,0.603535],[0.099494,0.668906],[0.878781,0.520787],[0.719649,0.310218],[0.54613,0.657744],[0.828641,0.412204],[0.319225,0.542947],[0.305772,0.632235],[0.530884,0.365967],[0.595458,0.434526],[0.609808,0.648178],[0.951508,0.522219],[0.747027,0.584401],[0.448373,0.45366],[0.387386,0.475981],[0.782902,0.294217],[0.604427,0.680067],[0.347924,0.294217],[0.392767,0.657744],[0.68335,0.707172],[0.409808,0.386693],[0.57752,0.314944],[0.547027,0.584401],[0.677072,0.632235],[0.660032,0.41061],[0.025,0.318133],[0.783798,0.667311],[0.366759,0.428149],[0.145234,0.58759],[0.836711,0.442499],[0.155099,0.447282],[0.280659,0.479169],[0.102109,0.194486],[0.887836,0.412204],[0.934469,0.421771],[0.924609,0.855453]]"
f9980f072297e67c50291f5b,frames/f9980f072297e67c50291f5b.png,"[[0.025,0.743843],[0.254651,0.624262],[0.261826,0.729493],[0.598148,0.098103],[0.281556,0.818781],[0.416983,0.865019],[0.588283,0.044444],[0.633126,0.177824],[0.730884,0.676878],[0.565038,0.228242],[0.842617,0.237886],[0.77214,0.447282],[0.782941,0.090005],[0.651838,0.393803],[0.64927,0.469603],[0.597588,0.257174],[0.276175,0.114048],[0.533574,0.511058],[0.429538,0.383504],[0.51343,0.864404],[0.569186,0.413564],[0.63843,0.781269],[0.421704,0.320839],[0.387531,0.638983],[0.610552,0.410367],[0.706669,0.947929],[0.067207,0.833131],[0.520122,0.310161],[0.454651,0.584401],[0.44927,0.922418],[0.438507,0.933579],[0.740749,0.936768],[0.536265,0.951118]]"
f9f5e1c806420b2f9fe9c596,frames/f9f5e1c806420b2f9fe9c596.png,"[[0.424064,0.518375],[0.483258,0.377318],[0.494593,0.50718],[0.519782,0.260888],[0.599125,0.923637],[0.61424,0.151177],[0.635651,0.247455],[0.619276,0.357166],[0.736406,0.793774],[0.718776,0.704213]]"
fa13030cdf92ba2df5d28262,frames/fa13030cdf92ba2df5d28262.png,"[[0.661826,0.509464],[0.633126,0.370749],[0.182005,0.362778],[0.228641,0.557296],[0.886039,0.654556],[0.548821,0.6992],[0.516534,0.621074],[0.719225,0.416988],[0.432229,0.651367],[0.461826,0.373938],[0.538955,0.480764],[0.059135,0.890531],[0.262723,0.217685],[0.625055,0.287839],[0.163171,0.635422],[0.556893,0.394665],[0.464677,0.498283],[0.384206,0.40184],[0.506268,0.348796],[0.371548,0.955556]]"
faa62529c5f6469edfcb2d9e,frames/faa62529c5f6469edfcb2d9e.png,"[[0.340941,0.160132],[0.402653,0.686301],[0.391318,0.771383],[0.471923,0.73332],[0.531117,0.330298],[0.609203,0.195957],[0.702401,0.766906],[0.668396,0.699735],[0.770411,0.520614],[0.776708,0.428815]]"
fac87df1074eb625e4e47753,frames/fac87df1074eb625e4e47753.png,"[[0.235816,0.332483],[0.277969,0.397854],[0.17214,0.662528],[0.054651,0.688039],[0.759584,0.57324],[0.505772,0.702389],[0.623261,0.557296],[0.18918,0.809215],[0.66631,0.912851],[0.677072,0.316539],[0.642095,0.468008],[0.281556,0.316539],[0.044785,0.627451],[0.561377,0.528597],[0.221467,0.303783]]"
fade6b2889bbaef785a8fc8c,frames/fade6b2889bbaef785a8fc8c.png,"[[0.467184,0.359338],[0.391109,0.600426],[0.490338,0.586706],[0.58626,0.437741],[0.577438,0.839554],[0.645724,0.448966],[0.701141,0.527331],[0.532376,0.151177],[0.717516,0.413142],[0.755297,0.442248]]"
fb4df4b9173ee5a9925949c7,frames/fb4df4b9173ee5a9925949c7.png,"[[0.295009,0.716739],[0.535368,0.321322],[0.408014,0.236818],[0.72909,0.676878],[0.743157,0.427558],[0.843516,0.252351],[0.764965,0.455254],[0.77842,0.04982],[0.540626,0.109294],[0.796355,0.074187],[0.407117,0.182608],[0.552998,0.43115],[0.33178,0.343644],[0.399045,0.294217],[0.223261,0.447282],[0.222364,0.68485],[0.280659,0.783704],[0.34613,0.450471],[0.542434,0.371299],[0.613862,0.292538],[0.432127,0.421128],[0.422181,0.400232],[0.619288,0.257174],[0.898672,0.787614],[0.356177,0.501499],[0.495418,0.498283],[0.424893,0.405054],[0.46558,0.43881],[0.054188,0.927457],[0.562326,0.678311],[0.580409,0.390588],[0.630138,0.388981],[0.617479,0.247531],[0.576792,0.294144],[0.401385,0.845481],[0.537162,0.785299],[0.524606,0.911257],[0.502184,0.428149],[0.974828,0.955556]]"
fb5c69385f1bcaee9db973ea,frames/fb5c69385f1bcaee9db973ea.png,"[[0.366759,0.729493],[0.435816,0.299],[0.727296,0.676878],[0.747678,0.419521],[0.807352,0.236278],[0.768552,0.455254],[0.779323,0.053035],[0.568655,0.061072],[0.840305,0.086943],[0.26631,0.247979],[0.609653,0.491901],[0.37214,0.402638],[0.380211,0.322917],[0.207117,0.45366],[0.122812,0.61629],[0.295906,0.461631],[0.400481,0.675097],[0.620191,0.376121],[0.863414,0.720104],[0.197045,0.843874],[0.357081,0.506321],[0.537913,0.450061],[0.622,0.371299],[0.573176,0.376121],[0.410427,0.742607],[0.443888,0.546135],[0.428641,0.590779],[0.414292,0.644989],[0.861828,0.955556],[0.453754,0.461631],[0.480659,0.676878],[0.478866,0.340456],[0.587386,0.547729],[0.412498,0.389882],[0.397252,0.57324],[0.57483,0.044444],[0.488731,0.461631],[0.450166,0.322917]]"
fbbc2ff4f6a29f2def55f3db,frames/fbbc2ff4f6a29f2def55f3db.png,"[[0.033126,0.721522],[0.238507,0.665717],[0.365862,0.778921],[0.610705,0.137964],[0.273485,0.939957],[0.636713,0.163475],[0.728193,0.676878],[0.603012,0.223419],[0.860695,0.247531],[0.773037,0.450471],[0.760337,0.083576],[0.657263,0.400232],[0.604427,0.389882],[0.60663,0.261996],[0.190973,0.139558],[0.350615,0.550918],[0.434023,0.450471],[0.654617,0.645379],[0.214869,0.603812],[0.579077,0.269679],[0.12909,0.774138],[0.484247,0.265518],[0.484247,0.858642],[0.523709,0.72471],[0.413395,0.550918],[0.582005,0.665717],[0.434023,0.705578],[0.45196,0.57324],[0.555996,0.295811],[0.471691,0.761382],[0.551512,0.370749],[0.551512,0.499897],[0.423261,0.271896],[0.564965,0.420176],[0.511153,0.450471]]"
fc1e53cd03434a66ae8bfd95,frames/fc1e53cd03434a66ae8bfd95.png,"[[0.476005,0.535744],[0.492543,0.831714],[0.607208,0.565145],[0.55649,0.392659],[0.539952,0.555344],[0.609203,0.431054],[0.694844,0.527331],[0.551266,0.124308],[0.713734,0.413142],[0.760339,0.43777]]"
fc77d1d7eda71296867ffbef,frames/fc77d1d7eda71296867ffbef.png,"[[0.742703,0.639281],[0.480739,0.3706],[0.488296,0.478073],[0.728849,0.466878],[0.75026,0.57659],[0.357314,0.43777],[0.728849,0.225064],[0.605422,0.84751],[0.330865,0.793774],[0.659578,0.59898]]"
fc964bd34fb60af8a100832a,frames/fc964bd34fb60af8a100832a.png,"[[0.735146,0.639281],[0.483258,0.368361],[0.493333,0.478073],[0.718776,0.337015],[0.745224,0.578829],[0.356054,0.341493],[0.351016,0.276561],[0.607943,0.84751],[0.324568,0.236259],[0.662099,0.592263]]"
fd1859f8e9e0eb07d8ec85f2,frames/fd1859f8e9e0eb07d8ec85f2.png,"[[0.704278,0.213775],[0.598148,0.044444],[0.179314,0.365967],[0.966758,0.41061],[0.201736,0.813997],[0.452857,0.705578],[0.898594,0.702389],[0.252857,0.823564],[0.60622,0.314944],[0.645682,0.409015],[0.027745,0.637017],[0.373037,0.316539],[0.599942,0.475981],[0.148821,0.774138],[0.754202,0.609912],[0.664495,0.546506],[0.504459,0.540075],[0.545147,0.544897],[0.424893,0.567401],[0.347136,0.382551],[0.460155,0.16716],[0.064134,0.247531],[0.742543,0.133181],[0.416983,0.399449],[0.628641,0.236818],[0.412498,0.866614],[0.432229,0.058243],[0.222364,0.955556]]"
fd54c005c8cea479e1c077de,frames/fd54c005c8cea479e1c077de.png,"[[0.199942,0.488736],[0.168552,0.6705],[0.202633,0.570051],[0.635816,0.495114],[0.260929,0.786893],[0.538955,0.506275],[0.135368,0.955556],[0.592767,0.337267],[0.613395,0.431338],[0.504875,0.41061],[0.061826,0.114048],[0.301288,0.71355],[0.225951,0.909662],[0.422364,0.952712]]"
fd5564819e338dbdd82156a1,frames/fd5564819e338dbdd82156a1.png,"[[0.446236,0.618067],[0.494748,0.817994],[0.664536,0.590626],[0.526721,0.320137],[0.538849,0.553384],[0.610464,0.431054],[0.688547,0.534048],[0.61424,0.086245],[0.713734,0.417619],[0.760339,0.440009]]"
fd6a307c0ae0db29ce91cc13,frames/fd6a307c0ae0db29ce91cc13.png,"[[0.740182,0.632565],[0.480739,0.377318],[0.489555,0.482551],[0.726333,0.457921],[0.740182,0.585545],[0.383761,0.446727],[0.786786,0.43777],[0.600385,0.838555],[0.553786,0.914681],[0.66462,0.601219]]"
fda5cd253f5ac98c941385e8,frames/fda5cd253f5ac98c941385e8.png,"[[0.337162,0.25641],[0.420285,0.722125],[0.353535,0.695257],[0.503409,0.813925],[0.537414,0.25641],[0.595349,0.195957],[0.742703,0.663911],[0.654542,0.661672],[0.751521,0.547482],[0.774188,0.422097]]"
fe65ddf2740291912b47c9fa,frames/fe65ddf2740291912b47c9fa.png,"[[0.430435,0.638611],[0.312947,0.936768],[0.396355,0.936768],[0.63761,0.150719],[0.514741,0.617885],[0.295009,0.887342],[0.182902,0.354806],[0.600839,0.727899],[0.71205,0.129992],[0.35779,0.785299],[0.564965,0.566862],[0.480659,0.318133],[0.494113,0.525408],[0.4977,0.373938],[0.593664,0.232035],[0.521916,0.445687],[0.431332,0.578024],[0.37214,0.332483],[0.465413,0.431338],[0.975,0.222468],[0.382902,0.351617]]"
fe784623172f1c1c9bc418af,frames/fe784623172f1c1c9bc418af.png,"[[0.211602,0.735871],[0.754202,0.23044],[0.469001,0.155503],[0.525502,0.106076],[0.182902,0.842697],[0.260032,0.94474],[0.952406,0.542947],[0.118328,0.550918],[0.127296,0.798054],[0.339852,0.668906],[0.364068,0.416988],[0.349718,0.732682],[0.762274,0.115642],[0.35779,0.833131],[0.66362,0.160286],[0.469001,0.576429],[0.333574,0.495114],[0.404427,0.512653]]"
fe8f5fdac82e3cc4f13118f1,frames/fe8f5fdac82e3cc4f13118f1.png,"[[0.769378,0.777969],[0.197252,0.955556],[0.074382,0.654556],[0.190077,0.614696],[0.096803,0.676878],[0.866312,0.603535],[0.156893,0.718333],[0.664495,0.461314],[0.61788,0.517436],[0.132677,0.480764],[0.579314,0.716739],[0.928195,0.605129],[0.747027,0.644989],[0.634023,0.555701],[0.503978,0.598751],[0.115638,0.55889],[0.9255,0.391476],[0.473485,0.219279],[0.486937,0.402638],[0.495009,0.528597],[0.644785,0.672094],[0.566759,0.576429],[0.618761,0.517775],[0.53178,0.271896],[0.598148,0.391476],[0.41788,0.643394],[0.486937,0.289433],[0.373037,0.475981],[0.517431,0.665717],[0.286937,0.332483],[0.668104,0.550918],[0.365862,0.6992],[0.799045,0.688039],[0.771243,0.372343],[0.025,0.177824],[0.873484,0.6992],[0.114741,0.386693],[0.122812,0.635422],[0.885141,0.479169],[0.061826,0.329294],[0.050166,0.609912],[0.03068,0.334329]]"
fec7d08f66431c664c369430,frames/fec7d08f66431c664c369430.png,"[[0.758687,0.775732],[0.84568,0.871397],[0.542543,0.694417],[0.213395,0.044444],[0.126399,0.829942],[0.477072,0.935174],[0.567655,0.431338],[0.706669,0.896908],[0.421467,0.506275],[0.622364,0.171447],[0.069897,0.766165],[0.817883,0.059837]]"
fecc687f69e0acd6621ae4fb,frames/fecc687f69e0acd6621ae4fb.png,"[[0.095009,0.13637],[0.628641,0.044444],[0.431332,0.735871],[0.540749,0.590779],[0.779314,0.625857],[0.025,0.332483],[0.828641,0.542947],[0.525502,0.23044],[0.875281,0.61629],[0.478866,0.812403],[0.89232,0.303783],[0.975,0.225657],[0.913844,0.187392],[0.40622,0.195362],[0.260929,0.23044],[0.176623,0.928796],[0.75779,0.252762],[0.552409,0.13637],[0.226848,0.141153],[0.296803,0.070998],[0.36048,0.442499]]"
fedda58de84e7b78bc0428eb,frames/fedda58de84e7b78bc0428eb.png,"[[0.443888,0.609912],[0.295906,0.622668],[0.97393,0.466414],[0.755996,0.225657],[0.321019,0.069404],[0.476175,0.055054],[0.585592,0.114048],[0.025,0.386693],[0.13178,0.955556],[0.086938,0.534975],[0.19187,0.509464],[0.173037,0.570051],[0.63492,0.735871],[0.081557,0.729493],[0.095009,0.955556]]"
feec8dfdeb5934cfb72c354e,frames/feec8dfdeb5934cfb72c354e.png,"[[0.573938,0.184762],[0.599125,0.28104],[0.469404,0.178044],[0.388799,0.195957],[0.354794,0.276561],[0.56638,0.247455],[0.507188,0.187001],[0.553786,0.406424],[0.518522,0.858706],[0.440437,0.267606]]"
feedec266fd013cbd6f77b9f,frames/feedec266fd013cbd6f77b9f.png,"[[0.74774,0.639281],[0.480739,0.3706],[0.489555,0.478073],[0.678474,0.345971],[0.75026,0.572111],[0.349757,0.399707],[0.349757,0.285518],[0.607943,0.84751],[0.286784,0.339254],[0.66462,0.587784]]"
ff0eef69166b29da3f5caa66,frames/ff0eef69166b29da3f5caa66.png,"[[0.616983,0.539758],[0.592767,0.450471],[0.181108,0.361183],[0.390973,0.635422],[0.732677,0.562079],[0.744337,0.662528],[0.53178,0.517436],[0.639404,0.444093],[0.188908,0.945139],[0.485144,0.638611],[0.448373,0.361183],[0.44927,0.464819],[0.060929,0.888936],[0.401736,0.289433],[0.625951,0.287839],[0.329987,0.924012],[0.245682,0.566862],[0.550615,0.354806],[0.328148,0.397018]]"
ff1bd8fb6e46ff9680d29786,frames/ff1bd8fb6e46ff9680d29786.png,"[[0.743964,0.639281],[0.480739,0.368361],[0.490815,0.473594],[0.771672,0.466878],[0.752781,0.57659],[0.343459,0.368361],[0.348497,0.287756],[0.601646,0.838555],[0.299379,0.276561],[0.66462,0.603457]]"
ff46e67a79173ab7b40204a7,frames/ff46e67a79173ab7b40204a7.png,"[[0.07408,0.578653],[0.242253,0.477387],[0.068655,0.872806],[0.283845,0.263604],[0.31549,0.356833],[0.30464,0.522394],[0.160879,0.639733],[0.386015,0.477387],[0.33719,0.427558],[0.373037,0.372343],[0.301927,0.445239],[0.449305,0.506321],[0.299494,0.633829],[0.255548,0.721522],[0.559584,0.45366],[0.440301,0.710361],[0.59187,0.614696],[0.61788,0.41061],[0.668112,0.633304],[0.678962,0.464528],[0.642991,0.627451],[0.579314,0.747032],[0.741349,0.769933],[0.650166,0.554107],[0.655548,0.383504],[0.867203,0.600346],[0.967391,0.459706],[0.824156,0.420176],[0.05238,0.515965],[0.026848,0.334078]]"
ff7b2d19f02fcc159dfd693f,frames/ff7b2d19f02fcc159dfd693f.png,"[[0.201736,0.762976],[0.744337,0.219279],[0.467207,0.181013],[0.514741,0.102887],[0.207117,0.880964],[0.264516,0.955556],[0.964961,0.495114],[0.135368,0.495114],[0.127296,0.798054],[0.364068,0.416988],[0.327296,0.72471],[0.76048,0.117237],[0.348821,0.818781],[0.665413,0.158691],[0.453754,0.58759],[0.322812,0.483953],[0.419673,0.517436],[0.33178,0.044444]]"
ffab72f6c35c15247dbba654,frames/ffab72f6c35c15247dbba654.png,"[[0.252857,0.649772],[0.556893,0.321322],[0.426848,0.155503],[0.728193,0.673689],[0.743157,0.430772],[0.855273,0.273249],[0.764068,0.45366],[0.774803,0.046606],[0.535201,0.192879],[0.75779,0.063026],[0.378417,0.110859],[0.442095,0.900097],[0.630337,0.445539],[0.319225,0.447282],[0.443888,0.316539],[0.425951,0.817186],[0.272588,0.506275],[0.286041,0.732682],[0.358687,0.857047],[0.301288,0.503086],[0.365862,0.401043],[0.447498,0.509535],[0.414948,0.520787],[0.58493,0.577046],[0.477334,0.593119],[0.567751,0.442025],[0.364315,0.554542],[0.383302,0.371299],[0.491801,0.626875],[0.517117,0.343974],[0.51983,0.573831],[0.948398,0.810118],[0.423989,0.416307],[0.544242,0.861554],[0.468293,0.385765],[0.490897,0.409876]]"
ffaf01d4219dbebf28d0de85,frames/ffaf01d4219dbebf28d0de85.png,"[[0.406432,0.699735],[0.764115,0.549721],[0.354794,0.289995],[0.395097,0.610175],[0.641948,0.095201],[0.721292,0.269844],[0.726333,0.478073],[0.522301,0.126548],[0.447993,0.625848],[0.585271,0.822881]]"
ffbd3079b8f8f7973f229c4d,frames/ffbd3079b8f8f7973f229c4d.png,"[[0.709359,0.578024],[0.855547,0.721522],[0.443888,0.863425],[0.701288,0.523814],[0.566759,0.844292],[0.351512,0.249574],[0.161377,0.609912],[0.46631,0.536569],[0.504875,0.611507],[0.738059,0.267112],[0.167655,0.874586],[0.771243,0.705578],[0.031332,0.933579],[0.409808,0.546135]]"
ffca2a6d803243d3fcfe8192,frames/ffca2a6d803243d3fcfe8192.png,"[[0.969195,0.485424],[0.737732,0.837443],[0.175727,0.903285],[0.027745,0.557296],[0.063619,0.643394],[0.260032,0.617885],[0.12909,0.716739],[0.866312,0.603535],[0.197252,0.762976],[0.596684,0.475779],[0.586489,0.57324],[0.233126,0.464819],[0.601736,0.735871],[0.844422,0.546506],[0.698597,0.716739],[0.60353,0.603535],[0.526399,0.643394],[0.090525,0.531786],[0.886937,0.402638],[0.422364,0.152314],[0.457341,0.361183],[0.460032,0.546135],[0.571243,0.621074],[0.523709,0.506275],[0.622364,0.554107],[0.59187,0.370749],[0.512947,0.42496],[0.390973,0.702389],[0.562274,0.391476],[0.382005,0.409015],[0.458238,0.58759],[0.221467,0.370749],[0.66362,0.632235],[0.317431,0.705578],[0.84568,0.609912],[0.843891,0.314944],[0.025,0.165069],[0.89232,0.73906],[0.031332,0.416988],[0.069897,0.568457],[0.902187,0.539758],[0.053754,0.289433]]"
